driver_id,name,phone,email,password,latitude,longitude,collected_qr_money,status,version
1,Bui Van Minh,0989962345,buivanminh1@driver.com,1dd65042881f415ceb8ee652efe5897beed4e42582a548fb81b9ba1c084e050d,10.726368,106.748416,160000.0,AVAILABLE,0
2,Huynh Khanh Huong,0352968381,huynhkhanhhuong2@driver.com,563f732e6e971cfc06cbdeacc7d8c42a3968825cb60c03c182ba6594d8593f64,10.774809,106.719654,170000.0,AVAILABLE,0
3,Tran Van Tuan,0979859065,tranvantuan3@driver.com,de8ffca9986cd21b7dd37a04cf52bd27f13270b05f8299ebaa1e6ef47abd4d77,10.782991,106.617652,80000.0,BUSY,0
4,Hoang Van Tuan,0778035924,hoangvantuan4@driver.com,1e7751970ac8ce54c5fe3d1cbb71a17366c4943ce0396029c691ef1b2ab075f6,10.829831,106.749044,150000.0,BUSY,0
5,Tran Thi Linh,0900522803,tranthilinh5@driver.com,f11501318bd096bcd0110b87e52972e8c610cb8bbe05010af1dc3de969ac7a06,10.844464,106.734161,110000.0,OFFLINE,0
6,Le Tuan Long,0326774893,letuanlong6@driver.com,dfdce16c390560086363a3bb56f31d71ec1a7b392c5d450b5befaacbf64227bf,10.823770,106.604918,70000.0,BUSY,0
7,Le Thi Linh,0913349401,lethilinh7@driver.com,8a497222b3d7f4e9cf6af0088f9172a111c91d079a262cf9f5b68733929142b0,10.737054,106.723187,0.0,OFFLINE,0
8,Hoang Thi Hai,0918034532,hoangthihai8@driver.com,d258c079bc71dc6e6a59a12525bbcb38d3aff0acb84185e2471efac297d75162,10.824974,106.738424,110000.0,AVAILABLE,0
9,Bui Van Hai,0986583883,buivanhai9@driver.com,a9e28f2ba1e409bb479131e7407aaf3a773acd3b79730e00cd73ec203c9e935b,10.786566,106.618568,130000.0,BUSY,0
10,Phan Van Hai,0777273991,phanvanhai10@driver.com,5d3ac82fc9cea6a8cb39b0083befdc21906315757cf42e9bc3d2fce1997fd335,10.802858,106.615902,150000.0,OFFLINE,0
11,Phan Duc Lan,0772404916,phanduclan11@driver.com,53265c19a8e791cdd815b4437d25bc153b48ee324df9d66098717af68245ff6d,10.755218,106.663240,90000.0,AVAILABLE,0
12,Phan Hoang Long,0771152197,phanhoanglong12@driver.com,a38977d406cca0811221f052115852b594f495205bfcde8f0eb4738b16029699,10.828945,106.746760,80000.0,OFFLINE,0
13,Vu Hoang Tuan,0974853425,vuhoangtuan13@driver.com,196432e6f83923981424b4236e1da27bd3bfdc2bcb237be6d5de4b09ddf6d3fe,10.798464,106.739681,80000.0,AVAILABLE,0
14,Nguyen Khanh Long,0935376019,nguyenkhanhlong14@driver.com,0e1224cd8d0b898e4305aff0aa46564f9e282c5860aace3206a544b26daa7c87,10.833844,106.601524,70000.0,AVAILABLE,0
15,Le Khanh Tuan,0323385328,lekhanhtuan15@driver.com,055fe145d03261f110172d5eed455f43953857dbb6d2edc3d575349aaddf7120,10.817321,106.643102,180000.0,AVAILABLE,0
16,Dang Van Linh,0917553556,dangvanlinh16@driver.com,7af0be4fb62b42ff36012d34cd4ae58be65bd9cbabe747cf2ccfff8a108f12e4,10.849629,106.681700,140000.0,AVAILABLE,0
17,Vu Duc Huong,0359247892,vuduchuong17@driver.com,6127088b4b4ba2699735e078ed995498fec63e601e196d64c5ce12b1859da871,10.731386,106.624178,120000.0,AVAILABLE,0
18,Dang Anh Phuong,0351938086,danganhphuong18@driver.com,44e1ef4cec6d615af4b8b06fa06f33712b039b79e502bfe96df0b28ced373181,10.846180,106.649368,180000.0,AVAILABLE,0
19,Hoang Tuan Tuan,0986115641,hoangtuantuan19@driver.com,46283d86455aba0895e90c067ccc1b61edb008f1d050183eb0306de0fac39e0b,10.789463,106.648819,160000.0,OFFLINE,0
20,Bui Hoang Anh,0919628581,buihoanganh20@driver.com,e77c21054f889c27f7d53d7e971f802a9f3a52c8d5ebd3f36eda1231cd0dffd6,10.721137,106.714162,20000.0,BUSY,0
21,Vu Minh Anh,0779314311,vuminhanh21@driver.com,e278344fe3a2ddb95ab73a1d7c999bac7eb469e8ee1ba495cce99b5496c46f59,10.737721,106.646773,40000.0,AVAILABLE,0
22,Pham Ngoc Hung,0324294485,phamngochung22@driver.com,bd3b6f55b08475e9f7eb8536dca40bb24ea71f4f7295c3b14bb09d88f0baf6a7,10.743980,106.655969,140000.0,OFFLINE,0
23,Nguyen Duy Tuan,0978455750,nguyenduytuan23@driver.com,1526b253ba1dba3181d13858128c3aa2d8f9ab4e9bdfc639cab3e6ad96ece368,10.762621,106.669978,150000.0,AVAILABLE,0
24,Dang Van Lan,0909444474,dangvanlan24@driver.com,5fafddc2093391c09b362f168319e582156edd6e7d9a99558dcfea1f437df3a0,10.780716,106.692619,80000.0,OFFLINE,0
25,Nguyen Ngoc Phuong,0978306006,nguyenngocphuong25@driver.com,a24fb1c74616cf908d0618a9fb98970f2e286b4380a41c497bd2c32ee78d8117,10.813976,106.718785,180000.0,OFFLINE,0
26,Bui Minh Phuong,0981514563,buiminhphuong26@driver.com,c5e7c933adfb917985bc89b14c66e74bddf24cc5a2ceb3850b4cece32c0a4b7a,10.813647,106.710394,90000.0,OFFLINE,0
27,Huynh Tuan Hai,0328127423,huynhtuanhai27@driver.com,a84bfaec51b6763bde5822b36537387176e54d1fcfc9725e69e3a233b49a5ecb,10.763951,106.668799,10000.0,OFFLINE,0
28,Tran Duy Linh,0325428711,tranduylinh28@driver.com,4ab027f1669193b4916bd6ce86c1388e08517f6adf457a834672fe2e915c03e0,10.774982,106.743069,10000.0,OFFLINE,0
29,Nguyen Khanh Huong,0911178623,nguyenkhanhhuong29@driver.com,86a86a129cc390676aca312c40d55c44b5f209e7eaff1a70d6e85966db8acd43,10.743762,106.627402,20000.0,BUSY,0
30,Le Van Long,0988945484,levanlong30@driver.com,db947121393ae1a344f0f0425bb39ca4866b45feaab4c05943fb4e2cd5901481,10.730757,106.689891,160000.0,OFFLINE,0
31,Huynh Thi Anh,0936877316,huynhthianh31@driver.com,cda260a7074e05cb63556a4e04316a7f62c0aed81e5ec21d289bd9c7f088e064,10.740604,106.730510,110000.0,OFFLINE,0
32,Le Thi Hung,0988501582,lethihung32@driver.com,3159cefcc2bbeea7205e93c758798468c2b642c94d7917166b73ba87f57128df,10.754910,106.743397,40000.0,OFFLINE,0
33,Dang Thi Phuong,0982420676,dangthiphuong33@driver.com,b2c99b427da07f984989831d3d7401d0956e1de0bc3be00c8dc225c00661f288,10.847786,106.634596,160000.0,BUSY,0
34,Bui Minh Linh,0906476500,buiminhlinh34@driver.com,9234fc5e156e53cea46de66950d40613f8cf9b1d157ac3e87250735c13a80e89,10.735350,106.696340,0.0,AVAILABLE,0
35,Le Tuan Long,0932823824,letuanlong35@driver.com,4a9c3b8eb85c1a69efa4a1d1c9ba1df2bf55ebc4b0863aa1a162a0e4685687c2,10.843125,106.715571,150000.0,AVAILABLE,0
36,Le Van Hung,0933948666,levanhung36@driver.com,5bb643354c03877aa0c232ae51f289adb8f262c766e177155e1f17647af6a5b9,10.748825,106.649058,170000.0,AVAILABLE,0
37,Nguyen Khanh Tuan,0350679652,nguyenkhanhtuan37@driver.com,d38ab24b35c22576b0ef2796663320f146d130e158ef1c6d63b28ca454f8ca80,10.837429,106.713782,160000.0,OFFLINE,0
38,Pham Ngoc Tuan,0989070136,phamngoctuan38@driver.com,2d573ff31a54d0d0dc8407a5e44848bdb46a3ca8e5d2e180db048a68287e2f25,10.736446,106.743783,180000.0,OFFLINE,0
39,Pham Khanh Minh,0326829188,phamkhanhminh39@driver.com,e69e4c5f2b1b0cc3970be2740d476539d5c1882f691abe3047e22f5ce4d1a69e,10.801374,106.726413,60000.0,OFFLINE,0
40,Le Van Phuong,0972802977,levanphuong40@driver.com,987ba244401dff6a97a4ba6869bf37ea231622d423ecfa2c9b29bd4f0a461ef0,10.845498,106.697393,20000.0,BUSY,0
41,Phan Anh Tuan,0914107249,phananhtuan41@driver.com,45a9fda3bc314f89624484cc8f8ca117888a7f97e624e2872542277f458f6d5a,10.730654,106.634917,0.0,OFFLINE,0
42,Pham Duc Anh,0773324119,phamducanh42@driver.com,126cbb058515bdee4df36700a929e5f9a6e4a70f074dda2b7a38fb64619e9412,10.726241,106.700871,20000.0,AVAILABLE,0
43,Hoang Thi Anh,0983542471,hoangthianh43@driver.com,24098568150818782fa4e7dda0eaa18cb1947dde3073070740ea29708b7429b0,10.830639,106.700677,0.0,OFFLINE,0
44,Tran Hoang Lan,0902916995,tranhoanglan44@driver.com,32392b394510598d88b6b7d7239ba61bab3d2d809d7bb901eb7670ae6ff25127,10.841051,106.667668,160000.0,OFFLINE,0
45,Bui Thi Tuan,0913513796,buithituan45@driver.com,584914c1f008bb40bd739f6ddb03ec49b1ad59325c35a5c3a731048df3872106,10.777654,106.696436,80000.0,BUSY,0
46,Hoang Minh Long,0935137349,hoangminhlong46@driver.com,c76a7f75e0f30944dac4298d7c09853dd8dcbc82d1a6fa8d6770883b8422a553,10.769844,106.621082,40000.0,AVAILABLE,0
47,Huynh Ngoc Linh,0935580370,huynhngoclinh47@driver.com,30ee16e52f15b1ddf90b2bcb5c798685b02058ee8c8931818f058f9839370966,10.832426,106.679092,90000.0,AVAILABLE,0
48,Vu Duy Hung,0916942497,vuduyhung48@driver.com,c303754fe47523f7653649ded621e683807deb8b46e694efda28e4a50636c72b,10.761848,106.617412,130000.0,BUSY,0
49,Huynh Khanh Long,0979935124,huynhkhanhlong49@driver.com,15eb311cc6c7ab9c28002d4293a5afc409c3d39d116f7be049d11e5625115fd1,10.741999,106.734695,80000.0,OFFLINE,0
50,Phan Thi Phuong,0917788436,phanthiphuong50@driver.com,a7cd57796d96765b227e3497ac65c44db9211ce27263272d3d64b4d6738c7524,10.769122,106.682508,120000.0,BUSY,0
51,Huynh Duc Phuong,0916213649,huynhducphuong51@driver.com,a5a041f1218a7b691de5bf2f913233905c8192baaa01906c75ed33ee7bb3a903,10.791959,106.615215,190000.0,AVAILABLE,0
52,Nguyen Ngoc Huong,0982419875,nguyenngochuong52@driver.com,93cc3b8d19ed8767a0ad1b54de5ef3fc2a8e205bf0ae41dbfe901b503e7095d1,10.803820,106.641683,70000.0,OFFLINE,0
53,Huynh Duc Minh,0901436846,huynhducminh53@driver.com,572b1aad9fc6c48420dc22a8930fe0a6957bbc9eb74f11f88d445e8994771ff1,10.745824,106.692945,150000.0,OFFLINE,0
54,Nguyen Anh Linh,0983175112,nguyenanhlinh54@driver.com,690a45d1be77ba32500079f0083a0a5a7124c3a81a284933853faa61d4d6592b,10.756677,106.620497,130000.0,AVAILABLE,0
55,Huynh Duc Tuan,0901261548,huynhductuan55@driver.com,f1f81be3f9fe3870329667f098850b08d901014f7267cbd137cbe8b6f6ce813d,10.799428,106.696163,50000.0,AVAILABLE,0
56,Bui Minh Hung,0988526674,buiminhhung56@driver.com,8d2919530c4ae767295b98af333790c81b44300cacc2e8c9ab2615179623f99b,10.767029,106.681228,150000.0,OFFLINE,0
57,Hoang Ngoc Long,0353547463,hoangngoclong57@driver.com,d87fd6238b93e3d2ddfb73eebce8d57eb3239dae8a83c3e8406363407a166f80,10.783994,106.749586,130000.0,BUSY,0
58,Le Hoang Phuong,0979006046,lehoangphuong58@driver.com,1dfd84d71a73581f8f9b7169479c7d21022763e66566e2c6459e64e7fbed204c,10.814421,106.608847,80000.0,OFFLINE,0
59,Bui Minh Huong,0906563181,buiminhhuong59@driver.com,87ad2982bc32257ce72daca672d98e8d919ce73ea0346804d4478137585c2187,10.771502,106.719609,110000.0,AVAILABLE,0
60,Bui Khanh Anh,0359854390,buikhanhanh60@driver.com,9d33a88495f9f4c44619caeaec7af192b68233963b3654227acd3cb183d14e06,10.752805,106.728691,130000.0,OFFLINE,0
61,Nguyen Duy Long,0774707317,nguyenduylong61@driver.com,43ee71dab6eb327e057decdcfe05b890ddc7f4b975fce403c3dcccfc2f6aca68,10.787931,106.746793,0.0,BUSY,0
62,Huynh Khanh Linh,0355527297,huynhkhanhlinh62@driver.com,59a78e6fba8f4afe41cb9e09f4e151567a9aa294029ffadd1ab6f9effdd786bd,10.777833,106.680394,20000.0,BUSY,0
63,Le Ngoc Phuong,0935365379,lengocphuong63@driver.com,31354f43de9599b6d461b719b59081c4bbc9671c39b33bb3295978368274a19e,10.733759,106.742909,60000.0,BUSY,0
64,Phan Minh Hung,0904015445,phanminhhung64@driver.com,f1e53c01652df1ac56dc1ba7a461126fcb96fe053ee006e0223037681c16c785,10.772081,106.646302,140000.0,AVAILABLE,0
65,Pham Duy Minh,0776889924,phamduyminh65@driver.com,005edcaca4b7bef1b3fd54606af114d8fddc4d8d3d6f8b2927eb0b534332aadd,10.769854,106.630780,120000.0,BUSY,0
66,Nguyen Minh Minh,0355486417,nguyenminhminh66@driver.com,68bd74c2bffe1a145d1ac98d96f258be813deed902281e52e0b29215c32038bd,10.802605,106.628077,190000.0,OFFLINE,0
67,Huynh Thi Tuan,0327778925,huynhthituan67@driver.com,9e5bc0efdc8b6aca807110d8aa169e4af33942e1f624880b6f32634d6e1264a0,10.748967,106.721981,60000.0,BUSY,0
68,Pham Duc Lan,0904730512,phamduclan68@driver.com,a5db5f2416e499bb5e1d3532a2f86a77bda110c29684bef3380c04e29d0dd210,10.844748,106.655914,120000.0,AVAILABLE,0
69,Bui Van Hung,0970136685,buivanhung69@driver.com,80717b98757621ced59e7e8b0650e417908b6aa51a4907e43759fc3dd20c74aa,10.729441,106.703944,0.0,BUSY,0
70,Hoang Khanh Hai,0353709272,hoangkhanhhai70@driver.com,f72a08d49736a20e13356f33e1349d89b4e4f2d01b89ce94d310bf8260cb2589,10.721923,106.683816,40000.0,OFFLINE,0
71,Nguyen Anh Long,0773301177,nguyenanhlong71@driver.com,64cdd5666f929b1feb755cafde661b3d5587876acca6e0fc7d8d5f707fe11fc3,10.824161,106.731009,80000.0,AVAILABLE,0
72,Dang Anh Minh,0903503651,danganhminh72@driver.com,2e292cba8359515f93860df3eaa830e7b3ded79b9f3cdfd454a7863e96ba5271,10.755737,106.666734,60000.0,BUSY,0
73,Dang Anh Anh,0909920040,danganhanh73@driver.com,49fcd76874885bae99afe3b0a5cbe1f8099fbed0f4aca06092ab0ee7b7fc773c,10.728094,106.709949,120000.0,BUSY,0
74,Phan Anh Hai,0357488916,phananhhai74@driver.com,3ef8376cdd30062f9bdf6d3269d996e62c1ec0fbb34d2a3b7b53b8989ca5c4a7,10.765700,106.701199,0.0,OFFLINE,0
75,Hoang Khanh Hai,0972323187,hoangkhanhhai75@driver.com,2535f6ea5d523958658fa389878071bac332ebf0e2127c134fe491ba66405719,10.745116,106.731244,50000.0,OFFLINE,0
76,Hoang Khanh Long,0916849984,hoangkhanhlong76@driver.com,b195b3c3e17213b59ae3d62e370eee2569f0ab8ba619e0eb2539c4a6278f4935,10.818616,106.711199,180000.0,OFFLINE,0
77,Huynh Van Hai,0932747945,huynhvanhai77@driver.com,62163defbe8893628b2e6b3aac6086ba38c1b49420694641fc5db4e12885b77e,10.819014,106.748334,180000.0,AVAILABLE,0
78,Hoang Duc Hung,0970776995,hoangduchung78@driver.com,795017686ba54d24c7b438bf68ceee448bae6a745cf936a3155a049930204f45,10.804106,106.699026,30000.0,AVAILABLE,0
79,Phan Duy Long,0972048098,phanduylong79@driver.com,738048dc3205d7b69fac87bb2eca9a293af36b2d7dd138b563b905092f5eb043,10.847182,106.648894,150000.0,BUSY,0
80,Pham Minh Long,0325589329,phamminhlong80@driver.com,25a688a71491aa20f1d60b46460022c663d2a0c86112c9a8fcce7ecc597adffc,10.778491,106.615660,40000.0,OFFLINE,0
81,Pham Duy Long,0328691377,phamduylong81@driver.com,0d6a86857f1931a30b70b0498fcf7b2d44db91ff71897a497064553de54d2081,10.720766,106.666153,20000.0,OFFLINE,0
82,Pham Thi Phuong,0981344279,phamthiphuong82@driver.com,2f97063a284ca24ea4ae45136c561a4e17c2f321ade58c6b3b1cc94a6cfc6400,10.817122,106.636716,120000.0,BUSY,0
83,Huynh Thi Linh,0771569269,huynhthilinh83@driver.com,1d50753668b1ae2992fe55b15f5f02e9675cb61b66f8dc66df0ec80095d6cf03,10.788857,106.655763,40000.0,BUSY,0
84,Pham Duc Linh,0914090448,phamduclinh84@driver.com,13d8ff9ea9e3e64189ea4d11614153bcf051aa8e6f8ccde079ff205ff537d7b2,10.754745,106.634937,60000.0,AVAILABLE,0
85,Bui Minh Linh,0911114564,buiminhlinh85@driver.com,76d650afd7127114426012084eac8e36edbe89f1b3e452b42ce96c1d2936730a,10.756818,106.606336,190000.0,BUSY,0
86,Hoang Tuan Long,0324952926,hoangtuanlong86@driver.com,5a368036c816e667eac036c0c7ef31b4db10f2aeb62618126ee2dcfe5ec8c819,10.795770,106.658348,40000.0,AVAILABLE,0
87,Hoang Ngoc Lan,0357756484,hoangngoclan87@driver.com,95446adc9d9a9bd5dd279fd7f982332ae455330fe3490a66bc3df16cc0b8fa27,10.749389,106.603027,90000.0,OFFLINE,0
88,Pham Minh Hai,0326517196,phamminhhai88@driver.com,92bbc902cb2c880689ccc009a999575f4be16eba423a3662442e8c4c5fdf97bd,10.849628,106.705505,190000.0,BUSY,0
89,Huynh Ngoc Anh,0776724608,huynhngocanh89@driver.com,446184bdbba2384ea944de1539fff3df9b84632dc2eb35966ee782d880e3dee3,10.736257,106.684288,190000.0,OFFLINE,0
90,Bui Khanh Hai,0320702548,buikhanhhai90@driver.com,bffe736221023829867c5f74ed443e360d396cc12e88a776317d7a2c2d2fa3dd,10.764047,106.704468,80000.0,BUSY,0
91,Nguyen Duc Hai,0354300730,nguyenduchai91@driver.com,28ea04e8c854358a55649a8ddd84d613a2840801f1f810f140476fc29c296fec,10.774976,106.710955,190000.0,AVAILABLE,0
92,Pham Hoang Anh,0989776258,phamhoanganh92@driver.com,4bedfb18592e236781bcb860d3c561c77b4886d193bb0a08e3a2de9804a349d5,10.779728,106.717731,100000.0,AVAILABLE,0
93,Bui Duy Linh,0916124565,buiduylinh93@driver.com,a33c96762c865a0018712acbe177203fb1f3468ccc053cede15c864570150f98,10.771228,106.704379,140000.0,OFFLINE,0
94,Huynh Khanh Hung,0903733616,huynhkhanhhung94@driver.com,7e16fe6ad3c11d9ec0ec5d81a91185594ac8e7235128260a614a90c25050cf82,10.729427,106.657515,0.0,BUSY,0
95,Nguyen Hoang Phuong,0981416792,nguyenhoangphuong95@driver.com,bfcbe405321a753543a8c2eb77f09b7033e74c6307c2d7bfc8ec67f83e64ab75,10.723577,106.667012,50000.0,OFFLINE,0
96,Pham Ngoc Minh,0918727964,phamngocminh96@driver.com,2db88355e8586f895a7dbfffc14c4dd5dc8914a4be398666563f8f207a867a56,10.795253,106.676753,180000.0,OFFLINE,0
97,Huynh Anh Long,0354598616,huynhanhlong97@driver.com,9a2b10c54e02c1a3bf264d2be68727e2af8c931065ab8b199ed0f2493d2cbf43,10.743275,106.702733,30000.0,OFFLINE,0
98,Vu Thi Lan,0776650896,vuthilan98@driver.com,eb8533f48bdc16de4363eb965e1f1bfb7317999c47836dd73d683dce0e0507bc,10.833670,106.716750,30000.0,AVAILABLE,0
99,Tran Hoang Phuong,0919640603,tranhoangphuong99@driver.com,b929221e85f3ad60b21442d336024e18972ba3152da693d212e9e85fe9fd613e,10.815334,106.699552,170000.0,OFFLINE,0
100,Pham Thi Minh,0324030995,phamthiminh100@driver.com,562dbb4219c541b6a3808ee586b348c511164113988a947bf3e318c612b05d29,10.752814,106.612619,190000.0,OFFLINE,0
101,Pham Duc Long,0917638393,phamduclong101@driver.com,53ec2b09bcae4dc0485877a5ca36be3060468e75b1381a14144ea3b082dfd385,10.794215,106.633446,190000.0,OFFLINE,0
102,Pham Ngoc Lan,0329938666,phamngoclan102@driver.com,7278803a63f476a7ab51f2e1bc774746fb2ee2017fb412429a3fec88a79a464c,10.830224,106.738762,190000.0,BUSY,0
103,Bui Duy Linh,0773040007,buiduylinh103@driver.com,2932c0eccecfabbcdff2e19d75856e810cbd05c08f603d2045a6992e9b716b76,10.781332,106.646007,10000.0,OFFLINE,0
104,Nguyen Duy Tuan,0774125092,nguyenduytuan104@driver.com,105749738a12892d91aac608f514e388a0fb6a7ee187a749064d8ea0bd88dfef,10.794456,106.643280,70000.0,AVAILABLE,0
105,Huynh Anh Phuong,0325136989,huynhanhphuong105@driver.com,4c6721be63484ffdcfc8fc4d599afdf9c6133b68e029fa443cbc33af7538f944,10.822095,106.696260,150000.0,OFFLINE,0
106,Hoang Thi Anh,0901161753,hoangthianh106@driver.com,464a8101b783f05f2f4a3ca7e27ba2d2b610d0f664d2efbbc7aed9b11097a1a1,10.794062,106.652914,10000.0,OFFLINE,0
107,Pham Thi Phuong,0326053316,phamthiphuong107@driver.com,c2064ed099abe6a3d4e402534cc64089e46d3100c237da6835235ebc86c3419b,10.785686,106.736393,170000.0,BUSY,0
108,Phan Duc Linh,0916718458,phanduclinh108@driver.com,88bb002e8b82db58690d71088efc32f692ee49a8c42eb5262eea82ec0fad80ee,10.812256,106.738830,160000.0,AVAILABLE,0
109,Dang Hoang Hung,0985638798,danghoanghung109@driver.com,555e90df18f86becf41a3fadbf8d5a1cfeaa9333d1cfc65db224d93ef358a0a8,10.760648,106.638921,20000.0,BUSY,0
110,Vu Khanh Linh,0914228298,vukhanhlinh110@driver.com,42c54d6e6781a959f3ea70717babf5c61f23594f8c932578926f2067c6a56917,10.769646,106.653432,70000.0,AVAILABLE,0
111,Vu Duy Anh,0902406637,vuduyanh111@driver.com,a8d81b8ca048991f71afb6c0f30d24dd00206618f98b45c70991530ef7fdf805,10.765441,106.707169,80000.0,BUSY,0
112,Le Khanh Anh,0900222432,lekhanhanh112@driver.com,0457471aea88ad2040bd56974ba76b0874799e981812f5654b8a2716bf1ea2eb,10.759595,106.738627,80000.0,OFFLINE,0
113,Bui Thi Phuong,0356952022,buithiphuong113@driver.com,03dd97f27038b1aecb07ee6561fca063ee6465d5a7ede0fe802849cd7b772b1c,10.722051,106.658953,170000.0,AVAILABLE,0
114,Dang Khanh Huong,0328755209,dangkhanhhuong114@driver.com,8f5664a05581f788c869fc7268f37e4f2b16b475b90b35ddae33b94d67fd3fe5,10.821873,106.718229,100000.0,AVAILABLE,0
115,Huynh Duc Long,0988724081,huynhduclong115@driver.com,6ec102e24e7091fad51676f132e2ef43c4e08dedab158c5a6dc248e47d208c47,10.805673,106.705577,110000.0,OFFLINE,0
116,Bui Thi Hai,0978549288,buithihai116@driver.com,578bd800a44e378d6f74a2566dba91edce688b68a81aad146fa12ca100f63a57,10.817492,106.736196,150000.0,BUSY,0
117,Tran Duy Tuan,0772822258,tranduytuan117@driver.com,3e4986a7b4346a5995d4499b28f0444ac635a1e196693d2b9617397fdd46dd2e,10.750091,106.614394,160000.0,OFFLINE,0
118,Le Tuan Anh,0324771635,letuananh118@driver.com,d3ce4e4344a55ede25ac77ea5d221fbcfc9fc9a4bb55dcde02bce8204bce3b2d,10.758354,106.734034,70000.0,BUSY,0
119,Pham Khanh Hai,0914761498,phamkhanhhai119@driver.com,4553c8f75d24190edc4b0b574e616c68eb9fd7c5ffcb91c666cdfefdf27e82ae,10.797668,106.653020,110000.0,OFFLINE,0
120,Le Thi Hai,0934721188,lethihai120@driver.com,28a5e8d166e0483d0fd4292fd3a6edf08974f04574c3d4357a129633336cb45e,10.725094,106.603108,170000.0,AVAILABLE,0
121,Bui Thi Huong,0916458476,buithihuong121@driver.com,67f612deb695cfd35b60c7a71d166dcc728e658b0982ab5f1a5d9a48132c87f3,10.840591,106.740904,90000.0,BUSY,0
122,Tran Minh Linh,0979362688,tranminhlinh122@driver.com,6cbce2446194ddc839204f0afb9127fe468427e0a72f4497dd411a9cacf349ce,10.812826,106.718949,20000.0,BUSY,0
123,Tran Tuan Huong,0975450802,trantuanhuong123@driver.com,ba627c5ed1e6333258c6c6b8c97a913a76e4f233c8b86fd616d7c3295c3b01c3,10.790705,106.661605,190000.0,BUSY,0
124,Nguyen Anh Lan,0907542343,nguyenanhlan124@driver.com,21256398f96d51786965f87122676c2dc18d11af4f04dc49779c3913ae03dfd0,10.815081,106.625596,30000.0,AVAILABLE,0
125,Hoang Duy Anh,0774612105,hoangduyanh125@driver.com,4005223011c48ae16682fd1d41f68408d5bc59dcf4d492bc60f4536e665b3e46,10.741521,106.683423,110000.0,OFFLINE,0
126,Phan Minh Minh,0910688821,phanminhminh126@driver.com,2df380e4185a4c8d865fab488d5525468f0c9cbfd29b3254798f9f6a26d0c9c4,10.783689,106.741363,0.0,OFFLINE,0
127,Pham Thi Linh,0356683085,phamthilinh127@driver.com,c49fd9cf9ea856dbd98f9bdf70261e48f0b17956b1b1c8b735f9a42b956b2df8,10.750385,106.723541,140000.0,OFFLINE,0
128,Bui Thi Linh,0356505954,buithilinh128@driver.com,e02b4a8cfe28dd32a575f131d1c914822beb3fc810d9bacf89c42904751bdf5b,10.837395,106.736128,160000.0,OFFLINE,0
129,Huynh Hoang Anh,0919091049,huynhhoanganh129@driver.com,586bdf6b686f592744adc93f2b9d3feca2ac0cab1a6e15a14ad261d66be8afea,10.778982,106.701783,160000.0,AVAILABLE,0
130,Vu Tuan Lan,0939264621,vutuanlan130@driver.com,451759969e7216c9d428e99ece13134f1e5d3785557c5b129a39bed2b32ed586,10.796897,106.603263,190000.0,BUSY,0
131,Huynh Tuan Hai,0910756904,huynhtuanhai131@driver.com,80f049106db1f431872f246c2ce6408db38da38218a567b639e66957e1ad22d1,10.761749,106.717708,150000.0,OFFLINE,0
132,Tran Minh Minh,0938517502,tranminhminh132@driver.com,d6ae8157b20d6c4090eadc6aaf932d7b3b160bb1e1fca84845eb8841cf465f30,10.733098,106.691098,50000.0,OFFLINE,0
133,Phan Tuan Anh,0321395509,phantuananh133@driver.com,eab26e8ee41d4ef9d8129b49d452a3157a301e4b63e37d4ba2cf4e43da2be931,10.831585,106.704027,50000.0,BUSY,0
134,Tran Tuan Lan,0327565578,trantuanlan134@driver.com,a69f2c3f3ac66370f5a2488c6000b010a5729486c3266fdd9b8e7d346efd55da,10.773098,106.739536,0.0,OFFLINE,0
135,Bui Thi Hai,0911947575,buithihai135@driver.com,118a47e1e192e536eeb96ab7a437effcc566428e6c8b3dd0f92cda1e082dabab,10.794490,106.704551,180000.0,BUSY,0
136,Phan Duc Huong,0972468066,phanduchuong136@driver.com,7717555f5ac94ef3b338fe45cd9ff1cb721365d76d99cf86f81904b3bb563bad,10.756522,106.711703,100000.0,OFFLINE,0
137,Tran Duy Tuan,0328273530,tranduytuan137@driver.com,64003180bcf300f45a28e71ec968484e4af17bdfae5d6cc2a98a5f851c96c80c,10.832988,106.674012,120000.0,AVAILABLE,0
138,Huynh Minh Long,0983245636,huynhminhlong138@driver.com,5770e1ba9cb62ed5e3e8658a7d7f5bb9cb92d522b2afd06cca1feae5b207eb2b,10.828123,106.712086,100000.0,AVAILABLE,0
139,Phan Minh Hai,0771897158,phanminhhai139@driver.com,355b8ef7e50a6f92082e55238caf73649a45eb0aa9a295fe6accf92a3aeae36d,10.772082,106.653981,80000.0,AVAILABLE,0
140,Huynh Duc Minh,0938661547,huynhducminh140@driver.com,6834507340dda9828085fa7ac0a0702509d6c96a0c12ad9df0fc334b432ef888,10.780157,106.723856,130000.0,OFFLINE,0
141,Huynh Duc Hai,0776496157,huynhduchai141@driver.com,47e16e223fd692c0255cabf614aa8008793289ecbcade2c4d2c1574daccb2e95,10.755744,106.676674,160000.0,OFFLINE,0
142,Pham Thi Phuong,0328232533,phamthiphuong142@driver.com,25bc3c86cb06f18ca05b31992504303ff2aeba0912dcd08af85a830550dafd5a,10.747697,106.740667,70000.0,AVAILABLE,0
143,Dang Hoang Linh,0354767295,danghoanglinh143@driver.com,3a2e4cc9ec5e39d89ae2705350d2e873adbc25d1771e4a638e5dec94390ca400,10.800867,106.644492,180000.0,OFFLINE,0
144,Pham Duc Hung,0934569610,phamduchung144@driver.com,c7d256b3742fd45359a919c3c84920f586739d703bed98151a6f60216def0d5f,10.777276,106.617777,120000.0,OFFLINE,0
145,Vu Minh Lan,0320988271,vuminhlan145@driver.com,863df03eff88b14a7e4dbb68d6cbb567b668a77390622c58a1b5bf7f4f11aebe,10.793457,106.628225,50000.0,BUSY,0
146,Hoang Thi Phuong,0320778823,hoangthiphuong146@driver.com,80a754c5c2ea56ae0ac8f11ab25eac33cac58711b94cd0b6ae7748f1537b0ea8,10.809296,106.704494,20000.0,OFFLINE,0
147,Hoang Khanh Long,0771495057,hoangkhanhlong147@driver.com,201b176232cd70f54ea02f7fd1b0ad7a6aa1aa96954376f8ac5986d035ca73bb,10.769209,106.675153,120000.0,OFFLINE,0
148,Phan Duy Hung,0977383974,phanduyhung148@driver.com,40d32f285c5a91b34ef32d98d42355f6cc969602c16505cb97650edb0e247d0c,10.841349,106.606215,60000.0,BUSY,0
149,Hoang Khanh Long,0989706087,hoangkhanhlong149@driver.com,150d3673a2163b0f80903cae54c1f53d401df0dec6f5f0cc7f29b342116bebfa,10.768742,106.727947,170000.0,AVAILABLE,0
150,Le Duy Linh,0329001571,leduylinh150@driver.com,90f8ba45babed6475a60a90e7604a43935f8a71203dfff18f53d857b43fba865,10.810309,106.601214,50000.0,BUSY,0
151,Tran Khanh Long,0771809337,trankhanhlong151@driver.com,e578111327bdf8a66d94153cf0cb2ead0d4215c5373a500c9c30cc3280aa59d0,10.738455,106.739111,10000.0,AVAILABLE,0
152,Tran Tuan Huong,0937602070,trantuanhuong152@driver.com,a6e2a75934dd3f07c6c4fb4df2f1d2a9167a98b736e120d1208a2f31d4f07b5b,10.745320,106.731703,120000.0,BUSY,0
153,Bui Anh Tuan,0909523447,buianhtuan153@driver.com,3d0f1f65f62ae3dd2f636a971747fc706c8834a2b357579afe291ca2b97d036e,10.731878,106.703963,0.0,BUSY,0
154,Huynh Hoang Phuong,0988718144,huynhhoangphuong154@driver.com,1f47265690d21af619e3d82fe2f75bfe7561ac6a7fc1cb4e9da51f7ba9683898,10.734267,106.720037,0.0,BUSY,0
155,Bui Ngoc Linh,0974752353,buingoclinh155@driver.com,b5895ac4735ce30240a52f94b42e19c7d269068ace4dd1987100a2ed6c36b61f,10.735112,106.652839,30000.0,AVAILABLE,0
156,Nguyen Thi Anh,0980725251,nguyenthianh156@driver.com,aeb91cf79cdce8e1b5a8c57c3c2b41566e9d982b08e2e77a3a544e095294e321,10.784246,106.616995,100000.0,AVAILABLE,0
157,Le Ngoc Hung,0328347902,lengochung157@driver.com,1f01e7a4a02c20e1ce682df5f187e970ca224d840c7888c573cb061b358e3c49,10.736398,106.678677,120000.0,AVAILABLE,0
158,Huynh Van Anh,0354547565,huynhvananh158@driver.com,b20cea8da5b082665a49ed1eb781d2b9cf79733a16a185c1d4f0f051f7b91ebe,10.759623,106.744028,160000.0,OFFLINE,0
159,Bui Van Minh,0908289454,buivanminh159@driver.com,07238ae42f018228a5a5aead59a05164036eb02dd7286d30d045be5e02f06e4d,10.838714,106.633726,100000.0,AVAILABLE,0
160,Tran Ngoc Hai,0931837920,tranngochai160@driver.com,8a2e22efe9c966eb96f098197c4a233c2e71baab69836745323f5ce760bd8ef5,10.760338,106.734951,130000.0,BUSY,0
161,Tran Ngoc Hai,0936896741,tranngochai161@driver.com,f6a87f11d40fd9cf15506b036505e4469cf86657091c718664cf652eee70cf1c,10.769473,106.709131,170000.0,BUSY,0
162,Hoang Thi Hai,0778297539,hoangthihai162@driver.com,8a376799678daf77746c4b852df7149831f0bfa337c2af4b5567400c67ccd081,10.825229,106.614102,70000.0,OFFLINE,0
163,Pham Van Huong,0911076895,phamvanhuong163@driver.com,0e1213a03969033ba454b057f57472672281af22c59b927739d733e398758b12,10.818966,106.649993,180000.0,AVAILABLE,0
164,Pham Duy Tuan,0973089998,phamduytuan164@driver.com,690a4441d05cf2f93e233270d810fc766561a7856ce018fa66c7f2ec2c3a751f,10.753600,106.605450,120000.0,AVAILABLE,0
165,Le Thi Huong,0918273229,lethihuong165@driver.com,54b3445e42b6217d7c4cdf8b17d039ba392f78b7a72c3736d42c544bb1d72988,10.814729,106.687378,10000.0,AVAILABLE,0
166,Huynh Khanh Minh,0980576467,huynhkhanhminh166@driver.com,45d29dbde02ab18550777d6e3a78f8aca8b4150568f3f1db98c65ce3d84a9aa9,10.836626,106.723633,190000.0,OFFLINE,0
167,Bui Hoang Minh,0353595544,buihoangminh167@driver.com,cf77b3afe896ac4122954f8be178e1624de31d91119bc8aeb6177bbafd9b35b2,10.753942,106.665735,60000.0,AVAILABLE,0
168,Vu Anh Long,0776286616,vuanhlong168@driver.com,1983bacd0eadc198b25e7abd3674d17d04e018c58e188f09c9c0001bfb21bc6d,10.735054,106.600011,110000.0,BUSY,0
169,Huynh Thi Hai,0911934190,huynhthihai169@driver.com,cafa63800b674b2b925f1439e889cd39a3ae89d44f96a257ffe0e5065f373705,10.815350,106.652617,30000.0,OFFLINE,0
170,Pham Khanh Hung,0352201456,phamkhanhhung170@driver.com,f5c6379923d3130f6c3c39007bf6dd4ddfe9be8f57dfdc8b25367be52b03afab,10.829212,106.653091,20000.0,OFFLINE,0
171,Nguyen Duy Linh,0910029829,nguyenduylinh171@driver.com,aed745d8017031b9957bab614e7c00e0ed927f21a118c5f539791f80763fbfed,10.803336,106.745910,50000.0,OFFLINE,0
172,Huynh Minh Hung,0325680079,huynhminhhung172@driver.com,3dca368358c8eaff276d52931de7b7cb71bf29f5d8bef94404e058da932f4925,10.733613,106.662049,80000.0,BUSY,0
173,Le Anh Long,0320338179,leanhlong173@driver.com,04186757955530bc463e7793a7a49cf50145718c3e5bcbc48f30e72514661378,10.774824,106.687053,190000.0,AVAILABLE,0
174,Vu Khanh Huong,0906643168,vukhanhhuong174@driver.com,4f80e1c30f27e22b7f5ab5e6aacb85d302ee8812a9392842a87f3508eff55fc6,10.791151,106.697297,0.0,AVAILABLE,0
175,Huynh Khanh Huong,0937408419,huynhkhanhhuong175@driver.com,31cbed862ce26662410e5002b76cb682969ac3e331c1ff0a1908dee516458049,10.835495,106.725866,120000.0,OFFLINE,0
176,Pham Duy Anh,0973397131,phamduyanh176@driver.com,cc0cb75a23601f3ec0dc4e0ed0981c342585745906f9aa28178d172cd8f8765f,10.765192,106.651308,170000.0,OFFLINE,0
177,Le Hoang Phuong,0775328360,lehoangphuong177@driver.com,8c64bfa07a7cb81701ba26690ce4ca24edd7331798579eb573c50bd043b23227,10.789670,106.605703,100000.0,AVAILABLE,0
178,Hoang Khanh Long,0351089581,hoangkhanhlong178@driver.com,e683872007c35b6f77386c8ebddb19ef682c4336598975ac6e6dbada4f177a92,10.787033,106.633212,10000.0,OFFLINE,0
179,Pham Duy Tuan,0984695650,phamduytuan179@driver.com,e85b7dc876f64d7f6256a17ab54dfa17ddafae893605cfe9f968541e040ebfc8,10.727687,106.708585,110000.0,AVAILABLE,0
180,Dang Duy Hung,0325095111,dangduyhung180@driver.com,8978d18220a53c6420b95ae0cbb7ffa2b39bd5fe4c62d82ffbf93aa8f9d316f9,10.721499,106.708859,80000.0,OFFLINE,0
181,Huynh Thi Linh,0355624654,huynhthilinh181@driver.com,df50c741af03e8b7a3cf83b46c5bbb01346565a085d38b935102a1eea3e1fc94,10.832772,106.656098,190000.0,BUSY,0
182,Phan Minh Phuong,0323217419,phanminhphuong182@driver.com,c7ec96291074b7047bad12dab4589a021b5e97aec3be8aedc9aafb158c703341,10.745262,106.661137,150000.0,OFFLINE,0
183,Tran Duc Linh,0911456238,tranduclinh183@driver.com,9455499397b89a2dc75128d460a6fa5e906daac0141c55565bd6e07369a785bb,10.787524,106.605287,100000.0,OFFLINE,0
184,Nguyen Van Minh,0917413471,nguyenvanminh184@driver.com,d7e2124f34c00031c7d9d5ee0ee85a2bf1f20949b4e74934de7cb7125dfe59b5,10.811481,106.659919,20000.0,OFFLINE,0
185,Hoang Anh Minh,0986813197,hoanganhminh185@driver.com,7560f236bcd41a3566fb9d8e448fad0579584132ed168ae21e3d341a2d492dc2,10.821572,106.689378,180000.0,OFFLINE,0
186,Pham Thi Huong,0917870574,phamthihuong186@driver.com,bf9c895ff843af9dd81129e3a031024f5d55702aa2afc79175dec268fa22004f,10.849193,106.690405,90000.0,BUSY,0
187,Le Tuan Huong,0356864979,letuanhuong187@driver.com,4a204a7d7d3dcf4d3d393eaf01db1008e9be7d7b203d7267e188efcbfa4d1722,10.731813,106.747552,170000.0,OFFLINE,0
188,Bui Minh Minh,0987250480,buiminhminh188@driver.com,b13ccf4e73982542bc182f0ffaa2277fd7dc1598d1c3922a3bf8d5a0b5e51c29,10.805700,106.691104,140000.0,OFFLINE,0
189,Vu Duy Huong,0903366304,vuduyhuong189@driver.com,e10d9fcb553ce199e6e6640473846508a86e9cc829790637d8d0f3e39f440e62,10.843242,106.731926,0.0,BUSY,0
190,Phan Tuan Huong,0988944179,phantuanhuong190@driver.com,625e3ceb1b89b06e58ab7ab56e1fda47edf3a3d6a6f65bd736d44417a2558673,10.826249,106.608652,140000.0,OFFLINE,0
191,Le Thi Tuan,0321300168,lethituan191@driver.com,e7f1cb7a3d4138316c113ed8daaf691751ed58cf14cb3ce218e9491b1a0cbe90,10.822288,106.717093,110000.0,AVAILABLE,0
192,Dang Hoang Hai,0325760723,danghoanghai192@driver.com,a530ca2843011936c2cbaef1b89fbf7a905d44c8ac832a3764f41739fcc98987,10.830421,106.728914,10000.0,AVAILABLE,0
193,Pham Anh Huong,0981656887,phamanhhuong193@driver.com,7c2d959bccf6615d2682e550725ad85f962dc6068ae58b430bed3244c0260591,10.758926,106.656521,90000.0,OFFLINE,0
194,Tran Tuan Phuong,0972125552,trantuanphuong194@driver.com,7c71b83b03332f2938ccf3aaec5a38ee0b38d3dc4fc07641b3dd7d3c4464fb22,10.786597,106.749103,70000.0,AVAILABLE,0
195,Nguyen Minh Long,0320795404,nguyenminhlong195@driver.com,16119c3565e55ab0c1c4df8f49addb5289e9583c7c3a373e47ca3131bf97cb5f,10.786465,106.724381,80000.0,OFFLINE,0
196,Le Duy Hung,0935117951,leduyhung196@driver.com,c93c45841bfeb59be90557e98b42e47d53875bb6f47ab787a8e1a5ed5b19bab9,10.776314,106.724209,190000.0,AVAILABLE,0
197,Hoang Khanh Linh,0978893421,hoangkhanhlinh197@driver.com,609ef2541850312903be7a2f473cc48770f1126a024782f47ccd9015a5bd044b,10.833073,106.739155,70000.0,OFFLINE,0
198,Le Minh Tuan,0328849377,leminhtuan198@driver.com,6cc013c80eea323b9f0308ef3bad76df1eec7175762b8afa7796fecc3a6e895b,10.775285,106.668868,30000.0,AVAILABLE,0
199,Tran Thi Tuan,0912916340,tranthituan199@driver.com,f274144c6b37f1aa909e0f8e9284f78ec2f31033a827fb49b51d82cf5ee56e6d,10.744551,106.734994,130000.0,BUSY,0
200,Le Tuan Long,0900818818,letuanlong200@driver.com,1c66aa53aba388e5da73d6db848ed04e24345cf240e3f29282358aa6ec7cd21c,10.815947,106.712212,90000.0,BUSY,0
201,Nguyen Van Lan,0980846114,nguyenvanlan201@driver.com,3bcbcf3ea6102e9d962ba6b6e65035c8ef00f94d30d282d552b6a3503426f160,10.737665,106.730028,10000.0,OFFLINE,0
202,Tran Ngoc Tuan,0986874488,tranngoctuan202@driver.com,903bd9e2b90be882cb5cf61e6ab818beee132d68bb3fe8a92d02c41083b7f449,10.849579,106.614343,60000.0,OFFLINE,0
203,Dang Khanh Linh,0324768141,dangkhanhlinh203@driver.com,25d5a5fb6b26ff4f92cc7f71aba635762506fb1108875f2c5281d45ee57e22a6,10.849114,106.749936,60000.0,BUSY,0
204,Hoang Minh Minh,0917484260,hoangminhminh204@driver.com,d27a531b8819e2bd44267245ae2e59db9fdac711e15027a2fcbff0ba903b25f1,10.834310,106.637587,70000.0,BUSY,0
205,Tran Thi Phuong,0976436587,tranthiphuong205@driver.com,1adef74ddd247a2b47fbfd9e51e0bf19fb442b9fe2e96a96c60cd1e6bd82a10a,10.817396,106.612784,120000.0,AVAILABLE,0
206,Nguyen Tuan Phuong,0989356040,nguyentuanphuong206@driver.com,7b33f5ff4855ab6341bf24eb45acfa623682d230c3ee99094e2924a5d4a3016a,10.758202,106.732560,60000.0,AVAILABLE,0
207,Le Duc Hung,0772436838,leduchung207@driver.com,c7127c0a9c1acd1ea6ec2e76fb3e4be6ca6a6ef8f619a90ad0840faa0bc1efac,10.824904,106.629035,70000.0,BUSY,0
208,Nguyen Duy Anh,0939306784,nguyenduyanh208@driver.com,7471c645af425b6543d24d0e8fafe68a710135753ad1ed0bcf25293411640c0a,10.729140,106.684998,30000.0,BUSY,0
209,Le Minh Tuan,0777862958,leminhtuan209@driver.com,9030495945789176e0383e9eda3c6a6163af66574f59b7794d5be88f97035d32,10.822606,106.720450,160000.0,OFFLINE,0
210,Pham Duy Huong,0987446807,phamduyhuong210@driver.com,64fc47784753da04323304c1cb1a6e3591494216c1f56fb0e9bd80e90c73bc26,10.796504,106.695084,20000.0,BUSY,0
211,Huynh Van Anh,0918690414,huynhvananh211@driver.com,bdf5c7460ce2eb3d55e13fb7b94e5d6bbd0cd4a2a9fb0c38e3761025ab600591,10.809351,106.657202,80000.0,BUSY,0
212,Dang Ngoc Anh,0901449350,dangngocanh212@driver.com,107a05637d605570dd5b36c80895c6dc5f6e0306cc434eed29058c5de676b51d,10.839718,106.707266,30000.0,OFFLINE,0
213,Tran Ngoc Lan,0326233170,tranngoclan213@driver.com,355dafbfd2258ffa77512a30c09554221fa2603eee3f4fe49a74f55462c4e722,10.765438,106.600602,20000.0,AVAILABLE,0
214,Tran Duy Tuan,0356497223,tranduytuan214@driver.com,b4708176636341c56229c0dabad06ca23691a9130bb72ea60d3bf26113a8e95b,10.802494,106.627934,10000.0,AVAILABLE,0
215,Dang Ngoc Tuan,0976625924,dangngoctuan215@driver.com,6430227d7b76d90e7fe327b90fd4427ddb4b7af50e5ab4fdddb197cf2f45010b,10.825150,106.698094,70000.0,AVAILABLE,0
216,Nguyen Anh Phuong,0973415354,nguyenanhphuong216@driver.com,fc66ff8ab791118bb7a01504514197d46b9e8ad85be67472562660d59c4b6f60,10.787882,106.647950,150000.0,AVAILABLE,0
217,Huynh Anh Anh,0903715482,huynhanhanh217@driver.com,9abe971da74ead706ee4655a1133abf01fd33f2e1f628da58fae46da1e5fa3da,10.849252,106.679422,170000.0,AVAILABLE,0
218,Phan Hoang Long,0930046824,phanhoanglong218@driver.com,b45563ab7e86b6687376bc3b705398a50f5a9b32a027a267bdff59ce038d0df7,10.793166,106.706491,100000.0,OFFLINE,0
219,Bui Ngoc Tuan,0324513813,buingoctuan219@driver.com,c2b15d5e703880cdb17e72ea34b9311d873f573512d4424810ffa057bacaeb64,10.750933,106.706033,80000.0,OFFLINE,0
220,Huynh Hoang Linh,0919404106,huynhhoanglinh220@driver.com,2a0e4203af10b0bc6e7e06fe4abd4ab3361e665d08bc9be8a8ce4f3441c4aa9f,10.817307,106.684514,140000.0,AVAILABLE,0
221,Le Anh Phuong,0359480218,leanhphuong221@driver.com,a0820a21f81ba387382f44123806cdb3dbceb659c6709469ae3efda8858ddb60,10.766222,106.678268,120000.0,BUSY,0
222,Vu Thi Linh,0359968164,vuthilinh222@driver.com,3c17069f55078637e9bc09dfe69b11dd0287f4d2104bd7a92fde1a41ab22b273,10.749469,106.661572,180000.0,AVAILABLE,0
223,Tran Khanh Tuan,0933653478,trankhanhtuan223@driver.com,e40f4d9ef7919e4fcdd9c77090082cd699634c7f9acda853bde9b3f0cfa67cf3,10.793120,106.601552,120000.0,OFFLINE,0
224,Huynh Thi Lan,0777542520,huynhthilan224@driver.com,917583a47e98dac7acc9f30ae74d6ea42fdb07fc862887b9fddb4d0727b1bab1,10.722782,106.600803,190000.0,OFFLINE,0
225,Vu Minh Minh,0357966027,vuminhminh225@driver.com,b22abd82b5d94641a5277bc0915847588f27e737421e598740d3026b8688ccf4,10.777114,106.648283,50000.0,AVAILABLE,0
226,Pham Duy Hai,0328634958,phamduyhai226@driver.com,c35a602e1e56ac3e53f660ad138c2bd0075e63aed8285fb1349339a959f638b8,10.736398,106.635434,160000.0,AVAILABLE,0
227,Hoang Hoang Tuan,0357025786,hoanghoangtuan227@driver.com,d7c0d3ad876d03fd38068ea0745b172652a87d60100e6b4430796a798ce260f0,10.745921,106.651497,140000.0,OFFLINE,0
228,Dang Duy Linh,0919121164,dangduylinh228@driver.com,1e3b414ebe00067a00c04f30e52ed8b244559b2728feb917c4c8b4c829f0d499,10.751301,106.656642,140000.0,OFFLINE,0
229,Vu Van Minh,0907686977,vuvanminh229@driver.com,dc5a8c638600242b4c2bd990fb27c04fd224ed8c097fa03f2096b78ec2d3827c,10.785854,106.654974,10000.0,OFFLINE,0
230,Dang Ngoc Long,0771440593,dangngoclong230@driver.com,b0af83ca69783d2d933579056d3be8ade3c726bfc7f9235782c9523a50fb6b25,10.782454,106.696452,140000.0,OFFLINE,0
231,Bui Duc Lan,0779990167,buiduclan231@driver.com,64a954200a87c167befefa6c37cd3953620ddaa313fd03d8b5d858e040c5c450,10.779454,106.678055,40000.0,OFFLINE,0
232,Le Tuan Tuan,0356023900,letuantuan232@driver.com,28ff37cbd8dbd32d2666ca8698d97a05749eb4c14087a085651f2697888584a6,10.829796,106.663112,90000.0,BUSY,0
233,Hoang Hoang Huong,0939881476,hoanghoanghuong233@driver.com,8643cead48d6b85d726a08685e8733cd85abe9f05ed6cf516376c396b8ae015b,10.749524,106.734659,120000.0,OFFLINE,0
234,Nguyen Anh Huong,0904808249,nguyenanhhuong234@driver.com,0470408ed4206f9e6c906a922bb8fc8a7a174fe6f05d3c9fafba925496db95e0,10.809611,106.616484,40000.0,OFFLINE,0
235,Pham Van Huong,0359806955,phamvanhuong235@driver.com,f3e9cb66397be94d27e33bb12b01134b1986ec06359bc9923d2f9d27be44f389,10.810778,106.740665,60000.0,AVAILABLE,0
236,Pham Khanh Minh,0982611428,phamkhanhminh236@driver.com,dd58596dee411a8b7454769345a39f0e2cc14708572a3aa569e159d310c70c33,10.728378,106.669264,50000.0,AVAILABLE,0
237,Pham Ngoc Tuan,0329471235,phamngoctuan237@driver.com,4fb9b29ada2075f4013b6de28800a55b6c47671cda706794da85227e553df116,10.728032,106.737393,60000.0,BUSY,0
238,Bui Hoang Hai,0985476457,buihoanghai238@driver.com,ee9f6724ba81ace3b7e9fb6a636ee6140737f1b16b47f65488932d99ef8e0446,10.841178,106.646437,0.0,AVAILABLE,0
239,Huynh Ngoc Hung,0917368019,huynhngochung239@driver.com,9567db2649b3edbdf3e4d78eb3ebb83976dc035e35e9a21b0c28995788e1278d,10.754979,106.607595,50000.0,AVAILABLE,0
240,Vu Minh Tuan,0978549123,vuminhtuan240@driver.com,ba812b6dcae8b7622c648cd0ec77b650afbf01b86e64adde40b5b685425dc9e3,10.803780,106.601456,160000.0,AVAILABLE,0
241,Tran Ngoc Anh,0985278508,tranngocanh241@driver.com,01d6ff583829f18abf356a772a525ff617cb46a1fd9f366b6630a69c88ca9e4a,10.722834,106.643463,150000.0,BUSY,0
242,Hoang Ngoc Hai,0919398241,hoangngochai242@driver.com,c2351095ba667159484631fe1411e20baa61ccb1611a8eb5b3b612ad22da1d95,10.774545,106.705276,100000.0,OFFLINE,0
243,Pham Anh Anh,0915877826,phamanhanh243@driver.com,ac134f52390796facdc88c96b1d2974ef06b4b6e8ec43d680e3bbec9b67cf4ee,10.724562,106.643639,70000.0,BUSY,0
244,Le Duy Minh,0779921761,leduyminh244@driver.com,1f7fce06139a7e61f8e065f797ac2ec868b1d97d25a0d7b9bfb6ff8e816c669a,10.750580,106.696519,0.0,AVAILABLE,0
245,Nguyen Duy Minh,0933310368,nguyenduyminh245@driver.com,7bd22394735b8c3b17f227079522fb519942de8105886834f6cc6c255388d062,10.777777,106.604735,170000.0,BUSY,0
246,Huynh Ngoc Lan,0932941106,huynhngoclan246@driver.com,a9c8b4630d93228370faea42b7834897112d6501d1a79a0c0593b7c8ff7bc2db,10.758796,106.725738,30000.0,OFFLINE,0
247,Huynh Hoang Huong,0773760455,huynhhoanghuong247@driver.com,625c6dd140437dca988a50c6b2750eb006ce550b819ec5129f64b2e864fff862,10.734362,106.724238,100000.0,AVAILABLE,0
248,Le Duc Anh,0353925602,leducanh248@driver.com,2b8c8ab7515a73d9372d5968b7df36e3b755e87b8b9e9168d25218a8685c6dbe,10.810680,106.742812,0.0,OFFLINE,0
249,Pham Khanh Huong,0931088523,phamkhanhhuong249@driver.com,22a527633823621c3cca93de4e7beca4186fda126bf71e68ed4e823cd88769d6,10.809220,106.702826,120000.0,AVAILABLE,0
250,Le Van Long,0359454216,levanlong250@driver.com,e890f46bf2cb8205ed7bd2c2f5cd557ab301372f67ce10a4587dfdee691b2771,10.742229,106.602285,50000.0,OFFLINE,0
251,Phan Minh Hai,0906254513,phanminhhai251@driver.com,a2038b335725b5c50a8d85ff2236f5fcefb024634faf30308dbcef74d62d1923,10.815656,106.623421,150000.0,BUSY,0
252,Huynh Thi Hai,0777814479,huynhthihai252@driver.com,d823bcc525a2d3e825ffbc285a316339b64f23c253432dccb7664c60c3d22a41,10.836866,106.616950,40000.0,OFFLINE,0
253,Pham Duc Hai,0981974426,phamduchai253@driver.com,f791b068e93e2b1d7c44c7b032aec88331d116c0bab00b47fff62fd7456b67c2,10.785200,106.678147,40000.0,OFFLINE,0
254,Bui Van Tuan,0902054747,buivantuan254@driver.com,7ce041609b60289a4a2890c7f6d88bb44c4a840ade0da5884018336f62ee557a,10.841623,106.702561,100000.0,OFFLINE,0
255,Bui Anh Lan,0912340565,buianhlan255@driver.com,46b346d1a67cb5ecdc3e9d80e80b290388d7c42c13f66b613593c65e0b1de909,10.809703,106.720792,140000.0,OFFLINE,0
256,Bui Van Long,0328641802,buivanlong256@driver.com,00ea08e455336906c8053728da720416a831993a7a0ddf9731f76437a9d51bbe,10.809273,106.713320,0.0,AVAILABLE,0
257,Phan Minh Hai,0323638029,phanminhhai257@driver.com,8c99ea7bdfdb279ea472b98814118bc0cd71e4ac6e0feccda37818837f9a546b,10.822100,106.709744,190000.0,OFFLINE,0
258,Tran Tuan Long,0911056955,trantuanlong258@driver.com,a891e8acf04f776825503862269fb1bbca1cd471c6ad99819935bf1d349136ac,10.757037,106.672784,90000.0,BUSY,0
259,Hoang Anh Minh,0987980919,hoanganhminh259@driver.com,0e20b7fbbd2ff34dfc4c3e6c9945c07a12b4681f0ed94d5916895b4eacaaf6df,10.765658,106.705782,90000.0,BUSY,0
260,Bui Duy Anh,0987956466,buiduyanh260@driver.com,80b5bf2f8a7c6549a38c80d0422e227b4769e0e2a9fc90418572d912212834d0,10.773782,106.638063,10000.0,AVAILABLE,0
261,Vu Van Lan,0981638132,vuvanlan261@driver.com,2951ff0a9d49473763c0f1ce58c7aabf1022e90fd76a12dfb9d9a0c82f7d89f3,10.801345,106.643412,50000.0,AVAILABLE,0
262,Nguyen Duc Linh,0357834558,nguyenduclinh262@driver.com,11db9ba7af0b052badf0f66a4979af9445d2388ce50369796b903821666bcf9b,10.832360,106.618408,100000.0,AVAILABLE,0
263,Bui Duc Lan,0778062286,buiduclan263@driver.com,1ae9955a3de311f7afebf21ce979c2ef45a87b881e5981ba22ae2e7c6ff963f3,10.816623,106.653441,60000.0,AVAILABLE,0
264,Pham Ngoc Lan,0985078243,phamngoclan264@driver.com,5a10b60dbfc6ee237b70a321c85a9f8c2c8cfb2c69d8effc1a55c273f4a2be6f,10.746184,106.640270,100000.0,OFFLINE,0
265,Pham Tuan Minh,0983294207,phamtuanminh265@driver.com,72a4c13906318269c834e2f6903f008d7da323e9b8aed6075fc9880e97dc8107,10.801365,106.624912,180000.0,BUSY,0
266,Dang Thi Long,0979140367,dangthilong266@driver.com,fc3c083668f4bd31ddc5b74c2a2e3efc5a57dc7b9d09b1a95bbdbe7d36b77426,10.750853,106.728031,20000.0,AVAILABLE,0
267,Nguyen Tuan Anh,0356335529,nguyentuananh267@driver.com,cfc98711520e5a18fa311f7bcd3abeda4ac378df6d500dd7ea4edf6c62a7084d,10.727173,106.624725,120000.0,BUSY,0
268,Le Duc Hai,0915967051,leduchai268@driver.com,1350550887516f1d1fbfe877575b8e49c19f4a6603ab2b8733631c11ca4db5bc,10.782195,106.711963,50000.0,BUSY,0
269,Dang Khanh Tuan,0974552181,dangkhanhtuan269@driver.com,ca1d35f1c32f96b9ad6dcca208c7901e52fd425a061c7654365b1c4ec2608d4f,10.721852,106.706977,60000.0,OFFLINE,0
270,Hoang Duc Huong,0981046814,hoangduchuong270@driver.com,98bf363c7de7075dafd792784f86dae5afeabe7f5533c3fbb26530b631185f35,10.775572,106.748307,40000.0,BUSY,0
271,Dang Hoang Anh,0973595702,danghoanganh271@driver.com,25f141c5cebcb65b3483e76bded1f411ec1d0ee718c43af0f82a228b6303525e,10.735286,106.603926,140000.0,BUSY,0
272,Bui Tuan Tuan,0909463922,buituantuan272@driver.com,ad1489ae7dc19c1ca0157209d8d988eb7cfe860c8378003b39b35bdd9096525b,10.830500,106.642765,70000.0,OFFLINE,0
273,Huynh Van Lan,0772494926,huynhvanlan273@driver.com,1f97fa4c84980ff2d21ca1cd34510ff23812bdc34afde1b786f17d00d79c9b30,10.787299,106.671138,0.0,AVAILABLE,0
274,Le Anh Tuan,0903744615,leanhtuan274@driver.com,424fa11455c1c9c52503b9c7e36f108dfce9af2064ae08e88e75d18540741cee,10.809611,106.728589,190000.0,OFFLINE,0
275,Hoang Duc Lan,0772908523,hoangduclan275@driver.com,79788c0a8e9af5c280d407fc999f4d5cd84168b3f71d7d008674d6f1fe36b3ec,10.826353,106.691336,110000.0,OFFLINE,0
276,Dang Thi Hung,0975969362,dangthihung276@driver.com,9e186e62e7f4b1e8a042b1417fabcc069690e08214663d46012a6e1f94dcfcc9,10.728174,106.697858,160000.0,OFFLINE,0
277,Nguyen Khanh Hung,0983226596,nguyenkhanhhung277@driver.com,178ecd266e769d32cbde4b296041824ff7d03f40abd1e468ff09d93d72684f28,10.796286,106.631664,10000.0,AVAILABLE,0
278,Dang Duy Tuan,0904216936,dangduytuan278@driver.com,56147598f0a43f5b0de11423783e7698061865774986c2056a05ff5d78b3dd2f,10.739262,106.692635,160000.0,OFFLINE,0
279,Dang Ngoc Anh,0938297732,dangngocanh279@driver.com,3f1cf75a0f175ccc88447083437303edebc63ad53cee3fb80bcf5a6d7777e28b,10.729567,106.639240,100000.0,OFFLINE,0
280,Pham Anh Tuan,0937726869,phamanhtuan280@driver.com,81b56334a070ce4c980c9d447e1f286793161897175dec59ae289be3bd68f54e,10.776507,106.713242,10000.0,OFFLINE,0
281,Huynh Tuan Phuong,0933162571,huynhtuanphuong281@driver.com,1a7fb0dd2e5b10027ce74e537f695f1963fce15b6997cafaa1cb6d7b20356571,10.807137,106.684999,0.0,BUSY,0
282,Tran Duc Lan,0915075883,tranduclan282@driver.com,a8070ac6b9a4306d2500ac62e816654db4c30a54365b6742207581c2b5af777d,10.741972,106.693095,50000.0,AVAILABLE,0
283,Nguyen Duy Hai,0977796404,nguyenduyhai283@driver.com,91469015a07e322b0e4b074e7a8af153da9e8332f5aa2e87023b9a191cd83baf,10.801004,106.613845,120000.0,BUSY,0
284,Dang Anh Lan,0984313273,danganhlan284@driver.com,9a6c93487eb378b9fc42a442172418d4211983741e2a0ceb0e62e25988e9af67,10.751925,106.704752,70000.0,BUSY,0
285,Huynh Van Huong,0910426314,huynhvanhuong285@driver.com,f4b70a65ad4a1c0aa98c5b8d1312c1a893d07c0ba608afbecd45d3f95e3c191f,10.791544,106.660114,80000.0,BUSY,0
286,Dang Khanh Phuong,0979048692,dangkhanhphuong286@driver.com,601c6c545826334557b2f03b2e6a0ea1bc931109080c4da690307bae6fb64f70,10.778743,106.708148,160000.0,OFFLINE,0
287,Dang Ngoc Linh,0771988576,dangngoclinh287@driver.com,814fc0b6f04f9f2b974a7f38def149380c312bcaf35886b61477faa66db255bc,10.839309,106.673983,120000.0,AVAILABLE,0
288,Hoang Minh Tuan,0979840964,hoangminhtuan288@driver.com,177970d7625e924b259adfd9cf04b93fa80fd9611ad2c2f5672768cef38b0349,10.725019,106.607800,70000.0,AVAILABLE,0
289,Huynh Ngoc Linh,0984269034,huynhngoclinh289@driver.com,1419e0414c7fd44354e6003f87ed13bf06895bec1c76850f006a39c15f40a70c,10.796728,106.636999,90000.0,BUSY,0
290,Hoang Duy Long,0934692241,hoangduylong290@driver.com,8851215e95f78d2d4723c914df58205d20e8d5b6f00d57683c413e13b571e26f,10.769539,106.694772,60000.0,BUSY,0
291,Nguyen Duc Huong,0913502350,nguyenduchuong291@driver.com,7902fea5a608d9bc4f43ec5bcfd473c3c0f1ded3924f8cc97ae3632bde3985c3,10.831070,106.634581,150000.0,AVAILABLE,0
292,Hoang Ngoc Anh,0979611821,hoangngocanh292@driver.com,52838243a2bc372134273016df2757ad241e01285c938470892338d4371eec5a,10.819220,106.689174,0.0,BUSY,0
293,Phan Duc Phuong,0323848115,phanducphuong293@driver.com,a00c695284aadc3cf40491e5ae5501d889f70fd569f254f2d65aeaf001a31c02,10.756744,106.690987,40000.0,AVAILABLE,0
294,Phan Duc Minh,0353546052,phanducminh294@driver.com,f3fe3272f6626eabcfaeb329962961921ebdd2fd6cc470375d2b9bf14faabfe0,10.798479,106.704321,80000.0,BUSY,0
295,Bui Van Phuong,0909074532,buivanphuong295@driver.com,b037b88891fc0bca1ae2eb838ec1d96128083652a89689c218da85247e0445aa,10.733278,106.688522,110000.0,BUSY,0
296,Phan Thi Lan,0902773969,phanthilan296@driver.com,669ea19edbbc8620678f19367bf71ff290ff50962cc2e515151a7283131f548b,10.735365,106.718098,130000.0,BUSY,0
297,Pham Tuan Huong,0774141823,phamtuanhuong297@driver.com,665807cf747552c603970193a60af6a881cd7257907438fd02b579a11ef2527a,10.721751,106.671331,100000.0,OFFLINE,0
298,Hoang Anh Tuan,0325763798,hoanganhtuan298@driver.com,83f1f104f80fbba2fd290c3fa7f11244e04d65b24e49981a246fe20528f22739,10.849864,106.603493,70000.0,BUSY,0
299,Phan Duy Huong,0980488276,phanduyhuong299@driver.com,2765bec55b9d009d0980db2ed7bfb9e88c128b788d1fad2283f587ae89a621fe,10.800137,106.745125,180000.0,OFFLINE,0
300,Tran Minh Phuong,0903537686,tranminhphuong300@driver.com,83ae9a7ceadc634e1c047b5d3036b5f04345fc1eca527909aebacdebea6addd7,10.734947,106.738411,90000.0,AVAILABLE,0
