menu_item_id,restaurant_id,item_name,price,stock_qty,version
1,181,Tiramisu Cake,30000.0,70,0
2,80,Mi Cay,125000.0,75,0
3,92,Hu Tieu,90000.0,27,0
4,90,Mi Cay,75000.0,27,0
5,37,Trai Cay Tuoi,100000.0,86,0
6,115,Pho Bo,150000.0,52,0
7,2,Sam Bo Luong,40000.0,72,0
8,190,Trai Cay Tuoi,65000.0,38,0
9,46,Hu Tieu,45000.0,47,0
10,198,Trai Cay Tuoi,60000.0,58,0
11,63,Tra Sua Tran Chau,110000.0,81,0
12,139,Tiramisu Cake,35000.0,53,0
13,37,Sua Yogurt,105000.0,95,0
14,109,Bun Cha,100000.0,37,0
15,121,Sua Yogurt,140000.0,69,0
16,7,Pizza Hai San,130000.0,32,0
17,190,Tra Sua Tran Chau,130000.0,22,0
18,37,Banh Trang Tron,80000.0,74,0
19,131,Banh Moouse,105000.0,97,0
20,190,Tra Sua Tran Chau,70000.0,61,0
21,63,Ga Ran,105000.0,96,0
22,186,Pho Bo,100000.0,31,0
23,195,Bun Cha,130000.0,70,0
24,36,Sua Yogurt,130000.0,98,0
25,123,Pho Bo,70000.0,78,0
26,104,Sua Yogurt,50000.0,77,0
27,117,Che Thap Cam,105000.0,64,0
28,126,Che Thap Cam,110000.0,69,0
29,47,Tra Sua Tran Chau,95000.0,45,0
30,45,Ca Phe Sua Da,80000.0,72,0
31,124,Che Thap Cam,110000.0,64,0
32,120,Mi Cay,30000.0,30,0
33,72,Che Thap Cam,65000.0,44,0
34,196,Ga Ran,60000.0,24,0
35,23,Bun Cha,75000.0,98,0
36,23,Banh Trang Tron,145000.0,99,0
37,185,Mi Cay,145000.0,58,0
38,18,Pizza Hai San,95000.0,51,0
39,9,Banh Mi Dac Biet,80000.0,70,0
40,56,Com Tam Suon Nuong,75000.0,90,0
41,8,Mi Cay,150000.0,52,0
42,108,Sua Yogurt,100000.0,80,0
43,150,Sua Yogurt,120000.0,90,0
44,102,Goi Cuon,125000.0,58,0
45,33,Sua Yogurt,130000.0,26,0
46,30,Hu Tieu,100000.0,53,0
47,28,Banh Moouse,35000.0,93,0
48,71,Tiramisu Cake,135000.0,57,0
49,105,Banh Mi Dac Biet,45000.0,73,0
50,85,Banh Trang Tron,110000.0,88,0
51,143,Tiramisu Cake,105000.0,93,0
52,71,Com Tam Suon Nuong,60000.0,62,0
53,20,Sua Yogurt,60000.0,34,0
54,181,Com Tam Suon Nuong,30000.0,32,0
55,106,Bun Cha,65000.0,41,0
56,194,Sam Bo Luong,150000.0,79,0
57,166,Sua Yogurt,50000.0,97,0
58,122,Pho Bo,50000.0,68,0
59,28,Trai Cay Tuoi,150000.0,31,0
60,197,Sam Bo Luong,90000.0,67,0
61,156,Pizza Hai San,85000.0,69,0
62,138,Pizza Hai San,125000.0,90,0
63,184,Tra Sua Tran Chau,45000.0,78,0
64,44,Sam Bo Luong,140000.0,80,0
65,83,Banh Trang Tron,90000.0,45,0
66,80,Pizza Hai San,80000.0,56,0
67,74,Sua Yogurt,145000.0,83,0
68,84,Banh Mi Dac Biet,140000.0,93,0
69,142,Tiramisu Cake,105000.0,56,0
70,25,Bun Cha,70000.0,85,0
71,168,Banh Trang Tron,150000.0,31,0
72,130,Bun Cha,110000.0,32,0
73,75,Sam Bo Luong,80000.0,52,0
74,106,Pho Bo,100000.0,56,0
75,198,Ga Ran,35000.0,62,0
76,9,Banh Mi Dac Biet,45000.0,97,0
77,151,Goi Cuon,120000.0,47,0
78,127,Ga Ran,140000.0,55,0
79,192,Pizza Hai San,65000.0,32,0
80,87,Sam Bo Luong,145000.0,52,0
81,196,Sua Yogurt,90000.0,88,0
82,197,Banh Trang Tron,70000.0,73,0
83,186,Sam Bo Luong,120000.0,84,0
84,112,Ca Phe Sua Da,30000.0,33,0
85,1,Ca Phe Sua Da,105000.0,61,0
86,72,Hu Tieu,105000.0,67,0
87,122,Hu Tieu,135000.0,23,0
88,96,Banh Mi Dac Biet,105000.0,47,0
89,121,Pho Bo,55000.0,46,0
90,29,Bun Cha,85000.0,61,0
91,172,Ca Phe Sua Da,100000.0,40,0
92,68,Hu Tieu,115000.0,67,0
93,89,Tiramisu Cake,85000.0,55,0
94,119,Pizza Hai San,75000.0,29,0
95,196,Com Tam Suon Nuong,125000.0,38,0
96,145,Pizza Hai San,105000.0,52,0
97,166,Banh Moouse,125000.0,41,0
98,141,Mi Cay,140000.0,90,0
99,118,Trai Cay Tuoi,85000.0,95,0
100,2,Pho Bo,115000.0,58,0
101,132,Trai Cay Tuoi,135000.0,81,0
102,129,Pizza Hai San,60000.0,42,0
103,168,Goi Cuon,55000.0,82,0
104,45,Banh Moouse,30000.0,57,0
105,31,Ca Phe Sua Da,150000.0,46,0
106,169,Pho Bo,120000.0,67,0
107,110,Bun Cha,120000.0,77,0
108,69,Banh Trang Tron,70000.0,58,0
109,20,Sua Yogurt,40000.0,62,0
110,137,Tiramisu Cake,100000.0,76,0
111,52,Sam Bo Luong,75000.0,94,0
112,8,Pizza Hai San,120000.0,66,0
113,160,Banh Mi Dac Biet,90000.0,49,0
114,182,Pho Bo,100000.0,28,0
115,110,Mi Cay,120000.0,85,0
116,146,Sam Bo Luong,125000.0,23,0
117,95,Pho Bo,110000.0,35,0
118,100,Banh Trang Tron,105000.0,25,0
119,42,Tra Sua Tran Chau,110000.0,63,0
120,143,Com Tam Suon Nuong,130000.0,49,0
121,197,Che Thap Cam,80000.0,85,0
122,192,Sam Bo Luong,90000.0,89,0
123,116,Banh Moouse,75000.0,60,0
124,196,Sua Yogurt,105000.0,69,0
125,135,Tiramisu Cake,105000.0,36,0
126,61,Mi Cay,55000.0,36,0
127,56,Trai Cay Tuoi,135000.0,41,0
128,142,Banh Moouse,70000.0,75,0
129,50,Goi Cuon,110000.0,31,0
130,82,Ca Phe Sua Da,100000.0,79,0
131,27,Banh Mi Dac Biet,115000.0,53,0
132,168,Banh Trang Tron,50000.0,41,0
133,162,Goi Cuon,40000.0,52,0
134,81,Mi Cay,35000.0,49,0
135,1,Goi Cuon,90000.0,79,0
136,8,Bun Cha,35000.0,21,0
137,195,Pho Bo,120000.0,83,0
138,88,Com Tam Suon Nuong,110000.0,48,0
139,111,Tra Sua Tran Chau,35000.0,21,0
140,137,Trai Cay Tuoi,115000.0,22,0
141,194,Sua Yogurt,90000.0,24,0
142,92,Banh Moouse,35000.0,36,0
143,40,Mi Cay,105000.0,86,0
144,105,Ga Ran,105000.0,34,0
145,148,Banh Moouse,115000.0,20,0
146,39,Banh Moouse,140000.0,50,0
147,155,Banh Trang Tron,70000.0,32,0
148,84,Sua Yogurt,50000.0,32,0
149,37,Pizza Hai San,105000.0,52,0
150,96,Tra Sua Tran Chau,75000.0,49,0
151,19,Pizza Hai San,30000.0,50,0
152,31,Banh Mi Dac Biet,95000.0,86,0
153,121,Che Thap Cam,40000.0,71,0
154,179,Tra Sua Tran Chau,105000.0,40,0
155,93,Sua Yogurt,150000.0,26,0
156,93,Com Tam Suon Nuong,120000.0,43,0
157,22,Banh Mi Dac Biet,130000.0,75,0
158,124,Pho Bo,50000.0,76,0
159,165,Sam Bo Luong,65000.0,38,0
160,99,Pho Bo,105000.0,85,0
161,47,Che Thap Cam,100000.0,96,0
162,39,Banh Moouse,150000.0,86,0
163,160,Hu Tieu,70000.0,70,0
164,167,Sam Bo Luong,70000.0,27,0
165,168,Bun Cha,130000.0,50,0
166,114,Banh Moouse,90000.0,42,0
167,2,Bun Cha,125000.0,71,0
168,179,Hu Tieu,130000.0,99,0
169,40,Pho Bo,35000.0,82,0
170,64,Tiramisu Cake,120000.0,48,0
171,192,Trai Cay Tuoi,110000.0,73,0
172,46,Tiramisu Cake,120000.0,20,0
173,97,Banh Moouse,65000.0,61,0
174,94,Banh Trang Tron,50000.0,94,0
175,46,Bun Cha,75000.0,57,0
176,115,Ca Phe Sua Da,45000.0,68,0
177,73,Pho Bo,145000.0,34,0
178,81,Banh Trang Tron,130000.0,90,0
179,104,Sam Bo Luong,60000.0,22,0
180,135,Ga Ran,90000.0,75,0
181,180,Ga Ran,45000.0,63,0
182,109,Che Thap Cam,90000.0,76,0
183,5,Ca Phe Sua Da,150000.0,47,0
184,110,Hu Tieu,140000.0,29,0
185,94,Sua Yogurt,140000.0,83,0
186,103,Bun Cha,80000.0,89,0
187,54,Goi Cuon,75000.0,82,0
188,158,Pho Bo,75000.0,66,0
189,29,Mi Cay,65000.0,29,0
190,131,Bun Cha,85000.0,40,0
191,122,Pizza Hai San,105000.0,62,0
192,153,Banh Mi Dac Biet,145000.0,65,0
193,3,Che Thap Cam,145000.0,43,0
194,149,Ca Phe Sua Da,35000.0,63,0
195,125,Mi Cay,90000.0,33,0
196,46,Com Tam Suon Nuong,135000.0,79,0
197,71,Tiramisu Cake,125000.0,27,0
198,115,Tiramisu Cake,30000.0,86,0
199,163,Trai Cay Tuoi,140000.0,58,0
200,40,Tra Sua Tran Chau,35000.0,20,0
201,181,Trai Cay Tuoi,35000.0,28,0
202,56,Com Tam Suon Nuong,60000.0,66,0
203,65,Trai Cay Tuoi,115000.0,39,0
204,67,Banh Moouse,100000.0,53,0
205,120,Banh Trang Tron,115000.0,28,0
206,10,Banh Mi Dac Biet,115000.0,42,0
207,3,Banh Trang Tron,125000.0,70,0
208,53,Trai Cay Tuoi,140000.0,26,0
209,102,Com Tam Suon Nuong,150000.0,42,0
210,164,Com Tam Suon Nuong,95000.0,21,0
211,38,Che Thap Cam,75000.0,55,0
212,195,Banh Mi Dac Biet,130000.0,72,0
213,27,Tiramisu Cake,90000.0,69,0
214,91,Sua Yogurt,135000.0,41,0
215,150,Pho Bo,30000.0,39,0
216,79,Banh Mi Dac Biet,70000.0,23,0
217,36,Che Thap Cam,90000.0,74,0
218,132,Tra Sua Tran Chau,80000.0,28,0
219,120,Bun Cha,100000.0,22,0
220,151,Tra Sua Tran Chau,70000.0,76,0
221,28,Banh Moouse,40000.0,89,0
222,146,Com Tam Suon Nuong,35000.0,21,0
223,24,Trai Cay Tuoi,40000.0,65,0
224,184,Bun Cha,95000.0,47,0
225,105,Banh Mi Dac Biet,30000.0,32,0
226,132,Bun Cha,75000.0,75,0
227,75,Tiramisu Cake,50000.0,23,0
228,197,Tiramisu Cake,135000.0,86,0
229,31,Sua Yogurt,150000.0,46,0
230,61,Banh Moouse,90000.0,20,0
231,125,Mi Cay,90000.0,39,0
232,180,Banh Moouse,55000.0,71,0
233,82,Banh Trang Tron,40000.0,96,0
234,137,Mi Cay,90000.0,87,0
235,163,Tiramisu Cake,80000.0,79,0
236,105,Tiramisu Cake,90000.0,72,0
237,136,Sam Bo Luong,125000.0,70,0
238,173,Ca Phe Sua Da,85000.0,73,0
239,106,Sam Bo Luong,40000.0,78,0
240,96,Sua Yogurt,90000.0,65,0
241,172,Trai Cay Tuoi,150000.0,93,0
242,166,Sua Yogurt,45000.0,50,0
243,180,Trai Cay Tuoi,45000.0,50,0
244,62,Che Thap Cam,150000.0,72,0
245,51,Ga Ran,50000.0,85,0
246,57,Tiramisu Cake,105000.0,72,0
247,65,Hu Tieu,70000.0,25,0
248,48,Hu Tieu,30000.0,83,0
249,41,Tra Sua Tran Chau,50000.0,60,0
250,73,Hu Tieu,145000.0,82,0
251,139,Bun Cha,140000.0,35,0
252,25,Tiramisu Cake,60000.0,73,0
253,196,Ga Ran,115000.0,80,0
254,2,Che Thap Cam,120000.0,38,0
255,31,Ga Ran,125000.0,62,0
256,95,Bun Cha,115000.0,48,0
257,15,Sam Bo Luong,60000.0,32,0
258,115,Che Thap Cam,75000.0,42,0
259,162,Che Thap Cam,80000.0,55,0
260,190,Pho Bo,50000.0,95,0
261,87,Goi Cuon,120000.0,75,0
262,183,Pizza Hai San,105000.0,69,0
263,88,Banh Mi Dac Biet,50000.0,95,0
264,66,Bun Cha,110000.0,60,0
265,8,Hu Tieu,105000.0,95,0
266,98,Trai Cay Tuoi,150000.0,78,0
267,46,Ga Ran,150000.0,66,0
268,63,Pizza Hai San,70000.0,30,0
269,32,Ca Phe Sua Da,85000.0,74,0
270,130,Banh Trang Tron,60000.0,59,0
271,144,Pizza Hai San,100000.0,80,0
272,60,Com Tam Suon Nuong,125000.0,43,0
273,122,Banh Moouse,65000.0,42,0
274,106,Pizza Hai San,120000.0,82,0
275,11,Banh Moouse,110000.0,87,0
276,123,Hu Tieu,110000.0,74,0
277,131,Banh Trang Tron,120000.0,64,0
278,127,Goi Cuon,80000.0,42,0
279,59,Com Tam Suon Nuong,130000.0,38,0
280,121,Banh Moouse,85000.0,34,0
281,184,Pho Bo,85000.0,56,0
282,150,Hu Tieu,40000.0,42,0
283,77,Mi Cay,125000.0,75,0
284,44,Mi Cay,65000.0,24,0
285,4,Banh Mi Dac Biet,100000.0,98,0
286,123,Che Thap Cam,145000.0,24,0
287,150,Goi Cuon,110000.0,37,0
288,190,Trai Cay Tuoi,70000.0,51,0
289,45,Banh Trang Tron,145000.0,59,0
290,107,Pho Bo,140000.0,27,0
291,137,Sua Yogurt,30000.0,66,0
292,30,Che Thap Cam,150000.0,75,0
293,127,Goi Cuon,125000.0,35,0
294,105,Pho Bo,100000.0,24,0
295,51,Tra Sua Tran Chau,80000.0,81,0
296,119,Pizza Hai San,75000.0,84,0
297,175,Trai Cay Tuoi,75000.0,24,0
298,188,Pho Bo,35000.0,56,0
299,193,Pizza Hai San,115000.0,79,0
300,126,Goi Cuon,90000.0,38,0
301,81,Banh Moouse,40000.0,88,0
302,54,Com Tam Suon Nuong,135000.0,31,0
303,23,Mi Cay,115000.0,93,0
304,167,Goi Cuon,115000.0,24,0
305,161,Pizza Hai San,140000.0,34,0
306,182,Sua Yogurt,85000.0,20,0
307,154,Com Tam Suon Nuong,35000.0,23,0
308,120,Hu Tieu,100000.0,47,0
309,116,Trai Cay Tuoi,45000.0,37,0
310,198,Tra Sua Tran Chau,60000.0,79,0
311,55,Pizza Hai San,55000.0,62,0
312,123,Banh Trang Tron,135000.0,83,0
313,159,Bun Cha,115000.0,30,0
314,180,Tiramisu Cake,140000.0,53,0
315,81,Mi Cay,60000.0,30,0
316,63,Banh Mi Dac Biet,110000.0,42,0
317,181,Banh Trang Tron,135000.0,77,0
318,4,Banh Moouse,150000.0,94,0
319,149,Bun Cha,85000.0,71,0
320,103,Ca Phe Sua Da,125000.0,25,0
321,188,Ga Ran,95000.0,80,0
322,131,Sam Bo Luong,135000.0,78,0
323,48,Tiramisu Cake,120000.0,71,0
324,151,Sua Yogurt,75000.0,73,0
325,72,Banh Mi Dac Biet,65000.0,69,0
326,165,Ca Phe Sua Da,80000.0,46,0
327,127,Ga Ran,40000.0,77,0
328,197,Com Tam Suon Nuong,75000.0,63,0
329,150,Banh Trang Tron,60000.0,28,0
330,182,Goi Cuon,100000.0,20,0
331,13,Che Thap Cam,150000.0,55,0
332,29,Ca Phe Sua Da,150000.0,65,0
333,130,Che Thap Cam,105000.0,81,0
334,28,Com Tam Suon Nuong,70000.0,37,0
335,151,Sua Yogurt,45000.0,68,0
336,36,Hu Tieu,110000.0,87,0
337,64,Banh Mi Dac Biet,110000.0,37,0
338,34,Ga Ran,80000.0,57,0
339,186,Mi Cay,125000.0,34,0
340,133,Mi Cay,50000.0,39,0
341,117,Goi Cuon,35000.0,53,0
342,165,Ga Ran,115000.0,70,0
343,27,Che Thap Cam,140000.0,31,0
344,126,Che Thap Cam,60000.0,55,0
345,94,Com Tam Suon Nuong,70000.0,63,0
346,194,Pizza Hai San,85000.0,67,0
347,21,Tiramisu Cake,80000.0,43,0
348,58,Mi Cay,60000.0,30,0
349,159,Trai Cay Tuoi,135000.0,52,0
350,134,Sam Bo Luong,60000.0,85,0
351,5,Bun Cha,45000.0,20,0
352,111,Banh Moouse,145000.0,66,0
353,188,Pizza Hai San,140000.0,64,0
354,147,Pizza Hai San,145000.0,20,0
355,152,Trai Cay Tuoi,85000.0,55,0
356,89,Banh Moouse,55000.0,90,0
357,138,Ga Ran,140000.0,66,0
358,88,Goi Cuon,120000.0,55,0
359,35,Ca Phe Sua Da,125000.0,68,0
360,68,Tra Sua Tran Chau,105000.0,60,0
361,6,Ga Ran,110000.0,74,0
362,65,Ga Ran,60000.0,98,0
363,41,Pho Bo,70000.0,26,0
364,93,Che Thap Cam,65000.0,31,0
365,3,Tiramisu Cake,110000.0,53,0
366,122,Sam Bo Luong,115000.0,78,0
367,47,Tiramisu Cake,110000.0,54,0
368,97,Trai Cay Tuoi,75000.0,89,0
369,24,Che Thap Cam,100000.0,82,0
370,183,Sam Bo Luong,145000.0,48,0
371,90,Banh Moouse,75000.0,39,0
372,155,Tiramisu Cake,75000.0,65,0
373,15,Ca Phe Sua Da,40000.0,31,0
374,5,Pizza Hai San,140000.0,48,0
375,63,Hu Tieu,85000.0,44,0
376,121,Ca Phe Sua Da,30000.0,61,0
377,46,Banh Trang Tron,145000.0,75,0
378,121,Pho Bo,100000.0,51,0
379,1,Pizza Hai San,75000.0,99,0
380,198,Ca Phe Sua Da,45000.0,36,0
381,72,Ca Phe Sua Da,60000.0,68,0
382,80,Pho Bo,125000.0,96,0
383,158,Banh Trang Tron,65000.0,75,0
384,32,Hu Tieu,90000.0,29,0
385,124,Mi Cay,30000.0,90,0
386,180,Goi Cuon,105000.0,93,0
387,57,Goi Cuon,55000.0,33,0
388,155,Sam Bo Luong,45000.0,29,0
389,180,Hu Tieu,35000.0,74,0
390,20,Hu Tieu,85000.0,98,0
391,103,Mi Cay,100000.0,86,0
392,83,Pizza Hai San,50000.0,75,0
393,174,Trai Cay Tuoi,50000.0,67,0
394,4,Com Tam Suon Nuong,100000.0,20,0
395,45,Banh Mi Dac Biet,120000.0,39,0
396,93,Goi Cuon,30000.0,46,0
397,62,Banh Mi Dac Biet,90000.0,83,0
398,112,Tiramisu Cake,105000.0,58,0
399,192,Banh Trang Tron,95000.0,82,0
400,174,Sua Yogurt,140000.0,77,0
401,200,Trai Cay Tuoi,105000.0,89,0
402,100,Pizza Hai San,85000.0,74,0
403,99,Trai Cay Tuoi,50000.0,22,0
404,121,Hu Tieu,115000.0,61,0
405,9,Banh Mi Dac Biet,115000.0,35,0
406,150,Pho Bo,110000.0,28,0
407,60,Com Tam Suon Nuong,45000.0,99,0
408,100,Pho Bo,145000.0,70,0
409,54,Che Thap Cam,60000.0,65,0
410,113,Trai Cay Tuoi,105000.0,53,0
411,150,Pizza Hai San,145000.0,21,0
412,27,Tra Sua Tran Chau,35000.0,29,0
413,115,Pho Bo,65000.0,48,0
414,2,Banh Mi Dac Biet,35000.0,92,0
415,150,Tiramisu Cake,45000.0,92,0
416,82,Com Tam Suon Nuong,115000.0,74,0
417,172,Mi Cay,55000.0,46,0
418,190,Tra Sua Tran Chau,90000.0,72,0
419,178,Ga Ran,150000.0,54,0
420,110,Tra Sua Tran Chau,100000.0,50,0
421,55,Goi Cuon,95000.0,60,0
422,49,Sua Yogurt,140000.0,63,0
423,124,Banh Moouse,100000.0,82,0
424,107,Pizza Hai San,140000.0,93,0
425,38,Sua Yogurt,40000.0,70,0
426,24,Banh Trang Tron,140000.0,87,0
427,171,Sam Bo Luong,60000.0,62,0
428,94,Com Tam Suon Nuong,40000.0,81,0
429,48,Banh Trang Tron,60000.0,91,0
430,167,Ca Phe Sua Da,110000.0,40,0
431,177,Tiramisu Cake,70000.0,89,0
432,116,Banh Trang Tron,125000.0,68,0
433,121,Hu Tieu,120000.0,75,0
434,186,Com Tam Suon Nuong,150000.0,71,0
435,108,Hu Tieu,90000.0,48,0
436,80,Ga Ran,60000.0,28,0
437,68,Ca Phe Sua Da,40000.0,35,0
438,63,Banh Trang Tron,90000.0,75,0
439,33,Com Tam Suon Nuong,70000.0,20,0
440,184,Che Thap Cam,35000.0,49,0
441,39,Sam Bo Luong,60000.0,81,0
442,113,Ca Phe Sua Da,105000.0,26,0
443,83,Mi Cay,80000.0,50,0
444,32,Banh Moouse,45000.0,41,0
445,38,Banh Moouse,30000.0,54,0
446,93,Tiramisu Cake,60000.0,44,0
447,48,Goi Cuon,105000.0,72,0
448,12,Ga Ran,80000.0,90,0
449,5,Banh Mi Dac Biet,30000.0,94,0
450,8,Banh Moouse,70000.0,38,0
451,83,Banh Trang Tron,70000.0,85,0
452,145,Mi Cay,65000.0,27,0
453,58,Mi Cay,30000.0,24,0
454,182,Goi Cuon,140000.0,79,0
455,58,Che Thap Cam,65000.0,41,0
456,43,Mi Cay,55000.0,50,0
457,96,Hu Tieu,30000.0,52,0
458,140,Trai Cay Tuoi,110000.0,93,0
459,48,Sam Bo Luong,70000.0,96,0
460,167,Sua Yogurt,110000.0,38,0
461,83,Tra Sua Tran Chau,150000.0,46,0
462,118,Sam Bo Luong,150000.0,40,0
463,59,Ca Phe Sua Da,30000.0,26,0
464,106,Trai Cay Tuoi,45000.0,29,0
465,42,Sua Yogurt,65000.0,23,0
466,144,Goi Cuon,60000.0,37,0
467,118,Pho Bo,105000.0,21,0
468,176,Pho Bo,45000.0,78,0
469,135,Bun Cha,125000.0,28,0
470,16,Hu Tieu,115000.0,76,0
471,55,Trai Cay Tuoi,100000.0,48,0
472,44,Tra Sua Tran Chau,125000.0,47,0
473,160,Che Thap Cam,60000.0,92,0
474,97,Sam Bo Luong,55000.0,49,0
475,193,Com Tam Suon Nuong,55000.0,57,0
476,77,Mi Cay,85000.0,87,0
477,105,Sua Yogurt,115000.0,38,0
478,145,Ca Phe Sua Da,30000.0,93,0
479,178,Com Tam Suon Nuong,55000.0,78,0
480,30,Banh Mi Dac Biet,115000.0,92,0
481,47,Che Thap Cam,140000.0,55,0
482,11,Com Tam Suon Nuong,110000.0,22,0
483,5,Com Tam Suon Nuong,125000.0,95,0
484,164,Tiramisu Cake,100000.0,69,0
485,141,Sua Yogurt,150000.0,95,0
486,124,Hu Tieu,130000.0,49,0
487,120,Pizza Hai San,95000.0,26,0
488,60,Trai Cay Tuoi,70000.0,89,0
489,1,Che Thap Cam,70000.0,92,0
490,25,Sua Yogurt,30000.0,38,0
491,142,Hu Tieu,35000.0,92,0
492,73,Banh Trang Tron,80000.0,45,0
493,183,Goi Cuon,90000.0,60,0
494,190,Trai Cay Tuoi,55000.0,91,0
495,109,Banh Trang Tron,70000.0,38,0
496,161,Hu Tieu,130000.0,40,0
497,140,Banh Moouse,115000.0,46,0
498,15,Pho Bo,45000.0,71,0
499,88,Trai Cay Tuoi,40000.0,68,0
500,167,Banh Trang Tron,150000.0,82,0
501,75,Trai Cay Tuoi,140000.0,48,0
502,18,Pizza Hai San,65000.0,79,0
503,117,Ca Phe Sua Da,85000.0,70,0
504,177,Hu Tieu,70000.0,79,0
505,10,Ga Ran,140000.0,34,0
506,34,Ca Phe Sua Da,30000.0,75,0
507,16,Pho Bo,100000.0,90,0
508,179,Com Tam Suon Nuong,70000.0,72,0
509,189,Goi Cuon,110000.0,65,0
510,181,Sam Bo Luong,35000.0,34,0
511,180,Tiramisu Cake,75000.0,47,0
512,137,Ca Phe Sua Da,50000.0,81,0
513,113,Hu Tieu,50000.0,59,0
514,190,Banh Trang Tron,80000.0,72,0
515,136,Che Thap Cam,95000.0,99,0
516,97,Banh Trang Tron,45000.0,83,0
517,49,Sua Yogurt,100000.0,64,0
518,106,Pizza Hai San,105000.0,70,0
519,102,Tiramisu Cake,110000.0,85,0
520,173,Com Tam Suon Nuong,55000.0,82,0
521,75,Banh Mi Dac Biet,135000.0,30,0
522,142,Tiramisu Cake,60000.0,33,0
523,101,Trai Cay Tuoi,135000.0,51,0
524,187,Tra Sua Tran Chau,70000.0,55,0
525,43,Banh Moouse,105000.0,36,0
526,22,Ca Phe Sua Da,75000.0,49,0
527,120,Goi Cuon,40000.0,60,0
528,40,Sam Bo Luong,40000.0,71,0
529,14,Trai Cay Tuoi,125000.0,31,0
530,191,Ga Ran,50000.0,59,0
531,91,Sam Bo Luong,65000.0,29,0
532,168,Goi Cuon,90000.0,40,0
533,31,Banh Mi Dac Biet,45000.0,31,0
534,36,Tra Sua Tran Chau,90000.0,69,0
535,132,Trai Cay Tuoi,135000.0,39,0
536,143,Banh Trang Tron,140000.0,98,0
537,20,Trai Cay Tuoi,75000.0,50,0
538,76,Mi Cay,75000.0,40,0
539,118,Tiramisu Cake,90000.0,39,0
540,178,Banh Moouse,60000.0,43,0
541,25,Hu Tieu,115000.0,38,0
542,25,Banh Moouse,85000.0,40,0
543,119,Ga Ran,60000.0,91,0
544,37,Pizza Hai San,105000.0,89,0
545,179,Ga Ran,75000.0,58,0
546,89,Tiramisu Cake,125000.0,29,0
547,75,Sua Yogurt,130000.0,82,0
548,181,Ca Phe Sua Da,110000.0,98,0
549,30,Pizza Hai San,150000.0,28,0
550,57,Tra Sua Tran Chau,35000.0,77,0
551,61,Tra Sua Tran Chau,80000.0,91,0
552,159,Sua Yogurt,115000.0,62,0
553,150,Goi Cuon,80000.0,60,0
554,76,Che Thap Cam,45000.0,31,0
555,164,Ca Phe Sua Da,110000.0,21,0
556,78,Goi Cuon,70000.0,83,0
557,152,Goi Cuon,55000.0,38,0
558,47,Ga Ran,40000.0,89,0
559,195,Banh Trang Tron,70000.0,92,0
560,80,Mi Cay,50000.0,55,0
561,144,Hu Tieu,85000.0,27,0
562,102,Com Tam Suon Nuong,55000.0,33,0
563,158,Pho Bo,50000.0,65,0
564,153,Pizza Hai San,35000.0,33,0
565,20,Banh Mi Dac Biet,30000.0,40,0
566,79,Ca Phe Sua Da,150000.0,78,0
567,27,Tiramisu Cake,145000.0,98,0
568,125,Bun Cha,30000.0,39,0
569,63,Goi Cuon,55000.0,92,0
570,78,Bun Cha,95000.0,71,0
571,6,Goi Cuon,150000.0,93,0
572,121,Pho Bo,50000.0,80,0
573,166,Tiramisu Cake,110000.0,70,0
574,190,Com Tam Suon Nuong,90000.0,82,0
575,123,Banh Mi Dac Biet,40000.0,65,0
576,177,Ca Phe Sua Da,100000.0,99,0
577,14,Pho Bo,50000.0,99,0
578,70,Ga Ran,55000.0,85,0
579,38,Com Tam Suon Nuong,125000.0,59,0
580,50,Che Thap Cam,45000.0,53,0
581,187,Ca Phe Sua Da,60000.0,99,0
582,80,Ga Ran,85000.0,23,0
583,173,Tra Sua Tran Chau,55000.0,92,0
584,97,Pho Bo,70000.0,29,0
585,73,Tiramisu Cake,75000.0,83,0
586,146,Trai Cay Tuoi,45000.0,79,0
587,4,Bun Cha,60000.0,96,0
588,177,Che Thap Cam,85000.0,98,0
589,189,Banh Mi Dac Biet,70000.0,36,0
590,72,Bun Cha,130000.0,83,0
591,167,Sam Bo Luong,60000.0,40,0
592,120,Sam Bo Luong,125000.0,58,0
593,188,Tiramisu Cake,85000.0,82,0
594,143,Pizza Hai San,145000.0,42,0
595,42,Ga Ran,90000.0,80,0
596,106,Tra Sua Tran Chau,65000.0,29,0
597,137,Tra Sua Tran Chau,110000.0,28,0
598,19,Ca Phe Sua Da,35000.0,89,0
599,3,Banh Moouse,145000.0,40,0
600,123,Banh Trang Tron,65000.0,31,0
601,99,Che Thap Cam,100000.0,49,0
602,72,Tiramisu Cake,115000.0,72,0
603,126,Che Thap Cam,120000.0,46,0
604,136,Banh Trang Tron,65000.0,56,0
605,132,Goi Cuon,150000.0,32,0
606,148,Banh Moouse,40000.0,29,0
607,95,Banh Mi Dac Biet,145000.0,49,0
608,22,Sam Bo Luong,30000.0,63,0
609,49,Pizza Hai San,70000.0,71,0
610,98,Tra Sua Tran Chau,65000.0,47,0
611,162,Trai Cay Tuoi,130000.0,47,0
612,40,Tiramisu Cake,120000.0,73,0
613,72,Tra Sua Tran Chau,100000.0,52,0
614,184,Tra Sua Tran Chau,45000.0,36,0
615,85,Ga Ran,125000.0,87,0
616,36,Sam Bo Luong,140000.0,30,0
617,108,Banh Mi Dac Biet,30000.0,22,0
618,145,Hu Tieu,55000.0,34,0
619,140,Tra Sua Tran Chau,145000.0,39,0
620,165,Goi Cuon,105000.0,67,0
621,75,Banh Trang Tron,35000.0,59,0
622,50,Tiramisu Cake,65000.0,80,0
623,187,Trai Cay Tuoi,60000.0,77,0
624,177,Tiramisu Cake,150000.0,96,0
625,31,Goi Cuon,115000.0,98,0
626,144,Ga Ran,70000.0,53,0
627,54,Sam Bo Luong,125000.0,89,0
628,132,Sam Bo Luong,115000.0,75,0
629,111,Mi Cay,150000.0,26,0
630,71,Mi Cay,95000.0,87,0
631,179,Mi Cay,30000.0,88,0
632,18,Goi Cuon,95000.0,57,0
633,134,Banh Mi Dac Biet,55000.0,33,0
634,155,Pizza Hai San,55000.0,76,0
635,14,Ga Ran,105000.0,42,0
636,8,Sua Yogurt,75000.0,35,0
637,106,Banh Mi Dac Biet,80000.0,85,0
638,50,Ga Ran,80000.0,92,0
639,11,Mi Cay,30000.0,44,0
640,75,Ca Phe Sua Da,100000.0,30,0
641,69,Banh Trang Tron,145000.0,85,0
642,63,Bun Cha,80000.0,76,0
643,39,Tra Sua Tran Chau,30000.0,45,0
644,78,Pizza Hai San,35000.0,80,0
645,198,Hu Tieu,35000.0,63,0
646,8,Mi Cay,30000.0,51,0
647,118,Sua Yogurt,35000.0,92,0
648,71,Hu Tieu,30000.0,97,0
649,41,Pizza Hai San,75000.0,66,0
650,8,Ga Ran,105000.0,23,0
651,180,Banh Trang Tron,115000.0,88,0
652,137,Banh Mi Dac Biet,90000.0,39,0
653,73,Tiramisu Cake,130000.0,29,0
654,108,Ga Ran,75000.0,80,0
655,175,Goi Cuon,50000.0,46,0
656,74,Pho Bo,50000.0,56,0
657,92,Hu Tieu,125000.0,78,0
658,49,Che Thap Cam,85000.0,67,0
659,27,Goi Cuon,125000.0,45,0
660,38,Com Tam Suon Nuong,140000.0,59,0
661,101,Banh Trang Tron,125000.0,35,0
662,115,Goi Cuon,130000.0,71,0
663,4,Ca Phe Sua Da,50000.0,83,0
664,2,Ga Ran,150000.0,70,0
665,19,Pizza Hai San,120000.0,59,0
666,151,Sam Bo Luong,70000.0,67,0
667,103,Bun Cha,75000.0,48,0
668,57,Goi Cuon,90000.0,32,0
669,96,Pho Bo,75000.0,36,0
670,112,Banh Trang Tron,85000.0,92,0
671,168,Pizza Hai San,90000.0,66,0
672,56,Tiramisu Cake,110000.0,47,0
673,10,Tra Sua Tran Chau,80000.0,61,0
674,61,Tiramisu Cake,50000.0,91,0
675,140,Bun Cha,40000.0,86,0
676,109,Che Thap Cam,30000.0,90,0
677,85,Hu Tieu,150000.0,37,0
678,96,Ga Ran,60000.0,36,0
679,71,Tra Sua Tran Chau,55000.0,29,0
680,75,Sam Bo Luong,90000.0,87,0
681,173,Bun Cha,130000.0,90,0
682,48,Tra Sua Tran Chau,30000.0,47,0
683,78,Tra Sua Tran Chau,105000.0,35,0
684,190,Goi Cuon,95000.0,62,0
685,143,Pho Bo,50000.0,58,0
686,119,Che Thap Cam,90000.0,50,0
687,85,Tiramisu Cake,40000.0,56,0
688,116,Pho Bo,50000.0,99,0
689,120,Pho Bo,125000.0,52,0
690,195,Hu Tieu,105000.0,83,0
691,160,Sua Yogurt,100000.0,91,0
692,161,Pho Bo,135000.0,94,0
693,148,Goi Cuon,140000.0,22,0
694,80,Ca Phe Sua Da,50000.0,26,0
695,149,Goi Cuon,80000.0,41,0
696,10,Banh Moouse,150000.0,37,0
697,96,Goi Cuon,60000.0,95,0
698,147,Goi Cuon,115000.0,60,0
699,16,Che Thap Cam,135000.0,65,0
700,162,Ga Ran,100000.0,80,0
701,127,Banh Mi Dac Biet,110000.0,30,0
702,96,Banh Moouse,90000.0,32,0
703,93,Sam Bo Luong,145000.0,98,0
704,86,Sua Yogurt,75000.0,99,0
705,23,Banh Trang Tron,110000.0,32,0
706,11,Tiramisu Cake,145000.0,28,0
707,145,Tra Sua Tran Chau,120000.0,25,0
708,172,Banh Mi Dac Biet,30000.0,70,0
709,60,Tiramisu Cake,30000.0,21,0
710,178,Banh Moouse,110000.0,56,0
711,112,Sua Yogurt,100000.0,71,0
712,119,Goi Cuon,55000.0,32,0
713,130,Ca Phe Sua Da,80000.0,75,0
714,120,Hu Tieu,70000.0,41,0
715,127,Pho Bo,55000.0,25,0
716,196,Pho Bo,130000.0,22,0
717,95,Bun Cha,60000.0,97,0
718,42,Pizza Hai San,55000.0,70,0
719,138,Hu Tieu,100000.0,77,0
720,63,Pizza Hai San,105000.0,96,0
721,54,Banh Trang Tron,110000.0,84,0
722,133,Ca Phe Sua Da,125000.0,38,0
723,30,Goi Cuon,145000.0,99,0
724,93,Banh Trang Tron,105000.0,67,0
725,75,Che Thap Cam,30000.0,68,0
726,61,Ca Phe Sua Da,90000.0,47,0
727,63,Banh Mi Dac Biet,40000.0,56,0
728,186,Ga Ran,105000.0,71,0
729,13,Trai Cay Tuoi,130000.0,46,0
730,15,Bun Cha,125000.0,71,0
731,74,Ga Ran,35000.0,60,0
732,187,Sam Bo Luong,130000.0,34,0
733,150,Goi Cuon,130000.0,98,0
734,167,Tra Sua Tran Chau,105000.0,85,0
735,187,Ga Ran,125000.0,76,0
736,53,Ca Phe Sua Da,100000.0,58,0
737,68,Ca Phe Sua Da,125000.0,46,0
738,146,Hu Tieu,55000.0,48,0
739,167,Tiramisu Cake,35000.0,23,0
740,68,Mi Cay,135000.0,37,0
741,107,Trai Cay Tuoi,150000.0,96,0
742,187,Pho Bo,95000.0,78,0
743,194,Pizza Hai San,145000.0,92,0
744,59,Banh Trang Tron,65000.0,59,0
745,112,Pho Bo,85000.0,56,0
746,161,Trai Cay Tuoi,50000.0,86,0
747,25,Tra Sua Tran Chau,90000.0,41,0
748,121,Banh Trang Tron,120000.0,66,0
749,78,Goi Cuon,60000.0,50,0
750,30,Banh Moouse,130000.0,29,0
751,192,Goi Cuon,135000.0,29,0
752,65,Ga Ran,80000.0,96,0
753,11,Tra Sua Tran Chau,140000.0,79,0
754,16,Banh Moouse,120000.0,91,0
755,124,Goi Cuon,55000.0,70,0
756,9,Ga Ran,90000.0,75,0
757,99,Hu Tieu,140000.0,28,0
758,3,Banh Mi Dac Biet,110000.0,54,0
759,170,Pizza Hai San,75000.0,83,0
760,171,Tra Sua Tran Chau,55000.0,27,0
761,107,Sua Yogurt,50000.0,56,0
762,44,Sam Bo Luong,130000.0,69,0
763,196,Bun Cha,90000.0,33,0
764,13,Tra Sua Tran Chau,80000.0,86,0
765,86,Pizza Hai San,150000.0,97,0
766,39,Trai Cay Tuoi,100000.0,30,0
767,130,Com Tam Suon Nuong,55000.0,33,0
768,92,Mi Cay,50000.0,34,0
769,18,Banh Trang Tron,105000.0,86,0
770,25,Hu Tieu,130000.0,71,0
771,86,Tra Sua Tran Chau,70000.0,96,0
772,148,Banh Moouse,55000.0,22,0
773,131,Goi Cuon,145000.0,22,0
774,149,Tiramisu Cake,135000.0,23,0
775,197,Tra Sua Tran Chau,105000.0,28,0
776,1,Sam Bo Luong,50000.0,25,0
777,142,Mi Cay,60000.0,30,0
778,2,Sam Bo Luong,105000.0,85,0
779,116,Hu Tieu,150000.0,52,0
780,64,Hu Tieu,55000.0,48,0
781,150,Banh Trang Tron,60000.0,94,0
782,122,Goi Cuon,120000.0,71,0
783,31,Sam Bo Luong,95000.0,39,0
784,181,Banh Moouse,75000.0,98,0
785,105,Trai Cay Tuoi,140000.0,20,0
786,11,Pho Bo,65000.0,67,0
787,115,Banh Mi Dac Biet,50000.0,20,0
788,189,Pizza Hai San,70000.0,38,0
789,20,Banh Moouse,80000.0,62,0
790,130,Goi Cuon,45000.0,80,0
791,180,Hu Tieu,145000.0,24,0
792,68,Banh Mi Dac Biet,150000.0,66,0
793,73,Ga Ran,75000.0,92,0
794,10,Che Thap Cam,150000.0,85,0
795,47,Sam Bo Luong,90000.0,82,0
796,64,Hu Tieu,50000.0,61,0
797,87,Banh Mi Dac Biet,40000.0,42,0
798,96,Pho Bo,45000.0,88,0
799,137,Sua Yogurt,75000.0,80,0
800,20,Pizza Hai San,135000.0,30,0
801,57,Tiramisu Cake,85000.0,73,0
802,120,Ga Ran,120000.0,96,0
803,53,Banh Moouse,100000.0,82,0
804,132,Tiramisu Cake,150000.0,26,0
805,44,Mi Cay,80000.0,70,0
806,48,Com Tam Suon Nuong,30000.0,98,0
807,80,Sam Bo Luong,65000.0,70,0
808,30,Che Thap Cam,110000.0,41,0
809,116,Trai Cay Tuoi,100000.0,32,0
810,156,Ca Phe Sua Da,85000.0,54,0
811,87,Trai Cay Tuoi,90000.0,74,0
812,174,Banh Moouse,85000.0,48,0
813,119,Banh Trang Tron,100000.0,69,0
814,63,Pho Bo,70000.0,67,0
815,118,Goi Cuon,125000.0,76,0
816,57,Ga Ran,125000.0,38,0
817,32,Ga Ran,115000.0,84,0
818,183,Goi Cuon,65000.0,29,0
819,42,Che Thap Cam,95000.0,60,0
820,154,Pho Bo,45000.0,83,0
821,124,Banh Mi Dac Biet,130000.0,44,0
822,105,Ca Phe Sua Da,140000.0,29,0
823,32,Hu Tieu,80000.0,55,0
824,134,Bun Cha,70000.0,44,0
825,104,Banh Trang Tron,40000.0,42,0
826,8,Bun Cha,55000.0,56,0
827,99,Bun Cha,150000.0,28,0
828,171,Goi Cuon,120000.0,55,0
829,128,Hu Tieu,150000.0,62,0
830,113,Mi Cay,95000.0,86,0
831,200,Goi Cuon,40000.0,58,0
832,148,Mi Cay,90000.0,76,0
833,32,Che Thap Cam,70000.0,70,0
834,88,Goi Cuon,70000.0,75,0
835,52,Com Tam Suon Nuong,130000.0,48,0
836,45,Mi Cay,65000.0,96,0
837,173,Che Thap Cam,95000.0,80,0
838,107,Trai Cay Tuoi,100000.0,80,0
839,83,Pizza Hai San,55000.0,42,0
840,197,Banh Mi Dac Biet,120000.0,43,0
841,116,Che Thap Cam,50000.0,43,0
842,46,Sua Yogurt,145000.0,27,0
843,187,Pho Bo,135000.0,57,0
844,134,Trai Cay Tuoi,125000.0,35,0
845,192,Mi Cay,55000.0,54,0
846,180,Tiramisu Cake,60000.0,97,0
847,102,Com Tam Suon Nuong,135000.0,59,0
848,53,Mi Cay,35000.0,62,0
849,31,Banh Mi Dac Biet,115000.0,62,0
850,28,Goi Cuon,95000.0,74,0
851,178,Ca Phe Sua Da,105000.0,94,0
852,31,Sam Bo Luong,120000.0,34,0
853,46,Ga Ran,40000.0,51,0
854,32,Sam Bo Luong,65000.0,76,0
855,195,Bun Cha,40000.0,97,0
856,137,Bun Cha,120000.0,23,0
857,151,Ca Phe Sua Da,65000.0,35,0
858,22,Pho Bo,95000.0,62,0
859,119,Bun Cha,65000.0,65,0
860,166,Tra Sua Tran Chau,100000.0,99,0
861,65,Banh Mi Dac Biet,80000.0,60,0
862,186,Com Tam Suon Nuong,65000.0,69,0
863,96,Banh Trang Tron,70000.0,63,0
864,116,Sam Bo Luong,125000.0,28,0
865,63,Bun Cha,135000.0,77,0
866,49,Bun Cha,45000.0,89,0
867,140,Banh Trang Tron,60000.0,55,0
868,79,Tra Sua Tran Chau,90000.0,57,0
869,166,Goi Cuon,115000.0,21,0
870,167,Sua Yogurt,90000.0,97,0
871,40,Com Tam Suon Nuong,75000.0,42,0
872,27,Pizza Hai San,50000.0,32,0
873,195,Goi Cuon,85000.0,50,0
874,17,Goi Cuon,80000.0,49,0
875,111,Sam Bo Luong,65000.0,68,0
876,77,Sua Yogurt,110000.0,56,0
877,186,Goi Cuon,135000.0,97,0
878,10,Trai Cay Tuoi,55000.0,50,0
879,166,Goi Cuon,65000.0,21,0
880,74,Pho Bo,60000.0,87,0
881,135,Ca Phe Sua Da,120000.0,67,0
882,81,Com Tam Suon Nuong,55000.0,57,0
883,66,Sua Yogurt,130000.0,27,0
884,189,Bun Cha,50000.0,84,0
885,7,Pizza Hai San,55000.0,21,0
886,8,Hu Tieu,60000.0,30,0
887,80,Trai Cay Tuoi,75000.0,85,0
888,148,Banh Moouse,55000.0,38,0
889,15,Banh Mi Dac Biet,135000.0,23,0
890,61,Hu Tieu,130000.0,38,0
891,131,Pizza Hai San,55000.0,97,0
892,2,Pho Bo,55000.0,98,0
893,83,Banh Moouse,115000.0,69,0
894,60,Tra Sua Tran Chau,100000.0,72,0
895,40,Banh Moouse,45000.0,78,0
896,21,Mi Cay,135000.0,63,0
897,135,Banh Moouse,80000.0,96,0
898,58,Ca Phe Sua Da,55000.0,26,0
899,5,Tra Sua Tran Chau,40000.0,90,0
900,81,Banh Trang Tron,55000.0,84,0
901,88,Trai Cay Tuoi,35000.0,36,0
902,11,Bun Cha,150000.0,99,0
903,156,Goi Cuon,45000.0,51,0
904,66,Trai Cay Tuoi,30000.0,72,0
905,43,Hu Tieu,150000.0,66,0
906,28,Ga Ran,125000.0,43,0
907,59,Hu Tieu,30000.0,41,0
908,126,Sua Yogurt,95000.0,80,0
909,116,Com Tam Suon Nuong,30000.0,55,0
910,176,Tra Sua Tran Chau,75000.0,86,0
911,79,Sam Bo Luong,130000.0,73,0
912,191,Trai Cay Tuoi,75000.0,67,0
913,119,Pizza Hai San,55000.0,83,0
914,14,Banh Mi Dac Biet,65000.0,43,0
915,139,Com Tam Suon Nuong,40000.0,83,0
916,59,Bun Cha,85000.0,41,0
917,178,Ga Ran,135000.0,98,0
918,168,Tra Sua Tran Chau,100000.0,34,0
919,29,Bun Cha,75000.0,84,0
920,63,Tra Sua Tran Chau,100000.0,54,0
921,7,Hu Tieu,45000.0,21,0
922,29,Bun Cha,65000.0,64,0
923,16,Goi Cuon,150000.0,91,0
924,23,Sua Yogurt,150000.0,51,0
925,149,Goi Cuon,105000.0,56,0
926,111,Mi Cay,140000.0,60,0
927,129,Banh Trang Tron,95000.0,55,0
928,191,Tra Sua Tran Chau,130000.0,36,0
929,152,Tiramisu Cake,80000.0,92,0
930,140,Ca Phe Sua Da,40000.0,93,0
931,166,Hu Tieu,120000.0,86,0
932,76,Sam Bo Luong,105000.0,34,0
933,171,Ca Phe Sua Da,60000.0,62,0
934,192,Banh Moouse,110000.0,73,0
935,185,Banh Trang Tron,35000.0,39,0
936,90,Pizza Hai San,150000.0,50,0
937,132,Banh Moouse,145000.0,77,0
938,23,Sam Bo Luong,135000.0,22,0
939,40,Sua Yogurt,130000.0,40,0
940,6,Hu Tieu,95000.0,42,0
941,167,Tra Sua Tran Chau,115000.0,56,0
942,15,Bun Cha,130000.0,44,0
943,144,Ca Phe Sua Da,135000.0,24,0
944,117,Pho Bo,65000.0,82,0
945,56,Hu Tieu,50000.0,76,0
946,100,Mi Cay,100000.0,64,0
947,52,Ga Ran,105000.0,69,0
948,66,Ga Ran,140000.0,48,0
949,68,Ca Phe Sua Da,115000.0,89,0
950,1,Hu Tieu,80000.0,40,0
951,170,Sua Yogurt,85000.0,77,0
952,27,Pizza Hai San,90000.0,90,0
953,96,Goi Cuon,90000.0,93,0
954,149,Trai Cay Tuoi,35000.0,29,0
955,157,Bun Cha,95000.0,48,0
956,148,Mi Cay,105000.0,70,0
957,168,Pho Bo,130000.0,22,0
958,154,Ca Phe Sua Da,105000.0,20,0
959,155,Banh Moouse,115000.0,27,0
960,9,Bun Cha,40000.0,60,0
961,137,Ga Ran,145000.0,99,0
962,110,Com Tam Suon Nuong,140000.0,67,0
963,23,Banh Trang Tron,125000.0,62,0
964,143,Pizza Hai San,45000.0,66,0
965,70,Banh Trang Tron,150000.0,35,0
966,101,Mi Cay,125000.0,97,0
967,15,Banh Moouse,35000.0,38,0
968,146,Banh Moouse,90000.0,78,0
969,13,Banh Moouse,140000.0,67,0
970,4,Banh Mi Dac Biet,65000.0,52,0
971,22,Ca Phe Sua Da,95000.0,98,0
972,40,Com Tam Suon Nuong,115000.0,87,0
973,122,Ca Phe Sua Da,30000.0,83,0
974,55,Bun Cha,95000.0,36,0
975,10,Trai Cay Tuoi,130000.0,33,0
976,139,Che Thap Cam,55000.0,51,0
977,161,Banh Trang Tron,50000.0,65,0
978,90,Trai Cay Tuoi,110000.0,22,0
979,150,Goi Cuon,70000.0,97,0
980,2,Mi Cay,130000.0,73,0
981,40,Pizza Hai San,75000.0,75,0
982,179,Bun Cha,45000.0,82,0
983,80,Sua Yogurt,145000.0,81,0
984,112,Tiramisu Cake,125000.0,95,0
985,10,Banh Moouse,105000.0,64,0
986,149,Banh Trang Tron,110000.0,92,0
987,3,Pizza Hai San,75000.0,95,0
988,97,Bun Cha,95000.0,44,0
989,76,Banh Trang Tron,150000.0,63,0
990,93,Ga Ran,80000.0,77,0
991,141,Mi Cay,55000.0,90,0
992,44,Bun Cha,90000.0,87,0
993,42,Che Thap Cam,30000.0,85,0
994,104,Ca Phe Sua Da,75000.0,27,0
995,113,Goi Cuon,45000.0,79,0
996,43,Pho Bo,150000.0,21,0
997,66,Ga Ran,40000.0,66,0
998,11,Trai Cay Tuoi,35000.0,43,0
999,173,Bun Cha,60000.0,79,0
1000,115,Sua Yogurt,110000.0,77,0
1001,30,Ca Phe Sua Da,40000.0,35,0
1002,112,Goi Cuon,45000.0,21,0
1003,124,Bun Cha,135000.0,86,0
1004,49,Sua Yogurt,150000.0,70,0
1005,181,Tra Sua Tran Chau,135000.0,73,0
1006,182,Tra Sua Tran Chau,90000.0,47,0
1007,12,Banh Moouse,30000.0,69,0
1008,138,Sam Bo Luong,50000.0,39,0
1009,3,Ca Phe Sua Da,125000.0,80,0
1010,193,Mi Cay,135000.0,80,0
1011,8,Banh Trang Tron,100000.0,72,0
1012,2,Goi Cuon,45000.0,69,0
1013,51,Ga Ran,80000.0,55,0
1014,85,Banh Mi Dac Biet,95000.0,93,0
1015,118,Pizza Hai San,85000.0,79,0
1016,197,Hu Tieu,145000.0,24,0
1017,139,Banh Moouse,105000.0,62,0
1018,78,Tra Sua Tran Chau,130000.0,62,0
1019,57,Com Tam Suon Nuong,140000.0,73,0
1020,15,Ca Phe Sua Da,130000.0,53,0
1021,191,Tra Sua Tran Chau,50000.0,97,0
1022,129,Sua Yogurt,40000.0,58,0
1023,159,Banh Mi Dac Biet,125000.0,67,0
1024,175,Bun Cha,45000.0,36,0
1025,188,Hu Tieu,130000.0,33,0
1026,100,Mi Cay,125000.0,85,0
1027,52,Pho Bo,45000.0,76,0
1028,143,Goi Cuon,100000.0,58,0
1029,110,Tra Sua Tran Chau,30000.0,27,0
1030,185,Com Tam Suon Nuong,115000.0,56,0
1031,131,Hu Tieu,90000.0,50,0
1032,52,Hu Tieu,60000.0,79,0
1033,9,Pho Bo,75000.0,46,0
1034,6,Ga Ran,35000.0,40,0
1035,187,Goi Cuon,95000.0,85,0
1036,108,Banh Mi Dac Biet,70000.0,40,0
1037,106,Tra Sua Tran Chau,50000.0,89,0
1038,87,Sua Yogurt,85000.0,93,0
1039,127,Sam Bo Luong,50000.0,35,0
1040,73,Ca Phe Sua Da,90000.0,77,0
1041,197,Ca Phe Sua Da,30000.0,73,0
1042,104,Che Thap Cam,125000.0,43,0
1043,43,Mi Cay,75000.0,58,0
1044,122,Banh Moouse,130000.0,36,0
1045,64,Che Thap Cam,150000.0,46,0
1046,39,Tiramisu Cake,90000.0,91,0
1047,37,Banh Moouse,90000.0,72,0
1048,186,Tiramisu Cake,125000.0,98,0
1049,38,Mi Cay,55000.0,37,0
1050,191,Pizza Hai San,115000.0,83,0
1051,184,Banh Trang Tron,145000.0,61,0
1052,198,Pizza Hai San,60000.0,80,0
1053,132,Banh Moouse,115000.0,79,0
1054,198,Ca Phe Sua Da,135000.0,56,0
1055,122,Com Tam Suon Nuong,95000.0,70,0
1056,66,Pizza Hai San,105000.0,51,0
1057,174,Banh Moouse,80000.0,40,0
1058,47,Sam Bo Luong,60000.0,98,0
1059,151,Mi Cay,75000.0,82,0
1060,147,Banh Trang Tron,65000.0,98,0
1061,130,Com Tam Suon Nuong,85000.0,63,0
1062,167,Che Thap Cam,145000.0,87,0
1063,154,Pho Bo,115000.0,80,0
1064,198,Sua Yogurt,35000.0,83,0
1065,115,Trai Cay Tuoi,80000.0,51,0
1066,27,Sua Yogurt,35000.0,78,0
1067,154,Ca Phe Sua Da,55000.0,63,0
1068,94,Banh Mi Dac Biet,95000.0,61,0
1069,70,Goi Cuon,150000.0,83,0
1070,71,Hu Tieu,120000.0,93,0
1071,178,Ca Phe Sua Da,110000.0,28,0
1072,49,Bun Cha,105000.0,54,0
1073,64,Che Thap Cam,35000.0,29,0
1074,176,Sua Yogurt,110000.0,74,0
1075,54,Pho Bo,95000.0,86,0
1076,67,Mi Cay,105000.0,53,0
1077,189,Tiramisu Cake,115000.0,79,0
1078,74,Sua Yogurt,130000.0,76,0
1079,188,Banh Mi Dac Biet,65000.0,43,0
1080,48,Pho Bo,40000.0,64,0
1081,73,Pizza Hai San,50000.0,88,0
1082,121,Ca Phe Sua Da,100000.0,90,0
1083,168,Goi Cuon,105000.0,43,0
1084,125,Tra Sua Tran Chau,95000.0,62,0
1085,145,Hu Tieu,150000.0,70,0
1086,91,Tiramisu Cake,35000.0,90,0
1087,86,Pho Bo,145000.0,52,0
1088,150,Ga Ran,35000.0,85,0
1089,177,Hu Tieu,75000.0,57,0
1090,195,Banh Moouse,110000.0,34,0
1091,2,Trai Cay Tuoi,65000.0,36,0
1092,16,Ca Phe Sua Da,55000.0,60,0
1093,135,Sua Yogurt,80000.0,29,0
1094,151,Pizza Hai San,65000.0,89,0
1095,2,Mi Cay,130000.0,25,0
1096,72,Tiramisu Cake,90000.0,25,0
1097,158,Trai Cay Tuoi,105000.0,51,0
1098,42,Ca Phe Sua Da,55000.0,22,0
1099,138,Ca Phe Sua Da,145000.0,99,0
1100,90,Pho Bo,125000.0,99,0
1101,163,Ca Phe Sua Da,55000.0,72,0
1102,33,Hu Tieu,40000.0,47,0
1103,181,Che Thap Cam,80000.0,95,0
1104,153,Ga Ran,95000.0,81,0
1105,75,Che Thap Cam,130000.0,27,0
1106,96,Sam Bo Luong,40000.0,27,0
1107,130,Bun Cha,115000.0,92,0
1108,68,Banh Moouse,85000.0,88,0
1109,90,Banh Trang Tron,30000.0,59,0
1110,61,Sam Bo Luong,80000.0,63,0
1111,116,Banh Trang Tron,145000.0,57,0
1112,78,Trai Cay Tuoi,145000.0,32,0
1113,28,Sua Yogurt,70000.0,85,0
1114,108,Banh Mi Dac Biet,90000.0,35,0
1115,96,Trai Cay Tuoi,85000.0,20,0
1116,28,Goi Cuon,70000.0,46,0
1117,126,Ga Ran,145000.0,73,0
1118,185,Banh Mi Dac Biet,120000.0,93,0
1119,153,Goi Cuon,30000.0,60,0
1120,147,Bun Cha,30000.0,73,0
1121,53,Goi Cuon,140000.0,68,0
1122,120,Bun Cha,125000.0,52,0
1123,142,Tra Sua Tran Chau,70000.0,47,0
1124,54,Banh Moouse,140000.0,41,0
1125,13,Bun Cha,125000.0,22,0
1126,158,Ga Ran,105000.0,78,0
1127,26,Tiramisu Cake,30000.0,44,0
1128,187,Banh Moouse,80000.0,98,0
1129,138,Tiramisu Cake,40000.0,45,0
1130,56,Pizza Hai San,35000.0,49,0
1131,18,Trai Cay Tuoi,125000.0,97,0
1132,189,Banh Mi Dac Biet,150000.0,61,0
1133,97,Tiramisu Cake,30000.0,56,0
1134,195,Hu Tieu,35000.0,84,0
1135,154,Banh Moouse,80000.0,61,0
1136,122,Pizza Hai San,70000.0,95,0
1137,7,Trai Cay Tuoi,75000.0,84,0
1138,169,Tiramisu Cake,110000.0,46,0
1139,54,Sua Yogurt,150000.0,93,0
1140,102,Pho Bo,30000.0,94,0
1141,40,Banh Moouse,65000.0,65,0
1142,41,Sua Yogurt,50000.0,85,0
1143,12,Banh Trang Tron,60000.0,82,0
1144,189,Pizza Hai San,80000.0,98,0
1145,56,Mi Cay,125000.0,76,0
1146,71,Ca Phe Sua Da,35000.0,95,0
1147,184,Ga Ran,90000.0,72,0
1148,172,Tiramisu Cake,140000.0,80,0
1149,108,Banh Trang Tron,30000.0,69,0
1150,167,Hu Tieu,55000.0,84,0
1151,78,Tra Sua Tran Chau,65000.0,95,0
1152,192,Banh Mi Dac Biet,145000.0,32,0
1153,137,Ca Phe Sua Da,30000.0,42,0
1154,197,Banh Trang Tron,65000.0,72,0
1155,99,Com Tam Suon Nuong,35000.0,22,0
1156,172,Banh Mi Dac Biet,30000.0,56,0
1157,27,Banh Moouse,110000.0,42,0
1158,62,Ga Ran,30000.0,52,0
1159,83,Trai Cay Tuoi,85000.0,42,0
1160,126,Banh Mi Dac Biet,50000.0,30,0
1161,142,Bun Cha,30000.0,82,0
1162,152,Mi Cay,50000.0,30,0
1163,138,Goi Cuon,35000.0,42,0
1164,130,Sua Yogurt,145000.0,41,0
1165,95,Tiramisu Cake,35000.0,50,0
1166,29,Tiramisu Cake,30000.0,28,0
1167,6,Bun Cha,60000.0,69,0
1168,124,Com Tam Suon Nuong,95000.0,47,0
1169,91,Bun Cha,85000.0,87,0
1170,187,Sam Bo Luong,65000.0,36,0
1171,99,Tra Sua Tran Chau,115000.0,73,0
1172,177,Ga Ran,80000.0,22,0
1173,62,Ca Phe Sua Da,100000.0,49,0
1174,198,Che Thap Cam,45000.0,29,0
1175,117,Tiramisu Cake,90000.0,36,0
1176,173,Goi Cuon,60000.0,23,0
1177,76,Ca Phe Sua Da,85000.0,62,0
1178,138,Goi Cuon,50000.0,46,0
1179,9,Hu Tieu,80000.0,22,0
1180,181,Banh Moouse,135000.0,37,0
1181,74,Banh Moouse,40000.0,77,0
1182,109,Sua Yogurt,85000.0,60,0
1183,59,Hu Tieu,30000.0,93,0
1184,69,Che Thap Cam,125000.0,26,0
1185,197,Banh Moouse,105000.0,27,0
1186,27,Tra Sua Tran Chau,135000.0,32,0
1187,144,Sam Bo Luong,65000.0,86,0
1188,131,Tiramisu Cake,40000.0,42,0
1189,177,Tra Sua Tran Chau,150000.0,88,0
1190,175,Ga Ran,40000.0,94,0
1191,76,Ga Ran,120000.0,98,0
1192,130,Che Thap Cam,95000.0,76,0
1193,163,Sam Bo Luong,90000.0,49,0
1194,103,Banh Mi Dac Biet,125000.0,30,0
1195,59,Trai Cay Tuoi,75000.0,45,0
1196,30,Ca Phe Sua Da,140000.0,39,0
1197,6,Pho Bo,125000.0,86,0
1198,128,Pho Bo,45000.0,86,0
1199,3,Banh Mi Dac Biet,90000.0,87,0
1200,133,Tra Sua Tran Chau,70000.0,49,0
1201,24,Trai Cay Tuoi,85000.0,69,0
1202,157,Trai Cay Tuoi,150000.0,76,0
1203,184,Sam Bo Luong,40000.0,95,0
1204,51,Ca Phe Sua Da,95000.0,97,0
1205,93,Hu Tieu,150000.0,45,0
1206,131,Ga Ran,95000.0,71,0
1207,22,Com Tam Suon Nuong,75000.0,50,0
1208,189,Banh Mi Dac Biet,75000.0,30,0
1209,33,Tra Sua Tran Chau,35000.0,59,0
1210,30,Sua Yogurt,100000.0,78,0
1211,170,Tra Sua Tran Chau,45000.0,95,0
1212,14,Tra Sua Tran Chau,110000.0,93,0
1213,97,Che Thap Cam,90000.0,31,0
1214,100,Pho Bo,130000.0,72,0
1215,144,Banh Mi Dac Biet,135000.0,53,0
1216,28,Sam Bo Luong,85000.0,86,0
1217,138,Com Tam Suon Nuong,85000.0,86,0
1218,169,Bun Cha,40000.0,89,0
1219,141,Pizza Hai San,150000.0,98,0
1220,98,Sua Yogurt,90000.0,78,0
1221,200,Ca Phe Sua Da,70000.0,80,0
1222,8,Sam Bo Luong,145000.0,74,0
1223,109,Che Thap Cam,100000.0,20,0
1224,158,Banh Moouse,70000.0,28,0
1225,80,Sua Yogurt,100000.0,91,0
1226,56,Goi Cuon,40000.0,80,0
1227,165,Pizza Hai San,125000.0,91,0
1228,148,Tra Sua Tran Chau,70000.0,56,0
1229,197,Banh Mi Dac Biet,85000.0,37,0
1230,43,Banh Trang Tron,85000.0,66,0
1231,57,Che Thap Cam,95000.0,37,0
1232,160,Ga Ran,60000.0,22,0
1233,101,Hu Tieu,85000.0,78,0
1234,31,Pizza Hai San,60000.0,55,0
1235,22,Tra Sua Tran Chau,80000.0,47,0
1236,71,Goi Cuon,150000.0,47,0
1237,28,Ca Phe Sua Da,90000.0,66,0
1238,88,Sua Yogurt,30000.0,21,0
1239,72,Pho Bo,150000.0,42,0
1240,189,Sam Bo Luong,35000.0,72,0
1241,38,Banh Mi Dac Biet,150000.0,50,0
1242,19,Pizza Hai San,145000.0,82,0
1243,132,Mi Cay,110000.0,66,0
1244,143,Tra Sua Tran Chau,35000.0,71,0
1245,105,Pizza Hai San,100000.0,91,0
1246,116,Tra Sua Tran Chau,110000.0,37,0
1247,142,Banh Trang Tron,80000.0,71,0
1248,66,Banh Mi Dac Biet,60000.0,36,0
1249,144,Tiramisu Cake,50000.0,60,0
1250,111,Che Thap Cam,140000.0,85,0
1251,3,Trai Cay Tuoi,100000.0,23,0
1252,42,Pizza Hai San,115000.0,21,0
1253,112,Banh Moouse,50000.0,51,0
1254,162,Pho Bo,55000.0,72,0
1255,191,Sua Yogurt,50000.0,81,0
1256,179,Pizza Hai San,105000.0,31,0
1257,181,Mi Cay,95000.0,95,0
1258,64,Goi Cuon,90000.0,85,0
1259,111,Trai Cay Tuoi,115000.0,36,0
1260,73,Hu Tieu,65000.0,27,0
1261,61,Banh Mi Dac Biet,80000.0,31,0
1262,151,Sua Yogurt,135000.0,49,0
1263,87,Mi Cay,135000.0,92,0
1264,171,Banh Trang Tron,85000.0,46,0
1265,187,Sua Yogurt,30000.0,32,0
1266,130,Che Thap Cam,130000.0,52,0
1267,172,Pizza Hai San,135000.0,58,0
1268,179,Pizza Hai San,65000.0,63,0
1269,124,Tiramisu Cake,70000.0,50,0
1270,190,Sua Yogurt,80000.0,20,0
1271,162,Ga Ran,100000.0,44,0
1272,86,Com Tam Suon Nuong,50000.0,52,0
1273,132,Banh Mi Dac Biet,95000.0,67,0
1274,72,Che Thap Cam,45000.0,40,0
1275,190,Hu Tieu,75000.0,96,0
1276,177,Sua Yogurt,130000.0,68,0
1277,169,Banh Moouse,120000.0,34,0
1278,4,Com Tam Suon Nuong,115000.0,54,0
1279,157,Ga Ran,140000.0,84,0
1280,153,Banh Moouse,150000.0,37,0
1281,142,Com Tam Suon Nuong,90000.0,92,0
1282,102,Tra Sua Tran Chau,40000.0,68,0
1283,138,Che Thap Cam,110000.0,72,0
1284,98,Banh Trang Tron,35000.0,46,0
1285,120,Banh Moouse,100000.0,48,0
1286,100,Tra Sua Tran Chau,60000.0,57,0
1287,34,Tra Sua Tran Chau,40000.0,41,0
1288,40,Com Tam Suon Nuong,105000.0,69,0
1289,43,Pizza Hai San,100000.0,30,0
1290,49,Pizza Hai San,55000.0,44,0
1291,26,Sam Bo Luong,60000.0,54,0
1292,96,Ga Ran,30000.0,97,0
1293,13,Tiramisu Cake,110000.0,67,0
1294,131,Trai Cay Tuoi,80000.0,51,0
1295,118,Hu Tieu,35000.0,95,0
1296,22,Hu Tieu,145000.0,40,0
1297,105,Trai Cay Tuoi,140000.0,62,0
1298,21,Banh Moouse,35000.0,36,0
1299,195,Ga Ran,130000.0,48,0
1300,159,Goi Cuon,90000.0,81,0
1301,196,Banh Moouse,95000.0,77,0
1302,60,Tiramisu Cake,150000.0,70,0
1303,197,Tra Sua Tran Chau,90000.0,25,0
1304,40,Mi Cay,50000.0,67,0
1305,178,Sam Bo Luong,45000.0,95,0
1306,21,Ca Phe Sua Da,85000.0,96,0
1307,9,Sam Bo Luong,110000.0,88,0
1308,44,Tiramisu Cake,45000.0,83,0
1309,113,Banh Trang Tron,110000.0,51,0
1310,100,Che Thap Cam,125000.0,88,0
1311,4,Goi Cuon,115000.0,60,0
1312,161,Trai Cay Tuoi,120000.0,56,0
1313,92,Trai Cay Tuoi,45000.0,86,0
1314,70,Pho Bo,40000.0,21,0
1315,57,Ca Phe Sua Da,55000.0,66,0
1316,98,Bun Cha,90000.0,74,0
1317,16,Ca Phe Sua Da,135000.0,40,0
1318,167,Tiramisu Cake,135000.0,76,0
1319,53,Com Tam Suon Nuong,105000.0,59,0
1320,141,Goi Cuon,40000.0,29,0
1321,106,Pizza Hai San,85000.0,71,0
1322,195,Ga Ran,125000.0,69,0
1323,61,Trai Cay Tuoi,120000.0,84,0
1324,182,Banh Mi Dac Biet,110000.0,41,0
1325,149,Banh Mi Dac Biet,115000.0,66,0
1326,48,Pizza Hai San,145000.0,55,0
1327,173,Sam Bo Luong,135000.0,75,0
1328,82,Ca Phe Sua Da,55000.0,69,0
1329,144,Banh Mi Dac Biet,65000.0,70,0
1330,41,Sam Bo Luong,115000.0,38,0
1331,50,Trai Cay Tuoi,30000.0,48,0
1332,52,Che Thap Cam,40000.0,54,0
1333,133,Ca Phe Sua Da,105000.0,50,0
1334,139,Ca Phe Sua Da,90000.0,43,0
1335,33,Pizza Hai San,80000.0,64,0
1336,178,Banh Moouse,35000.0,84,0
1337,17,Che Thap Cam,135000.0,86,0
1338,187,Goi Cuon,125000.0,43,0
1339,29,Ga Ran,85000.0,90,0
1340,159,Hu Tieu,65000.0,68,0
1341,162,Banh Moouse,120000.0,95,0
1342,13,Sua Yogurt,65000.0,94,0
1343,99,Sua Yogurt,105000.0,78,0
1344,137,Che Thap Cam,55000.0,78,0
1345,147,Goi Cuon,40000.0,28,0
1346,110,Banh Mi Dac Biet,55000.0,56,0
1347,120,Com Tam Suon Nuong,135000.0,56,0
1348,4,Tra Sua Tran Chau,125000.0,56,0
1349,89,Sam Bo Luong,140000.0,59,0
1350,26,Tiramisu Cake,130000.0,82,0
1351,176,Sua Yogurt,40000.0,24,0
1352,20,Hu Tieu,30000.0,40,0
1353,49,Che Thap Cam,150000.0,27,0
1354,157,Trai Cay Tuoi,130000.0,98,0
1355,48,Com Tam Suon Nuong,100000.0,28,0
1356,6,Sam Bo Luong,90000.0,36,0
1357,191,Bun Cha,95000.0,43,0
1358,21,Tra Sua Tran Chau,145000.0,29,0
1359,45,Ca Phe Sua Da,30000.0,82,0
1360,54,Tra Sua Tran Chau,135000.0,68,0
1361,111,Mi Cay,120000.0,72,0
1362,181,Ca Phe Sua Da,35000.0,43,0
1363,98,Hu Tieu,70000.0,42,0
1364,137,Goi Cuon,30000.0,62,0
1365,78,Pizza Hai San,45000.0,34,0
1366,179,Sam Bo Luong,55000.0,50,0
1367,188,Trai Cay Tuoi,85000.0,98,0
1368,124,Hu Tieu,105000.0,56,0
1369,169,Mi Cay,50000.0,71,0
1370,10,Sua Yogurt,40000.0,89,0
1371,168,Mi Cay,40000.0,40,0
1372,106,Ga Ran,70000.0,73,0
1373,147,Sua Yogurt,40000.0,37,0
1374,47,Goi Cuon,140000.0,53,0
1375,27,Banh Mi Dac Biet,30000.0,90,0
1376,177,Sua Yogurt,125000.0,87,0
1377,155,Ca Phe Sua Da,90000.0,43,0
1378,47,Trai Cay Tuoi,85000.0,62,0
1379,88,Pizza Hai San,120000.0,40,0
1380,165,Goi Cuon,30000.0,24,0
1381,163,Tiramisu Cake,130000.0,24,0
1382,182,Banh Moouse,85000.0,91,0
1383,188,Sam Bo Luong,35000.0,31,0
1384,170,Sam Bo Luong,145000.0,37,0
1385,169,Pho Bo,55000.0,57,0
1386,104,Sua Yogurt,40000.0,64,0
1387,93,Hu Tieu,75000.0,62,0
1388,21,Sam Bo Luong,40000.0,98,0
1389,88,Ca Phe Sua Da,150000.0,30,0
1390,11,Com Tam Suon Nuong,95000.0,54,0
1391,77,Banh Mi Dac Biet,125000.0,84,0
1392,67,Bun Cha,130000.0,22,0
1393,175,Hu Tieu,75000.0,37,0
1394,154,Hu Tieu,55000.0,50,0
1395,154,Bun Cha,145000.0,79,0
1396,55,Sua Yogurt,120000.0,24,0
1397,104,Mi Cay,50000.0,28,0
1398,155,Hu Tieu,30000.0,76,0
1399,89,Banh Moouse,140000.0,62,0
1400,127,Com Tam Suon Nuong,55000.0,46,0
1401,33,Banh Mi Dac Biet,75000.0,66,0
1402,177,Hu Tieu,65000.0,25,0
1403,125,Banh Trang Tron,85000.0,47,0
1404,119,Che Thap Cam,65000.0,31,0
1405,5,Tra Sua Tran Chau,145000.0,86,0
1406,81,Pizza Hai San,120000.0,63,0
1407,123,Che Thap Cam,120000.0,65,0
1408,114,Pho Bo,45000.0,97,0
1409,51,Tra Sua Tran Chau,105000.0,37,0
1410,176,Goi Cuon,145000.0,39,0
1411,81,Pho Bo,105000.0,82,0
1412,71,Com Tam Suon Nuong,110000.0,44,0
1413,109,Trai Cay Tuoi,115000.0,47,0
1414,154,Mi Cay,75000.0,85,0
1415,81,Banh Moouse,70000.0,64,0
1416,74,Tra Sua Tran Chau,140000.0,68,0
1417,9,Banh Mi Dac Biet,135000.0,82,0
1418,131,Pizza Hai San,135000.0,97,0
1419,81,Pho Bo,125000.0,59,0
1420,190,Tiramisu Cake,145000.0,81,0
1421,26,Ca Phe Sua Da,85000.0,92,0
1422,33,Sua Yogurt,85000.0,50,0
1423,78,Pho Bo,100000.0,64,0
1424,32,Pho Bo,95000.0,42,0
1425,79,Ga Ran,100000.0,92,0
1426,24,Che Thap Cam,140000.0,28,0
1427,139,Che Thap Cam,90000.0,95,0
1428,86,Com Tam Suon Nuong,75000.0,20,0
1429,42,Tiramisu Cake,135000.0,33,0
1430,99,Com Tam Suon Nuong,65000.0,24,0
1431,125,Tiramisu Cake,120000.0,85,0
1432,82,Ca Phe Sua Da,45000.0,39,0
1433,193,Hu Tieu,60000.0,40,0
1434,192,Pizza Hai San,95000.0,91,0
1435,74,Com Tam Suon Nuong,110000.0,81,0
1436,195,Mi Cay,150000.0,24,0
1437,128,Ga Ran,75000.0,65,0
1438,187,Tra Sua Tran Chau,90000.0,44,0
1439,188,Ca Phe Sua Da,55000.0,34,0
1440,132,Pizza Hai San,150000.0,63,0
1441,115,Tra Sua Tran Chau,55000.0,90,0
1442,81,Pizza Hai San,110000.0,98,0
1443,170,Bun Cha,135000.0,39,0
1444,154,Banh Trang Tron,110000.0,33,0
1445,191,Bun Cha,45000.0,81,0
1446,6,Sua Yogurt,105000.0,83,0
1447,14,Banh Mi Dac Biet,110000.0,44,0
1448,73,Sua Yogurt,100000.0,38,0
1449,177,Mi Cay,30000.0,85,0
1450,151,Banh Trang Tron,120000.0,37,0
1451,86,Hu Tieu,60000.0,34,0
1452,158,Ga Ran,50000.0,36,0
1453,117,Mi Cay,50000.0,37,0
1454,192,Hu Tieu,85000.0,48,0
1455,15,Banh Moouse,50000.0,39,0
1456,38,Che Thap Cam,150000.0,49,0
1457,31,Tra Sua Tran Chau,125000.0,62,0
1458,37,Ca Phe Sua Da,75000.0,40,0
1459,76,Ga Ran,45000.0,25,0
1460,180,Che Thap Cam,90000.0,51,0
1461,101,Tiramisu Cake,135000.0,80,0
1462,28,Bun Cha,60000.0,38,0
1463,147,Banh Trang Tron,65000.0,70,0
1464,166,Pizza Hai San,90000.0,66,0
1465,162,Tiramisu Cake,100000.0,41,0
1466,160,Banh Mi Dac Biet,135000.0,64,0
1467,127,Ga Ran,115000.0,78,0
1468,88,Banh Trang Tron,105000.0,84,0
1469,67,Tra Sua Tran Chau,100000.0,55,0
1470,174,Mi Cay,95000.0,75,0
1471,190,Che Thap Cam,100000.0,78,0
1472,198,Pho Bo,115000.0,95,0
1473,180,Che Thap Cam,70000.0,25,0
1474,59,Bun Cha,105000.0,80,0
1475,83,Pizza Hai San,95000.0,86,0
1476,29,Sam Bo Luong,55000.0,42,0
1477,170,Banh Trang Tron,70000.0,30,0
1478,172,Sam Bo Luong,95000.0,51,0
1479,108,Pho Bo,80000.0,83,0
1480,153,Trai Cay Tuoi,45000.0,91,0
1481,34,Trai Cay Tuoi,35000.0,67,0
1482,107,Com Tam Suon Nuong,115000.0,75,0
1483,4,Ca Phe Sua Da,30000.0,52,0
1484,88,Sua Yogurt,150000.0,57,0
1485,112,Tiramisu Cake,60000.0,56,0
1486,159,Bun Cha,50000.0,80,0
1487,25,Banh Moouse,150000.0,88,0
1488,116,Ca Phe Sua Da,95000.0,90,0
1489,121,Tiramisu Cake,110000.0,58,0
1490,92,Sua Yogurt,50000.0,87,0
1491,102,Com Tam Suon Nuong,65000.0,77,0
1492,76,Banh Trang Tron,150000.0,85,0
1493,160,Pho Bo,100000.0,42,0
1494,13,Ca Phe Sua Da,30000.0,24,0
1495,121,Com Tam Suon Nuong,95000.0,50,0
1496,99,Ga Ran,90000.0,32,0
1497,91,Sua Yogurt,95000.0,36,0
1498,113,Ca Phe Sua Da,145000.0,87,0
1499,77,Trai Cay Tuoi,35000.0,85,0
1500,118,Tiramisu Cake,70000.0,50,0
