delivery_route_id,order_id,distance_km,estimated_time_min
1,1,10.66,32
2,2,14.91,46
3,3,13.75,43
4,4,12.10,36
5,5,1.77,6
6,6,5.43,17
7,7,13.52,43
8,8,10.34,34
9,9,10.68,33
10,10,12.84,42
11,11,2.16,6
12,12,4.57,15
13,13,1.86,5
14,14,6.60,21
15,15,12.96,41
16,16,1.11,7
17,17,2.85,11
18,18,7.33,25
19,19,14.63,46
20,20,5.12,16
21,21,10.06,31
22,22,14.36,46
23,23,14.70,47
24,24,6.59,23
25,25,13.61,40
26,26,7.48,24
27,27,14.28,42
28,28,9.97,30
29,29,3.48,14
30,30,8.35,27
31,31,1.37,7
32,32,11.91,37
33,33,8.81,26
34,34,6.75,21
35,35,8.59,25
36,36,11.95,36
37,37,9.67,32
38,38,5.66,17
39,39,5.44,20
40,40,4.50,17
41,41,14.43,45
42,42,3.30,9
43,43,5.65,17
44,44,5.65,16
45,45,2.20,8
46,46,2.64,10
47,47,10.79,32
48,48,9.34,31
49,49,12.89,42
50,50,12.18,38
51,51,14.36,46
52,52,5.57,16
53,53,10.74,36
54,54,4.59,14
55,55,12.14,40
56,56,6.32,22
57,57,3.16,10
58,58,9.05,27
59,59,2.96,12
60,60,1.49,6
61,61,13.93,43
62,62,9.58,32
63,63,7.98,23
64,64,5.06,19
65,65,7.47,24
66,66,5.75,20
67,67,2.14,6
68,68,5.16,16
69,69,14.98,48
70,70,1.57,7
71,71,4.11,13
72,72,10.42,32
73,73,14.22,42
74,74,3.00,12
75,75,14.12,45
76,76,8.47,26
77,77,13.14,43
78,78,15.00,44
79,79,10.93,33
80,80,10.82,36
81,81,8.51,28
82,82,1.76,6
83,83,13.16,43
84,84,9.01,31
85,85,2.19,9
86,86,6.40,23
87,87,14.04,45
88,88,5.12,15
89,89,5.22,18
90,90,5.04,18
91,91,12.75,41
92,92,10.87,33
93,93,12.32,37
94,94,3.86,12
95,95,2.48,7
96,96,4.53,16
97,97,12.67,38
98,98,3.83,14
99,99,8.66,27
100,100,5.30,16
101,101,11.08,34
102,102,13.86,43
103,103,11.26,34
104,104,8.07,28
105,105,9.02,31
106,106,4.13,14
107,107,2.54,8
108,108,8.59,29
109,109,14.55,47
110,110,9.57,28
111,111,13.44,43
112,112,11.21,37
113,113,12.62,40
114,114,2.11,10
115,115,6.34,22
116,116,4.46,15
117,117,9.63,29
118,118,8.04,28
119,119,2.85,9
120,120,5.18,16
121,121,7.66,23
122,122,10.41,33
123,123,2.85,9
124,124,3.22,10
125,125,8.10,25
126,126,2.40,8
127,127,5.58,20
128,128,10.73,32
129,129,13.36,41
130,130,3.46,11
131,131,5.06,16
132,132,9.60,31
133,133,2.78,9
134,134,12.64,41
135,135,3.08,9
136,136,12.71,42
137,137,2.23,8
138,138,9.44,31
139,139,4.77,15
140,140,7.42,26
141,141,8.01,28
142,142,12.55,37
143,143,10.08,31
144,144,14.17,46
145,145,12.58,38
146,146,3.53,10
147,147,3.56,14
148,148,12.27,40
149,149,12.56,37
150,150,7.13,22
151,151,7.75,23
152,152,7.45,23
153,153,5.46,16
154,154,8.77,26
155,155,10.21,31
156,156,14.88,45
157,157,1.43,6
158,158,14.08,45
159,159,5.29,17
160,160,3.76,14
161,161,5.38,16
162,162,3.36,12
163,163,1.71,6
164,164,14.03,46
165,165,6.86,21
166,166,4.47,14
167,167,9.97,31
168,168,5.09,15
169,169,8.50,25
170,170,12.05,40
171,171,2.25,9
172,172,9.96,29
173,173,3.85,13
174,174,3.96,11
175,175,2.08,9
176,176,5.66,20
177,177,1.56,7
178,178,7.90,26
179,179,5.42,17
180,180,10.87,35
181,181,6.36,23
182,182,13.51,43
183,183,6.36,19
184,184,4.35,17
185,185,9.16,27
186,186,13.55,44
187,187,5.66,20
188,188,11.15,35
189,189,1.48,5
190,190,3.57,10
191,191,2.68,9
192,192,13.29,41
193,193,12.34,41
194,194,12.57,38
195,195,4.08,15
196,196,9.05,27
197,197,1.27,7
198,198,4.00,15
199,199,1.82,6
200,200,2.74,10
201,201,1.97,7
202,202,3.37,12
203,203,10.68,36
204,204,7.85,25
205,205,5.10,19
206,206,9.78,31
207,207,12.10,38
208,208,5.58,18
209,209,1.61,6
210,210,6.98,23
211,211,1.51,7
212,212,5.08,16
213,213,9.14,31
214,214,6.44,21
215,215,3.81,11
216,216,14.51,47
217,217,3.22,9
218,218,4.57,14
219,219,13.10,40
220,220,8.33,27
221,221,3.19,12
222,222,12.47,37
223,223,4.86,14
224,224,7.22,22
225,225,3.81,15
226,226,9.53,29
227,227,4.54,15
228,228,12.36,39
229,229,2.13,7
230,230,8.49,26
231,231,6.30,19
232,232,10.54,33
233,233,12.43,41
234,234,5.85,19
235,235,5.96,18
236,236,3.22,12
237,237,14.44,45
238,238,8.93,28
239,239,10.43,33
240,240,4.06,16
241,241,5.84,20
242,242,13.84,41
243,243,11.93,39
244,244,8.93,27
245,245,7.50,22
246,246,9.74,30
247,247,9.40,28
248,248,3.24,13
249,249,10.88,32
250,250,1.55,8
251,251,6.38,20
252,252,10.83,34
253,253,13.78,42
254,254,4.96,15
255,255,7.00,23
256,256,11.64,34
257,257,11.99,36
258,258,10.94,36
259,259,3.34,14
260,260,9.24,31
261,261,12.82,39
262,262,12.46,39
263,263,3.81,13
264,264,10.66,35
265,265,3.01,9
266,266,3.51,13
267,267,10.53,31
268,268,1.04,3
269,269,7.38,22
270,270,12.49,41
271,271,14.05,43
272,272,11.41,36
273,273,7.30,24
274,274,1.89,9
275,275,12.18,36
276,276,14.70,48
277,277,8.67,26
278,278,5.03,15
279,279,4.58,17
280,280,13.86,42
281,281,5.21,18
282,282,3.66,13
283,283,5.84,17
284,284,5.43,20
285,285,9.27,31
286,286,7.45,26
287,287,14.34,46
288,288,13.71,42
289,289,11.16,36
290,290,2.03,6
291,291,1.47,6
292,292,1.19,6
293,293,14.58,43
294,294,14.76,47
295,295,12.33,39
296,296,9.28,30
297,297,12.52,37
298,298,1.03,5
299,299,7.72,23
300,300,10.62,33
301,301,14.63,43
302,302,6.68,24
303,303,14.28,44
304,304,5.98,21
305,305,8.04,26
306,306,4.97,14
307,307,2.28,10
308,308,2.06,8
309,309,5.87,20
310,310,12.45,40
311,311,2.60,11
312,312,8.42,29
313,313,6.97,20
314,314,8.24,27
315,315,4.82,18
316,316,10.38,31
317,317,1.57,7
318,318,10.55,34
319,319,14.99,48
320,320,5.50,20
321,321,6.61,22
322,322,1.79,8
323,323,9.31,27
324,324,5.95,18
325,325,7.96,25
326,326,9.15,27
327,327,14.58,47
328,328,4.18,14
329,329,7.57,26
330,330,8.99,30
331,331,14.72,46
332,332,1.83,5
333,333,10.01,30
334,334,4.78,14
335,335,9.99,29
336,336,5.16,18
337,337,7.52,24
338,338,13.45,42
339,339,3.91,12
340,340,3.56,14
341,341,2.02,10
342,342,14.14,43
343,343,10.66,34
344,344,2.00,7
345,345,7.42,22
346,346,7.73,25
347,347,10.69,34
348,348,7.37,25
349,349,12.07,38
350,350,10.18,31
351,351,10.01,31
352,352,9.95,29
353,353,6.30,19
354,354,1.42,4
355,355,7.83,27
356,356,5.53,16
357,357,12.02,40
358,358,10.80,36
359,359,10.77,35
360,360,6.11,21
361,361,8.45,27
362,362,2.90,12
363,363,6.14,22
364,364,6.00,18
365,365,10.48,33
366,366,12.13,39
367,367,6.52,19
368,368,13.01,41
369,369,2.56,8
370,370,10.22,33
371,371,4.38,16
372,372,10.32,34
373,373,4.60,15
374,374,3.87,11
375,375,5.40,19
376,376,13.00,38
377,377,11.92,38
378,378,9.34,28
379,379,14.97,48
380,380,8.04,25
381,381,12.23,39
382,382,7.43,25
383,383,8.33,25
384,384,9.23,30
385,385,5.77,18
386,386,10.39,34
387,387,10.60,33
388,388,13.93,45
389,389,4.92,16
390,390,5.30,17
391,391,5.22,16
392,392,11.07,35
393,393,7.83,24
394,394,2.11,8
395,395,8.72,30
396,396,6.83,21
397,397,14.51,47
398,398,9.13,29
399,399,3.50,10
400,400,3.58,13
401,401,13.26,42
402,402,5.19,17
403,403,6.50,22
404,404,14.24,43
405,405,14.06,46
406,406,4.08,14
407,407,1.16,5
408,408,14.34,43
409,409,11.24,36
410,410,7.35,24
411,411,9.83,30
412,412,12.20,36
413,413,13.01,40
414,414,13.03,43
415,415,1.56,6
416,416,10.23,32
417,417,14.44,46
418,418,13.32,40
419,419,8.70,27
420,420,10.97,33
421,421,7.43,22
422,422,3.49,10
423,423,3.49,14
424,424,5.00,19
425,425,1.81,9
426,426,2.60,11
427,427,11.50,35
428,428,1.63,4
429,429,13.95,42
430,430,7.50,23
431,431,10.61,35
432,432,8.80,30
433,433,3.36,14
434,434,4.88,15
435,435,8.54,29
436,436,2.64,7
437,437,10.68,35
438,438,2.86,11
439,439,8.97,29
440,440,7.09,25
441,441,2.80,9
442,442,10.81,36
443,443,9.04,31
444,444,9.51,29
445,445,7.96,23
446,446,9.52,28
447,447,11.02,34
448,448,6.91,23
449,449,11.11,36
450,450,4.03,12
451,451,5.01,18
452,452,1.53,6
453,453,9.24,27
454,454,14.87,44
455,455,4.45,16
456,456,1.97,5
457,457,6.17,20
458,458,7.15,24
459,459,10.70,36
460,460,10.78,33
461,461,14.55,44
462,462,13.03,39
463,463,1.29,7
464,464,6.49,20
465,465,4.71,16
466,466,14.50,47
467,467,8.22,28
468,468,8.94,30
469,469,5.91,21
470,470,2.74,10
471,471,12.66,37
472,472,5.79,21
473,473,1.73,8
474,474,5.48,20
475,475,13.09,41
476,476,5.51,17
477,477,12.97,42
478,478,6.30,18
479,479,1.39,5
480,480,10.58,32
481,481,9.02,31
482,482,10.39,33
483,483,10.23,30
484,484,10.68,32
485,485,9.63,30
486,486,2.96,11
487,487,8.51,26
488,488,13.52,44
489,489,5.12,19
490,490,13.14,43
491,491,3.36,10
492,492,10.18,31
493,493,13.76,42
494,494,10.40,33
495,495,6.96,22
496,496,14.05,46
497,497,1.02,6
498,498,10.95,34
499,499,12.47,37
500,500,7.69,23
501,501,2.11,6
502,502,11.02,33
503,503,14.84,44
504,504,11.59,36
505,505,4.21,12
506,506,11.48,36
507,507,7.07,23
508,508,13.50,40
509,509,1.15,7
510,510,4.94,16
511,511,8.54,29
512,512,10.61,34
513,513,7.70,24
514,514,2.48,8
515,515,6.93,21
516,516,12.97,42
517,517,8.69,29
518,518,5.86,17
519,519,10.21,30
520,520,3.19,9
521,521,8.81,28
522,522,12.99,39
523,523,6.06,18
524,524,8.36,27
525,525,7.16,21
526,526,10.25,34
527,527,3.05,13
528,528,10.09,31
529,529,5.40,16
530,530,5.74,19
531,531,14.29,42
532,532,12.79,39
533,533,1.52,6
534,534,4.89,16
535,535,4.82,15
536,536,14.57,44
537,537,14.03,43
538,538,11.33,37
539,539,10.38,33
540,540,8.22,24
541,541,15.00,48
542,542,8.55,28
543,543,2.64,11
544,544,1.89,9
545,545,7.65,24
546,546,6.52,19
547,547,9.85,29
548,548,9.60,30
549,549,11.01,35
550,550,11.40,34
551,551,10.64,35
552,552,9.08,27
553,553,12.82,39
554,554,5.40,18
555,555,2.24,10
556,556,13.79,41
557,557,9.70,29
558,558,14.55,45
559,559,8.53,26
560,560,11.17,33
561,561,2.38,11
562,562,5.38,16
563,563,3.97,11
564,564,12.44,41
565,565,13.19,42
566,566,6.67,22
567,567,6.29,19
568,568,12.47,37
569,569,7.00,22
570,570,11.81,35
571,571,9.82,33
572,572,9.92,32
573,573,6.85,21
574,574,6.86,24
575,575,7.56,24
576,576,6.73,20
577,577,7.68,23
578,578,10.70,32
579,579,6.58,20
580,580,1.50,8
581,581,11.85,38
582,582,1.93,9
583,583,11.17,34
584,584,3.40,11
585,585,13.45,41
586,586,5.67,19
587,587,10.28,34
588,588,3.93,14
589,589,7.35,23
590,590,7.08,23
591,591,14.58,43
592,592,2.28,9
593,593,7.78,24
594,594,11.69,36
595,595,3.41,13
596,596,8.58,28
597,597,6.76,24
598,598,4.34,16
599,599,1.10,3
600,600,12.91,40
601,601,6.64,20
602,602,3.13,10
603,603,10.04,32
604,604,5.45,20
605,605,6.37,22
606,606,8.59,27
607,607,4.29,12
608,608,12.22,37
609,609,14.87,44
610,610,14.17,42
611,611,12.65,40
612,612,12.59,41
613,613,11.48,34
614,614,12.71,41
615,615,2.34,11
616,616,13.72,42
617,617,11.60,34
618,618,1.81,6
619,619,3.68,12
620,620,11.60,38
621,621,7.94,23
622,622,6.47,20
623,623,12.88,39
624,624,5.47,19
625,625,9.83,31
626,626,1.95,8
627,627,8.83,27
628,628,10.07,33
629,629,12.23,40
630,630,5.72,20
631,631,11.98,38
632,632,6.45,23
633,633,13.22,40
634,634,2.26,6
635,635,14.93,46
636,636,8.44,25
637,637,7.68,26
638,638,3.51,10
639,639,8.70,27
640,640,3.34,11
641,641,1.10,5
642,642,6.88,20
643,643,6.51,22
644,644,4.53,13
645,645,9.01,31
646,646,12.41,40
647,647,10.88,36
648,648,4.58,14
649,649,6.21,19
650,650,10.55,34
651,651,12.85,41
652,652,3.45,11
653,653,12.09,37
654,654,10.03,32
655,655,1.76,8
656,656,5.92,17
657,657,1.23,7
658,658,9.05,28
659,659,3.28,12
660,660,9.43,29
661,661,14.81,46
662,662,13.31,40
663,663,8.38,28
664,664,6.69,24
665,665,1.31,5
666,666,8.11,28
667,667,6.06,22
668,668,13.52,43
669,669,12.88,38
670,670,1.75,6
671,671,11.82,38
672,672,13.35,40
673,673,9.27,31
674,674,8.69,30
675,675,12.57,41
676,676,13.43,40
677,677,6.93,21
678,678,2.00,7
679,679,7.89,27
680,680,5.41,17
681,681,2.40,11
682,682,12.52,38
683,683,5.87,19
684,684,4.49,16
685,685,2.43,11
686,686,11.45,38
687,687,2.06,10
688,688,12.82,39
689,689,14.05,43
690,690,10.79,33
691,691,7.27,21
692,692,1.53,7
693,693,4.23,14
694,694,6.36,22
695,695,10.25,30
696,696,10.39,34
697,697,8.68,28
698,698,1.18,4
699,699,7.14,24
700,700,11.35,35
701,701,6.91,23
702,702,13.77,41
703,703,1.76,8
704,704,3.65,14
705,705,3.37,11
706,706,1.95,5
707,707,14.91,48
708,708,4.12,12
709,709,6.41,20
710,710,4.16,14
711,711,9.32,30
712,712,8.04,24
713,713,6.84,23
714,714,3.14,11
715,715,12.29,38
716,716,13.84,41
717,717,6.69,22
718,718,2.66,9
719,719,13.02,39
720,720,1.66,8
721,721,4.71,18
722,722,8.49,28
723,723,2.74,8
724,724,10.52,34
725,725,8.18,28
726,726,1.49,7
727,727,2.96,10
728,728,3.99,12
729,729,4.68,17
730,730,2.18,9
731,731,1.56,7
732,732,13.26,42
733,733,3.28,11
734,734,3.51,10
735,735,6.33,23
736,736,9.16,28
737,737,14.47,45
738,738,7.28,23
739,739,2.34,11
740,740,7.27,21
741,741,3.31,13
742,742,3.97,15
743,743,12.00,40
744,744,6.12,18
745,745,12.89,41
746,746,4.98,16
747,747,3.65,13
748,748,4.49,13
749,749,3.13,9
750,750,11.05,35
751,751,5.81,21
752,752,8.21,28
753,753,9.65,28
754,754,13.52,43
755,755,7.92,26
756,756,11.38,34
757,757,12.78,42
758,758,9.62,30
759,759,4.46,13
760,760,13.74,43
761,761,14.77,45
762,762,5.98,19
763,763,2.61,10
764,764,4.53,15
765,765,5.04,16
766,766,6.22,21
767,767,5.87,20
768,768,11.33,37
769,769,14.82,44
770,770,13.30,43
771,771,12.66,38
772,772,4.46,13
773,773,13.32,41
774,774,8.99,30
775,775,6.27,18
776,776,8.79,28
777,777,3.14,9
778,778,4.48,14
779,779,6.58,20
780,780,11.27,34
781,781,4.08,15
782,782,3.41,10
783,783,4.25,15
784,784,9.42,29
785,785,9.16,30
786,786,2.31,9
787,787,1.81,7
788,788,4.55,15
789,789,9.68,29
790,790,10.62,32
791,791,4.16,12
792,792,10.26,34
793,793,6.13,21
794,794,3.31,11
795,795,14.13,46
796,796,14.73,45
797,797,1.91,5
798,798,7.70,26
799,799,12.14,37
800,800,9.18,29
801,801,6.37,22
802,802,2.20,10
803,803,10.41,31
804,804,13.01,39
805,805,13.31,43
806,806,4.75,18
807,807,9.11,30
808,808,8.83,29
809,809,5.74,17
810,810,4.11,14
811,811,1.61,7
812,812,7.74,24
813,813,2.15,9
814,814,1.07,4
815,815,14.63,44
816,816,5.17,16
817,817,7.44,22
818,818,4.32,14
819,819,10.11,30
820,820,14.78,45
821,821,14.23,44
822,822,1.16,7
823,823,1.55,6
824,824,10.86,35
825,825,13.28,41
826,826,7.03,23
827,827,5.16,18
828,828,2.80,11
829,829,7.65,26
830,830,5.26,18
831,831,1.38,6
832,832,2.18,7
833,833,6.82,23
834,834,3.08,13
835,835,3.47,12
836,836,7.50,24
837,837,12.94,39
838,838,1.41,5
839,839,7.18,23
840,840,9.47,28
841,841,9.60,29
842,842,14.72,46
843,843,14.83,44
844,844,13.69,44
845,845,9.04,28
846,846,10.38,33
847,847,8.07,26
848,848,7.78,27
849,849,1.46,5
850,850,13.19,42
851,851,1.31,7
852,852,6.02,22
853,853,13.53,44
854,854,4.71,15
855,855,9.92,33
856,856,2.53,11
857,857,4.29,16
858,858,7.15,22
859,859,12.01,38
860,860,13.61,40
861,861,10.17,32
862,862,9.91,33
863,863,2.35,11
864,864,14.69,46
865,865,13.33,41
866,866,3.62,12
867,867,1.04,6
868,868,2.24,6
869,869,8.97,29
870,870,14.22,45
871,871,6.76,21
872,872,2.22,10
873,873,10.23,32
874,874,8.61,28
875,875,2.13,7
876,876,4.43,14
877,877,14.43,43
878,878,14.92,47
879,879,8.99,28
880,880,12.41,38
881,881,11.71,35
882,882,10.18,33
883,883,9.12,27
884,884,12.57,41
885,885,12.62,41
886,886,7.78,23
887,887,4.58,13
888,888,2.78,12
889,889,11.58,34
890,890,6.95,21
891,891,8.35,28
892,892,5.89,17
893,893,12.90,42
894,894,5.11,18
895,895,13.94,43
896,896,2.91,12
897,897,14.95,48
898,898,7.36,26
899,899,7.14,22
900,900,4.66,17
901,901,10.87,33
902,902,10.91,34
903,903,11.39,34
904,904,13.98,44
905,905,14.94,44
906,906,4.02,13
907,907,7.18,23
908,908,12.33,38
909,909,7.24,24
910,910,13.71,41
911,911,8.37,27
912,912,10.38,33
913,913,11.43,38
914,914,7.59,26
915,915,7.46,26
916,916,1.67,8
917,917,5.19,19
918,918,9.19,31
919,919,3.84,15
920,920,5.73,21
921,921,4.27,14
922,922,3.43,12
923,923,11.28,34
924,924,14.52,45
925,925,13.26,43
926,926,8.16,27
927,927,6.07,20
928,928,11.04,34
929,929,11.82,36
930,930,2.52,7
931,931,8.83,28
932,932,1.97,9
933,933,11.29,37
934,934,6.03,18
935,935,13.30,39
936,936,6.44,19
937,937,5.28,15
938,938,8.31,24
939,939,10.99,32
940,940,2.24,10
941,941,12.76,38
942,942,13.21,40
943,943,6.30,21
944,944,4.00,12
945,945,6.16,18
946,946,12.97,42
947,947,2.12,6
948,948,8.29,25
949,949,3.31,13
950,950,5.16,15
951,951,14.00,43
952,952,9.35,30
953,953,2.57,8
954,954,3.05,10
955,955,2.43,9
956,956,3.71,14
957,957,9.24,28
958,958,7.51,25
959,959,9.32,29
960,960,7.11,21
961,961,13.08,43
962,962,4.89,17
963,963,12.28,40
964,964,9.51,32
965,965,3.96,14
966,966,14.86,45
967,967,6.43,21
968,968,5.72,20
969,969,12.98,38
970,970,5.85,20
971,971,4.71,15
972,972,8.46,28
973,973,12.19,37
974,974,8.62,27
975,975,3.57,11
976,976,13.92,42
977,977,4.37,16
978,978,12.87,40
979,979,11.60,35
980,980,13.12,42
981,981,10.59,32
982,982,8.05,27
983,983,5.55,20
984,984,9.91,33
985,985,10.20,33
986,986,13.62,40
987,987,4.97,14
988,988,1.59,7
989,989,7.46,24
990,990,1.96,8
991,991,10.31,33
992,992,4.71,15
993,993,12.61,41
994,994,11.55,35
995,995,9.88,30
996,996,1.69,8
997,997,3.51,10
998,998,8.31,26
999,999,2.85,8
1000,1000,4.27,15
1001,1001,14.07,42
1002,1002,12.00,35
1003,1003,9.59,31
1004,1004,6.15,18
1005,1005,14.06,43
1006,1006,11.55,35
1007,1007,5.00,15
1008,1008,11.20,36
1009,1009,11.68,37
1010,1010,13.48,40
1011,1011,4.57,15
1012,1012,14.68,44
1013,1013,13.59,40
1014,1014,4.89,18
1015,1015,5.15,17
1016,1016,10.40,32
1017,1017,13.61,43
1018,1018,13.45,40
1019,1019,8.00,26
1020,1020,10.28,30
1021,1021,8.41,28
1022,1022,11.57,38
1023,1023,4.41,17
1024,1024,3.49,12
1025,1025,10.37,35
1026,1026,14.40,46
1027,1027,8.23,27
1028,1028,5.06,17
1029,1029,9.14,28
1030,1030,7.79,24
1031,1031,6.86,21
1032,1032,11.64,36
1033,1033,4.20,12
1034,1034,10.86,32
1035,1035,9.24,27
1036,1036,12.17,40
1037,1037,11.77,38
1038,1038,6.21,20
1039,1039,11.91,38
1040,1040,1.33,4
1041,1041,14.99,48
1042,1042,1.47,4
1043,1043,6.35,20
1044,1044,2.12,7
1045,1045,3.97,13
1046,1046,14.29,45
1047,1047,5.64,20
1048,1048,8.83,30
1049,1049,12.64,37
1050,1050,3.70,11
1051,1051,9.48,28
1052,1052,7.58,26
1053,1053,7.00,22
1054,1054,4.79,16
1055,1055,1.15,4
1056,1056,5.40,16
1057,1057,7.42,26
1058,1058,3.26,10
1059,1059,13.94,45
1060,1060,4.46,15
1061,1061,10.04,31
1062,1062,5.18,17
1063,1063,7.39,26
1064,1064,4.33,13
1065,1065,5.67,17
1066,1066,12.21,36
1067,1067,11.96,37
1068,1068,8.23,26
1069,1069,8.80,28
1070,1070,7.76,25
1071,1071,7.02,25
1072,1072,7.93,25
1073,1073,3.23,11
1074,1074,8.75,27
1075,1075,4.35,13
1076,1076,12.24,36
1077,1077,9.56,30
1078,1078,7.03,25
1079,1079,5.59,17
1080,1080,3.14,9
1081,1081,1.24,6
1082,1082,9.96,29
1083,1083,6.84,23
1084,1084,3.77,15
1085,1085,12.31,37
1086,1086,8.30,28
1087,1087,9.26,30
1088,1088,5.68,18
1089,1089,7.80,25
1090,1090,1.21,3
1091,1091,13.29,39
1092,1092,10.65,33
1093,1093,13.63,40
1094,1094,13.40,41
1095,1095,11.35,36
1096,1096,14.84,48
1097,1097,10.04,33
1098,1098,3.95,15
1099,1099,1.62,6
1100,1100,12.26,39
1101,1101,10.96,34
1102,1102,2.12,6
1103,1103,4.84,18
1104,1104,11.75,35
1105,1105,9.86,33
1106,1106,2.66,11
1107,1107,3.93,14
1108,1108,5.23,18
1109,1109,8.27,27
1110,1110,2.16,8
1111,1111,2.45,10
1112,1112,12.16,37
1113,1113,1.11,4
1114,1114,2.93,10
1115,1115,1.78,8
1116,1116,9.06,31
1117,1117,12.77,38
1118,1118,8.15,26
1119,1119,10.63,32
1120,1120,14.99,46
1121,1121,13.74,41
1122,1122,6.08,19
1123,1123,4.41,13
1124,1124,9.21,31
1125,1125,11.09,37
1126,1126,1.69,6
1127,1127,1.29,7
1128,1128,10.21,34
1129,1129,14.09,42
1130,1130,9.42,29
1131,1131,8.81,30
1132,1132,6.87,22
1133,1133,5.38,20
1134,1134,6.95,24
1135,1135,2.49,8
1136,1136,3.50,14
1137,1137,6.40,21
1138,1138,14.45,46
1139,1139,9.71,30
1140,1140,1.11,4
1141,1141,8.67,28
1142,1142,11.43,36
1143,1143,5.74,18
1144,1144,6.06,18
1145,1145,6.54,19
1146,1146,10.96,33
1147,1147,12.91,42
1148,1148,7.12,25
1149,1149,4.22,12
1150,1150,14.77,48
1151,1151,9.26,30
1152,1152,7.24,25
1153,1153,13.61,41
1154,1154,12.61,40
1155,1155,13.61,44
1156,1156,5.30,19
1157,1157,13.34,41
1158,1158,5.38,17
1159,1159,1.95,6
1160,1160,14.08,46
1161,1161,8.85,27
1162,1162,1.87,9
1163,1163,13.26,40
1164,1164,11.52,36
1165,1165,4.31,15
1166,1166,10.82,34
1167,1167,3.06,12
1168,1168,6.26,20
1169,1169,12.64,38
1170,1170,1.23,7
1171,1171,14.75,45
1172,1172,14.74,45
1173,1173,7.98,26
1174,1174,10.48,33
1175,1175,11.14,37
1176,1176,14.52,46
1177,1177,3.94,15
1178,1178,7.30,24
1179,1179,10.54,31
1180,1180,10.42,33
1181,1181,3.88,11
1182,1182,11.81,36
1183,1183,7.17,22
1184,1184,9.25,29
1185,1185,5.99,21
1186,1186,3.77,14
1187,1187,9.85,32
1188,1188,4.18,14
1189,1189,6.87,21
1190,1190,9.91,31
1191,1191,10.04,31
1192,1192,13.35,40
1193,1193,7.17,21
1194,1194,5.12,19
1195,1195,1.27,4
1196,1196,6.05,20
1197,1197,12.13,40
1198,1198,5.26,15
1199,1199,1.80,9
1200,1200,2.21,6
1201,1201,12.03,39
1202,1202,3.99,13
1203,1203,4.04,15
1204,1204,1.60,6
1205,1205,6.64,20
1206,1206,13.10,42
1207,1207,5.70,17
1208,1208,4.96,17
1209,1209,9.42,30
1210,1210,11.81,36
1211,1211,5.18,17
1212,1212,14.47,47
1213,1213,13.65,40
1214,1214,5.46,18
1215,1215,3.04,13
1216,1216,6.86,23
1217,1217,10.74,35
1218,1218,11.12,34
1219,1219,9.62,30
1220,1220,4.33,12
1221,1221,10.14,33
1222,1222,3.14,11
1223,1223,9.46,31
1224,1224,2.41,8
1225,1225,3.27,11
1226,1226,4.99,17
1227,1227,3.20,12
1228,1228,1.22,5
1229,1229,5.16,18
1230,1230,10.27,30
1231,1231,9.52,32
1232,1232,5.10,19
1233,1233,3.66,11
1234,1234,14.55,45
1235,1235,12.31,38
1236,1236,4.16,12
1237,1237,5.31,18
1238,1238,8.98,26
1239,1239,11.36,37
1240,1240,8.13,24
1241,1241,1.67,6
1242,1242,4.44,17
1243,1243,7.89,24
1244,1244,3.03,12
1245,1245,9.88,30
1246,1246,7.36,23
1247,1247,6.96,20
1248,1248,10.18,33
1249,1249,6.34,21
1250,1250,8.47,29
1251,1251,10.50,34
1252,1252,1.57,8
1253,1253,14.71,46
1254,1254,13.21,43
1255,1255,10.79,33
1256,1256,14.66,46
1257,1257,5.84,19
1258,1258,12.54,40
1259,1259,4.26,12
1260,1260,12.86,40
1261,1261,7.93,23
1262,1262,5.92,19
1263,1263,4.06,15
1264,1264,13.53,44
1265,1265,11.63,34
1266,1266,4.16,14
1267,1267,2.48,7
1268,1268,9.99,30
1269,1269,4.79,16
1270,1270,11.26,37
1271,1271,10.40,35
1272,1272,10.25,31
1273,1273,9.12,30
1274,1274,4.82,17
1275,1275,5.17,16
1276,1276,9.15,29
1277,1277,11.42,36
1278,1278,13.19,43
1279,1279,13.54,40
1280,1280,6.46,22
1281,1281,7.13,21
1282,1282,11.07,35
1283,1283,8.03,25
1284,1284,9.38,28
1285,1285,10.81,36
1286,1286,4.67,14
1287,1287,7.30,24
1288,1288,13.44,40
1289,1289,10.90,33
1290,1290,4.18,16
1291,1291,5.22,15
1292,1292,1.22,3
1293,1293,8.80,26
1294,1294,6.48,21
1295,1295,11.91,35
1296,1296,6.77,21
1297,1297,12.01,40
1298,1298,11.29,37
1299,1299,10.25,33
1300,1300,4.27,12
1301,1301,12.95,38
1302,1302,7.74,27
1303,1303,8.94,30
1304,1304,8.37,27
1305,1305,8.26,25
1306,1306,2.97,9
1307,1307,6.14,21
1308,1308,13.35,43
1309,1309,7.52,24
1310,1310,11.01,36
1311,1311,12.92,39
1312,1312,14.56,43
1313,1313,2.61,10
1314,1314,3.57,11
1315,1315,12.04,37
1316,1316,7.63,25
1317,1317,2.52,7
1318,1318,6.64,22
1319,1319,9.64,31
1320,1320,1.39,8
1321,1321,4.53,15
1322,1322,14.12,46
1323,1323,4.14,12
1324,1324,4.06,13
1325,1325,10.67,34
1326,1326,3.59,14
1327,1327,10.74,35
1328,1328,10.56,32
1329,1329,14.59,46
1330,1330,4.69,15
1331,1331,1.70,7
1332,1332,5.27,17
1333,1333,4.83,16
1334,1334,9.67,29
1335,1335,14.79,48
1336,1336,12.77,42
1337,1337,8.09,26
1338,1338,2.59,10
1339,1339,11.56,36
1340,1340,10.48,34
1341,1341,11.18,34
1342,1342,6.66,21
1343,1343,2.68,9
1344,1344,6.40,23
1345,1345,8.44,27
1346,1346,12.66,41
1347,1347,7.87,27
1348,1348,9.55,28
1349,1349,12.44,41
1350,1350,9.28,29
1351,1351,14.63,43
1352,1352,5.25,17
1353,1353,9.68,32
1354,1354,8.14,28
1355,1355,13.04,41
1356,1356,2.72,11
1357,1357,1.17,5
1358,1358,8.37,28
1359,1359,13.68,45
1360,1360,11.62,35
1361,1361,12.83,41
1362,1362,6.02,21
1363,1363,4.66,15
1364,1364,4.41,14
1365,1365,6.70,21
1366,1366,12.57,37
1367,1367,6.00,18
1368,1368,5.40,16
1369,1369,10.37,34
1370,1370,5.44,16
1371,1371,10.61,33
1372,1372,11.68,38
1373,1373,3.83,11
1374,1374,12.42,38
1375,1375,7.53,25
1376,1376,10.94,32
1377,1377,14.24,42
1378,1378,11.36,35
1379,1379,6.72,24
1380,1380,4.49,14
1381,1381,11.63,38
1382,1382,9.95,32
1383,1383,10.03,32
1384,1384,2.11,9
1385,1385,7.41,26
1386,1386,12.51,38
1387,1387,3.70,14
1388,1388,6.45,19
1389,1389,11.46,37
1390,1390,2.48,9
1391,1391,8.24,25
1392,1392,5.62,18
1393,1393,4.68,17
1394,1394,7.57,25
1395,1395,13.37,43
1396,1396,13.18,40
1397,1397,3.22,9
1398,1398,9.47,29
1399,1399,8.81,30
1400,1400,7.02,24
1401,1401,10.79,34
1402,1402,1.91,5
1403,1403,10.65,33
1404,1404,10.40,33
1405,1405,4.10,16
1406,1406,7.04,25
1407,1407,8.45,27
1408,1408,2.69,8
1409,1409,9.80,33
1410,1410,4.30,14
1411,1411,6.31,18
1412,1412,10.79,32
1413,1413,1.14,4
1414,1414,4.55,15
1415,1415,3.55,10
1416,1416,2.77,11
1417,1417,13.41,42
1418,1418,3.12,13
1419,1419,8.95,28
1420,1420,3.52,10
1421,1421,9.31,30
1422,1422,7.97,25
1423,1423,12.24,37
1424,1424,7.44,26
1425,1425,14.27,44
1426,1426,6.51,21
1427,1427,14.25,43
1428,1428,9.59,32
1429,1429,2.08,9
1430,1430,3.50,11
1431,1431,7.21,22
1432,1432,4.30,15
1433,1433,3.19,11
1434,1434,6.57,20
1435,1435,9.05,31
1436,1436,1.60,4
1437,1437,5.75,19
1438,1438,1.33,7
1439,1439,8.56,27
1440,1440,14.82,48
1441,1441,4.01,12
1442,1442,1.72,8
1443,1443,13.10,40
1444,1444,12.42,40
1445,1445,3.82,13
1446,1446,7.51,23
1447,1447,13.23,39
1448,1448,1.40,6
1449,1449,7.86,26
1450,1450,14.64,44
1451,1451,8.10,26
1452,1452,2.94,11
1453,1453,2.05,8
1454,1454,3.74,14
1455,1455,12.84,40
1456,1456,14.92,47
1457,1457,4.45,14
1458,1458,11.63,36
1459,1459,4.12,16
1460,1460,10.95,36
1461,1461,12.31,40
1462,1462,10.18,31
1463,1463,4.20,15
1464,1464,9.91,29
1465,1465,14.18,46
1466,1466,14.33,45
1467,1467,12.10,37
1468,1468,2.50,10
1469,1469,3.75,14
1470,1470,2.35,9
1471,1471,1.94,8
1472,1472,10.49,31
1473,1473,6.24,18
1474,1474,1.11,5
1475,1475,7.99,23
1476,1476,4.35,13
1477,1477,1.03,3
1478,1478,10.86,32
1479,1479,3.94,13
1480,1480,8.15,24
1481,1481,12.94,40
1482,1482,9.92,29
1483,1483,14.56,44
1484,1484,5.81,18
1485,1485,11.92,39
1486,1486,10.59,32
1487,1487,11.75,37
1488,1488,12.37,39
1489,1489,13.46,42
1490,1490,12.82,42
1491,1491,5.21,19
1492,1492,3.03,13
1493,1493,2.44,11
1494,1494,1.68,8
1495,1495,12.21,40
1496,1496,1.64,8
1497,1497,5.89,19
1498,1498,9.00,29
1499,1499,14.82,45
1500,1500,3.95,14
1501,1501,1.22,6
1502,1502,8.18,26
1503,1503,5.29,19
1504,1504,14.14,46
1505,1505,10.60,31
1506,1506,11.37,36
1507,1507,2.30,7
1508,1508,4.18,12
1509,1509,10.88,34
1510,1510,10.51,32
1511,1511,14.86,44
1512,1512,10.77,36
1513,1513,1.26,5
1514,1514,9.78,29
1515,1515,7.87,23
1516,1516,7.80,25
1517,1517,1.99,7
1518,1518,7.40,26
1519,1519,2.74,11
1520,1520,4.17,12
1521,1521,1.37,8
1522,1522,4.66,16
1523,1523,10.55,32
1524,1524,3.15,9
1525,1525,6.18,19
1526,1526,1.16,7
1527,1527,10.33,31
1528,1528,3.55,12
1529,1529,13.63,44
1530,1530,13.26,41
1531,1531,5.04,15
1532,1532,4.00,12
1533,1533,2.57,11
1534,1534,9.24,31
1535,1535,11.76,35
1536,1536,10.60,32
1537,1537,12.50,39
1538,1538,14.88,46
1539,1539,9.75,31
1540,1540,8.63,26
1541,1541,13.46,42
1542,1542,7.00,24
1543,1543,9.51,29
1544,1544,5.10,16
1545,1545,12.73,38
1546,1546,14.24,45
1547,1547,6.99,22
1548,1548,10.32,31
1549,1549,12.03,37
1550,1550,10.04,34
1551,1551,8.16,28
1552,1552,13.85,45
1553,1553,1.38,6
1554,1554,6.58,21
1555,1555,14.57,46
1556,1556,5.60,20
1557,1557,3.52,13
1558,1558,13.30,42
1559,1559,6.00,19
1560,1560,9.08,29
1561,1561,8.09,28
1562,1562,14.50,44
1563,1563,9.67,31
1564,1564,4.03,15
1565,1565,12.13,39
1566,1566,14.55,46
1567,1567,1.95,9
1568,1568,5.57,18
1569,1569,13.86,43
1570,1570,7.65,23
1571,1571,4.53,17
1572,1572,7.58,22
1573,1573,13.91,41
1574,1574,12.18,39
1575,1575,6.10,19
1576,1576,9.33,29
1577,1577,1.66,5
1578,1578,6.67,21
1579,1579,13.93,43
1580,1580,2.67,12
1581,1581,13.92,45
1582,1582,13.48,40
1583,1583,3.09,11
1584,1584,4.09,13
1585,1585,11.91,36
1586,1586,11.80,35
1587,1587,14.51,45
1588,1588,11.70,35
1589,1589,1.91,7
1590,1590,6.90,23
1591,1591,12.82,39
1592,1592,3.05,11
1593,1593,13.96,41
1594,1594,4.81,15
1595,1595,13.54,41
1596,1596,2.76,8
1597,1597,7.78,25
1598,1598,11.51,37
1599,1599,14.80,48
1600,1600,7.13,22
1601,1601,6.36,23
1602,1602,13.89,41
1603,1603,7.60,23
1604,1604,14.38,44
1605,1605,13.39,44
1606,1606,4.59,17
1607,1607,11.63,35
1608,1608,6.88,23
1609,1609,5.30,16
1610,1610,14.66,46
1611,1611,5.57,20
1612,1612,6.18,22
1613,1613,11.71,39
1614,1614,2.93,9
1615,1615,4.10,14
1616,1616,3.68,12
1617,1617,2.51,8
1618,1618,12.14,36
1619,1619,9.53,30
1620,1620,1.23,7
1621,1621,10.20,33
1622,1622,12.68,40
1623,1623,14.44,43
1624,1624,7.68,26
1625,1625,9.42,31
1626,1626,12.36,37
1627,1627,9.12,27
1628,1628,9.94,33
1629,1629,1.85,9
1630,1630,11.79,36
1631,1631,3.36,10
1632,1632,11.09,33
1633,1633,13.16,40
1634,1634,8.49,29
1635,1635,8.23,26
1636,1636,3.20,11
1637,1637,2.01,6
1638,1638,1.26,3
1639,1639,3.63,13
1640,1640,10.51,34
1641,1641,11.55,34
1642,1642,10.51,35
1643,1643,13.66,42
1644,1644,14.17,46
1645,1645,5.09,19
1646,1646,6.07,21
1647,1647,14.99,47
1648,1648,14.52,43
1649,1649,4.88,17
1650,1650,12.08,40
1651,1651,7.87,24
1652,1652,3.51,13
1653,1653,10.95,34
1654,1654,3.11,11
1655,1655,7.45,26
1656,1656,1.35,7
1657,1657,8.80,29
1658,1658,10.29,32
1659,1659,3.98,13
1660,1660,9.82,31
1661,1661,14.08,42
1662,1662,10.63,35
1663,1663,5.55,17
1664,1664,3.75,13
1665,1665,10.37,33
1666,1666,13.09,39
1667,1667,5.30,15
1668,1668,7.91,23
1669,1669,4.02,16
1670,1670,4.06,12
1671,1671,3.08,12
1672,1672,8.70,26
1673,1673,14.79,45
1674,1674,3.12,12
1675,1675,14.32,45
1676,1676,3.95,15
1677,1677,8.55,27
1678,1678,12.46,41
1679,1679,8.06,27
1680,1680,11.03,37
1681,1681,8.62,25
1682,1682,3.98,14
1683,1683,13.47,42
1684,1684,14.35,43
1685,1685,9.21,30
1686,1686,7.09,23
1687,1687,9.45,32
1688,1688,5.40,16
1689,1689,7.96,27
1690,1690,14.84,44
1691,1691,10.92,32
1692,1692,14.85,47
1693,1693,4.27,13
1694,1694,2.47,11
1695,1695,10.74,33
1696,1696,9.09,30
1697,1697,14.60,47
1698,1698,7.08,21
1699,1699,12.86,40
1700,1700,5.37,19
1701,1701,3.95,15
1702,1702,8.57,26
1703,1703,13.54,43
1704,1704,12.42,41
1705,1705,7.26,22
1706,1706,3.02,12
1707,1707,8.75,27
1708,1708,6.33,20
1709,1709,6.28,22
1710,1710,14.41,43
1711,1711,1.81,5
1712,1712,11.44,37
1713,1713,9.42,30
1714,1714,13.08,39
1715,1715,4.06,13
1716,1716,2.10,10
1717,1717,13.68,45
1718,1718,9.78,32
1719,1719,4.34,14
1720,1720,12.64,39
1721,1721,10.20,30
1722,1722,2.57,10
1723,1723,8.36,25
1724,1724,3.37,11
1725,1725,11.32,34
1726,1726,8.86,29
1727,1727,1.50,5
1728,1728,2.87,12
1729,1729,4.11,16
1730,1730,13.94,44
1731,1731,8.42,28
1732,1732,11.02,37
1733,1733,11.05,35
1734,1734,1.41,8
1735,1735,7.30,24
1736,1736,3.18,10
1737,1737,9.55,30
1738,1738,13.22,39
1739,1739,3.39,11
1740,1740,12.23,39
1741,1741,12.69,40
1742,1742,11.18,35
1743,1743,4.46,13
1744,1744,8.16,25
1745,1745,6.25,19
1746,1746,3.15,9
1747,1747,13.95,43
1748,1748,11.99,36
1749,1749,2.30,7
1750,1750,5.33,16
1751,1751,4.44,17
1752,1752,6.84,20
1753,1753,1.43,4
1754,1754,11.84,38
1755,1755,1.99,9
1756,1756,1.77,7
1757,1757,5.71,19
1758,1758,11.39,38
1759,1759,12.41,41
1760,1760,3.33,9
1761,1761,4.32,12
1762,1762,8.47,28
1763,1763,11.54,38
1764,1764,7.23,25
1765,1765,9.49,31
1766,1766,4.16,15
1767,1767,8.43,26
1768,1768,7.95,23
1769,1769,12.93,38
1770,1770,11.27,35
1771,1771,2.23,7
1772,1772,3.80,15
1773,1773,6.63,19
1774,1774,4.38,14
1775,1775,3.51,10
1776,1776,14.74,44
1777,1777,12.54,39
1778,1778,4.17,16
1779,1779,4.76,16
1780,1780,13.52,40
1781,1781,13.20,40
1782,1782,11.03,37
1783,1783,13.91,44
1784,1784,4.63,13
1785,1785,2.94,9
1786,1786,10.26,34
1787,1787,6.50,19
1788,1788,10.70,32
1789,1789,12.76,41
1790,1790,5.18,17
1791,1791,7.39,25
1792,1792,11.07,37
1793,1793,12.26,38
1794,1794,5.20,15
1795,1795,5.76,19
1796,1796,5.25,17
1797,1797,4.37,13
1798,1798,2.58,7
1799,1799,8.68,30
1800,1800,10.28,31
1801,1801,11.52,38
1802,1802,12.54,39
1803,1803,14.38,47
1804,1804,2.56,10
1805,1805,2.15,10
1806,1806,13.21,41
1807,1807,8.16,25
1808,1808,6.85,22
1809,1809,10.43,33
1810,1810,3.90,12
1811,1811,13.94,45
1812,1812,4.30,14
1813,1813,12.33,41
1814,1814,11.55,36
1815,1815,13.50,43
1816,1816,8.67,29
1817,1817,1.34,8
1818,1818,11.78,38
1819,1819,4.90,15
1820,1820,2.84,9
1821,1821,6.64,21
1822,1822,9.32,30
1823,1823,7.11,25
1824,1824,4.51,16
1825,1825,7.49,25
1826,1826,10.55,34
1827,1827,13.66,40
1828,1828,9.30,29
1829,1829,10.02,33
1830,1830,10.24,31
1831,1831,4.94,16
1832,1832,1.82,6
1833,1833,5.01,16
1834,1834,11.63,38
1835,1835,12.56,39
1836,1836,4.42,15
1837,1837,7.44,24
1838,1838,2.96,10
1839,1839,5.43,20
1840,1840,4.98,15
1841,1841,6.21,18
1842,1842,10.49,32
1843,1843,12.89,41
1844,1844,4.31,13
1845,1845,14.70,47
1846,1846,1.15,4
1847,1847,7.14,24
1848,1848,9.73,30
1849,1849,5.59,16
1850,1850,11.24,35
1851,1851,11.59,37
1852,1852,2.31,8
1853,1853,7.37,22
1854,1854,3.41,11
1855,1855,1.66,5
1856,1856,12.14,37
1857,1857,5.37,20
1858,1858,10.32,31
1859,1859,10.02,33
1860,1860,13.10,39
1861,1861,10.79,36
1862,1862,4.00,15
1863,1863,1.38,4
1864,1864,14.13,46
1865,1865,10.80,35
1866,1866,9.92,29
1867,1867,4.10,15
1868,1868,2.19,9
1869,1869,14.25,46
1870,1870,11.42,38
1871,1871,1.36,6
1872,1872,2.38,8
1873,1873,11.05,34
1874,1874,14.09,43
1875,1875,14.78,48
1876,1876,13.11,41
1877,1877,1.87,5
1878,1878,10.63,33
1879,1879,3.21,12
1880,1880,6.54,23
1881,1881,13.68,43
1882,1882,6.81,22
1883,1883,13.43,44
1884,1884,13.83,43
1885,1885,13.69,41
1886,1886,13.98,42
1887,1887,13.25,42
1888,1888,1.96,6
1889,1889,11.41,38
1890,1890,4.12,13
1891,1891,2.80,10
1892,1892,13.66,42
1893,1893,3.66,11
1894,1894,9.74,29
1895,1895,11.27,33
1896,1896,3.51,11
1897,1897,2.37,11
1898,1898,14.82,45
1899,1899,1.76,8
1900,1900,13.78,43
1901,1901,10.85,32
1902,1902,14.12,42
1903,1903,13.62,41
1904,1904,2.49,11
1905,1905,6.29,22
1906,1906,6.55,20
1907,1907,13.24,43
1908,1908,9.26,30
1909,1909,11.62,38
1910,1910,11.15,33
1911,1911,2.75,12
1912,1912,14.65,43
1913,1913,7.55,23
1914,1914,11.56,38
1915,1915,5.64,17
1916,1916,7.02,23
1917,1917,6.45,21
1918,1918,9.45,32
1919,1919,4.29,14
1920,1920,2.08,10
1921,1921,11.61,37
1922,1922,13.16,43
1923,1923,13.39,40
1924,1924,3.65,13
1925,1925,2.42,8
1926,1926,3.76,12
1927,1927,13.16,42
1928,1928,2.63,7
1929,1929,7.24,23
1930,1930,10.36,34
1931,1931,11.38,38
1932,1932,11.73,37
1933,1933,5.04,15
1934,1934,5.50,16
1935,1935,9.61,31
1936,1936,3.99,11
1937,1937,6.28,18
1938,1938,10.91,35
1939,1939,7.31,24
1940,1940,5.47,18
1941,1941,2.97,10
1942,1942,7.20,25
1943,1943,9.39,31
1944,1944,11.40,35
1945,1945,13.73,41
1946,1946,8.15,27
1947,1947,4.19,15
1948,1948,6.05,22
1949,1949,14.61,45
1950,1950,9.26,30
1951,1951,7.37,22
1952,1952,13.89,45
1953,1953,9.73,33
1954,1954,8.01,25
1955,1955,14.95,44
1956,1956,14.28,44
1957,1957,5.35,17
1958,1958,4.95,15
1959,1959,4.11,12
1960,1960,7.75,27
1961,1961,4.35,13
1962,1962,14.82,46
1963,1963,4.66,16
1964,1964,11.03,34
1965,1965,4.98,15
1966,1966,13.67,42
1967,1967,8.23,25
1968,1968,4.11,16
1969,1969,9.57,28
1970,1970,14.78,46
1971,1971,5.42,16
1972,1972,7.18,22
1973,1973,2.86,9
1974,1974,6.86,21
1975,1975,11.99,38
1976,1976,8.82,30
1977,1977,13.52,44
1978,1978,14.29,45
1979,1979,2.51,11
1980,1980,9.50,31
1981,1981,13.50,42
1982,1982,1.33,4
1983,1983,4.85,16
1984,1984,12.70,41
1985,1985,6.85,20
1986,1986,13.75,41
1987,1987,4.76,18
1988,1988,11.38,38
1989,1989,10.18,33
1990,1990,8.57,28
1991,1991,6.07,18
1992,1992,10.80,32
1993,1993,3.70,12
1994,1994,7.41,22
1995,1995,4.48,17
1996,1996,3.20,10
1997,1997,2.90,12
1998,1998,8.08,24
1999,1999,8.29,25
2000,2000,2.55,7
2001,2001,1.53,4
2002,2002,10.64,33
2003,2003,6.46,23
2004,2004,11.08,36
2005,2005,14.14,45
2006,2006,14.75,44
2007,2007,5.56,18
2008,2008,11.32,35
2009,2009,6.31,18
2010,2010,6.10,20
2011,2011,1.84,9
2012,2012,4.21,15
2013,2013,10.08,31
2014,2014,4.11,14
2015,2015,11.37,38
2016,2016,12.34,41
2017,2017,6.43,19
2018,2018,11.53,37
2019,2019,6.22,18
2020,2020,9.74,31
2021,2021,8.07,24
2022,2022,6.92,23
2023,2023,14.32,45
2024,2024,14.60,44
2025,2025,7.50,22
2026,2026,14.83,47
2027,2027,6.34,20
2028,2028,10.37,31
2029,2029,9.88,33
2030,2030,10.31,31
2031,2031,4.27,16
2032,2032,9.30,27
2033,2033,13.15,40
2034,2034,6.80,20
2035,2035,5.94,18
2036,2036,11.90,38
2037,2037,11.44,35
2038,2038,7.43,25
2039,2039,13.05,43
2040,2040,13.68,43
2041,2041,4.22,15
2042,2042,14.72,44
2043,2043,1.39,5
2044,2044,14.48,43
2045,2045,14.75,46
2046,2046,14.28,44
2047,2047,11.32,36
2048,2048,13.33,42
2049,2049,8.24,25
2050,2050,8.36,25
2051,2051,12.51,40
2052,2052,11.17,34
2053,2053,13.90,43
2054,2054,8.69,26
2055,2055,9.57,29
2056,2056,7.19,21
2057,2057,3.23,10
2058,2058,13.87,41
2059,2059,5.54,17
2060,2060,9.56,32
2061,2061,10.48,35
2062,2062,11.16,34
2063,2063,8.64,29
2064,2064,3.79,15
2065,2065,5.85,19
2066,2066,14.60,44
2067,2067,7.91,27
2068,2068,8.98,29
2069,2069,2.81,10
2070,2070,11.79,37
2071,2071,14.04,44
2072,2072,1.47,8
2073,2073,1.14,7
2074,2074,11.08,37
2075,2075,9.47,31
2076,2076,12.85,40
2077,2077,12.19,40
2078,2078,11.28,37
2079,2079,1.91,8
2080,2080,1.83,5
2081,2081,6.65,23
2082,2082,11.58,34
2083,2083,4.71,17
2084,2084,4.50,14
2085,2085,6.85,24
2086,2086,11.31,35
2087,2087,14.81,46
2088,2088,1.81,7
2089,2089,8.77,28
2090,2090,7.96,24
2091,2091,14.31,42
2092,2092,9.29,30
2093,2093,4.81,17
2094,2094,7.08,25
2095,2095,9.56,31
2096,2096,11.89,39
2097,2097,11.69,39
2098,2098,7.88,26
2099,2099,9.91,31
2100,2100,2.48,7
2101,2101,11.91,35
2102,2102,14.12,46
2103,2103,5.39,17
2104,2104,11.16,36
2105,2105,7.38,26
2106,2106,4.24,15
2107,2107,5.99,17
2108,2108,13.78,44
2109,2109,1.52,4
2110,2110,7.94,25
2111,2111,13.26,43
2112,2112,11.30,34
2113,2113,4.02,13
2114,2114,12.43,40
2115,2115,2.10,9
2116,2116,9.95,29
2117,2117,6.47,21
2118,2118,2.24,8
2119,2119,12.29,39
2120,2120,9.67,29
2121,2121,13.60,41
2122,2122,9.94,32
2123,2123,7.87,27
2124,2124,3.25,11
2125,2125,14.54,47
2126,2126,9.53,31
2127,2127,9.18,31
2128,2128,14.93,45
2129,2129,13.13,41
2130,2130,1.14,7
2131,2131,4.38,13
2132,2132,8.33,28
2133,2133,11.90,35
2134,2134,11.16,33
2135,2135,14.65,44
2136,2136,8.14,27
2137,2137,13.84,45
2138,2138,12.18,36
2139,2139,8.66,26
2140,2140,7.45,26
2141,2141,6.56,21
2142,2142,8.61,29
2143,2143,4.79,18
2144,2144,5.75,19
2145,2145,7.61,24
2146,2146,14.28,42
2147,2147,7.79,23
2148,2148,12.83,40
2149,2149,1.57,6
2150,2150,13.31,40
2151,2151,6.88,21
2152,2152,14.59,43
2153,2153,8.55,29
2154,2154,2.35,8
2155,2155,11.97,35
2156,2156,12.03,38
2157,2157,14.71,46
2158,2158,7.75,27
2159,2159,10.91,32
2160,2160,2.27,10
2161,2161,2.62,10
2162,2162,5.67,19
2163,2163,1.40,5
2164,2164,9.18,30
2165,2165,5.81,18
2166,2166,6.96,21
2167,2167,12.76,38
2168,2168,11.26,35
2169,2169,7.60,25
2170,2170,7.38,22
2171,2171,5.34,19
2172,2172,8.33,25
2173,2173,14.83,48
2174,2174,11.27,34
2175,2175,13.78,42
2176,2176,13.07,41
2177,2177,10.28,30
2178,2178,2.41,11
2179,2179,4.51,15
2180,2180,7.05,22
2181,2181,10.01,30
2182,2182,3.08,9
2183,2183,7.68,24
2184,2184,9.37,29
2185,2185,11.64,36
2186,2186,10.15,34
2187,2187,1.12,7
2188,2188,9.75,31
2189,2189,10.35,34
2190,2190,4.48,17
2191,2191,4.39,14
2192,2192,13.80,45
2193,2193,13.35,42
2194,2194,5.17,18
2195,2195,9.90,32
2196,2196,8.56,28
2197,2197,5.47,18
2198,2198,10.29,34
2199,2199,10.26,32
2200,2200,12.87,38
2201,2201,5.63,18
2202,2202,4.56,13
2203,2203,2.50,10
2204,2204,10.57,32
2205,2205,3.21,9
2206,2206,13.15,40
2207,2207,1.69,9
2208,2208,9.92,32
2209,2209,1.14,4
2210,2210,13.44,42
2211,2211,12.15,39
2212,2212,6.87,21
2213,2213,1.80,5
2214,2214,5.39,20
2215,2215,4.04,13
2216,2216,6.62,20
2217,2217,10.58,32
2218,2218,5.39,16
2219,2219,14.44,47
2220,2220,8.07,28
2221,2221,3.34,11
2222,2222,4.61,13
2223,2223,2.16,8
2224,2224,10.50,33
2225,2225,2.53,10
2226,2226,1.41,6
2227,2227,14.17,44
2228,2228,6.45,20
2229,2229,10.29,33
2230,2230,12.67,38
2231,2231,3.44,13
2232,2232,11.44,34
2233,2233,11.09,34
2234,2234,2.16,6
2235,2235,1.54,6
2236,2236,12.12,36
2237,2237,3.81,15
2238,2238,10.42,35
2239,2239,8.73,29
2240,2240,7.88,23
2241,2241,12.61,37
2242,2242,12.85,42
2243,2243,8.18,28
2244,2244,5.78,19
2245,2245,2.33,6
2246,2246,6.84,23
2247,2247,10.05,31
2248,2248,9.10,28
2249,2249,12.48,40
2250,2250,13.68,45
2251,2251,4.69,14
2252,2252,12.85,40
2253,2253,1.35,7
2254,2254,12.26,37
2255,2255,14.79,45
2256,2256,2.87,8
2257,2257,13.50,44
2258,2258,1.21,7
2259,2259,4.12,15
2260,2260,10.37,32
2261,2261,7.50,26
2262,2262,6.77,21
2263,2263,5.98,18
2264,2264,2.93,12
2265,2265,1.17,5
2266,2266,4.10,13
2267,2267,9.69,29
2268,2268,13.00,42
2269,2269,6.16,22
2270,2270,7.95,26
2271,2271,6.18,20
2272,2272,13.83,43
2273,2273,5.19,18
2274,2274,12.41,37
2275,2275,9.15,27
2276,2276,5.76,19
2277,2277,2.36,8
2278,2278,1.07,5
2279,2279,4.49,15
2280,2280,9.40,28
2281,2281,5.85,18
2282,2282,2.68,12
2283,2283,3.99,14
2284,2284,1.24,4
2285,2285,6.23,18
2286,2286,10.29,33
2287,2287,4.64,16
2288,2288,6.93,20
2289,2289,13.60,40
2290,2290,9.48,30
2291,2291,7.25,23
2292,2292,12.68,39
2293,2293,2.92,11
2294,2294,11.98,39
2295,2295,12.20,38
2296,2296,14.54,43
2297,2297,2.94,9
2298,2298,1.34,7
2299,2299,5.55,17
2300,2300,13.00,41
2301,2301,12.22,38
2302,2302,13.39,43
2303,2303,10.23,34
2304,2304,7.99,27
2305,2305,11.29,35
2306,2306,13.89,45
2307,2307,5.09,17
2308,2308,3.03,13
2309,2309,10.74,32
2310,2310,3.25,12
2311,2311,7.28,24
2312,2312,5.40,20
2313,2313,14.70,46
2314,2314,8.21,28
2315,2315,1.63,5
2316,2316,8.04,24
2317,2317,7.89,25
2318,2318,14.69,47
2319,2319,4.96,14
2320,2320,10.94,36
2321,2321,12.68,40
2322,2322,3.56,10
2323,2323,2.83,11
2324,2324,7.83,27
2325,2325,1.94,9
2326,2326,6.02,22
2327,2327,13.17,42
2328,2328,1.34,4
2329,2329,6.59,23
2330,2330,14.01,46
2331,2331,5.59,16
2332,2332,13.73,42
2333,2333,5.27,19
2334,2334,12.11,38
2335,2335,3.74,15
2336,2336,11.06,35
2337,2337,10.46,31
2338,2338,11.79,35
2339,2339,7.20,24
2340,2340,6.97,23
2341,2341,3.70,11
2342,2342,2.81,10
2343,2343,4.17,16
2344,2344,7.94,27
2345,2345,5.30,19
2346,2346,9.38,32
2347,2347,3.80,12
2348,2348,2.33,9
2349,2349,7.13,25
2350,2350,7.41,23
2351,2351,12.86,42
2352,2352,2.25,8
2353,2353,12.18,40
2354,2354,10.19,33
2355,2355,9.38,31
2356,2356,6.45,21
2357,2357,2.66,11
2358,2358,5.52,20
2359,2359,11.00,36
2360,2360,13.89,45
2361,2361,14.95,46
2362,2362,4.32,16
2363,2363,9.77,31
2364,2364,2.17,10
2365,2365,4.82,17
2366,2366,6.87,22
2367,2367,4.19,12
2368,2368,6.93,24
2369,2369,11.08,37
2370,2370,5.22,16
2371,2371,11.30,36
2372,2372,9.18,27
2373,2373,9.13,27
2374,2374,5.47,17
2375,2375,5.62,18
2376,2376,13.12,43
2377,2377,11.51,34
2378,2378,12.59,39
2379,2379,9.30,27
2380,2380,10.03,31
2381,2381,10.78,33
2382,2382,2.92,12
2383,2383,7.06,23
2384,2384,9.09,28
2385,2385,12.90,41
2386,2386,4.41,15
2387,2387,10.60,32
2388,2388,2.48,8
2389,2389,2.40,7
2390,2390,14.51,44
2391,2391,3.75,11
2392,2392,7.64,26
2393,2393,6.58,22
2394,2394,12.97,42
2395,2395,10.44,35
2396,2396,11.17,36
2397,2397,5.76,21
2398,2398,10.98,34
2399,2399,5.79,17
2400,2400,4.97,18
2401,2401,7.95,24
2402,2402,10.74,35
2403,2403,11.60,37
2404,2404,3.39,13
2405,2405,1.82,6
2406,2406,5.19,19
2407,2407,11.01,35
2408,2408,11.06,35
2409,2409,13.95,41
2410,2410,11.66,37
2411,2411,5.32,19
2412,2412,6.71,20
2413,2413,8.95,28
2414,2414,9.41,31
2415,2415,14.03,46
2416,2416,13.79,42
2417,2417,14.41,44
2418,2418,12.90,39
2419,2419,14.43,45
2420,2420,8.23,24
2421,2421,12.68,39
2422,2422,7.84,23
2423,2423,8.83,28
2424,2424,12.92,41
2425,2425,4.68,16
2426,2426,12.70,38
2427,2427,2.72,10
2428,2428,9.00,29
2429,2429,5.35,18
2430,2430,3.87,14
2431,2431,10.21,30
2432,2432,13.69,41
2433,2433,14.97,45
2434,2434,13.23,40
2435,2435,11.98,37
2436,2436,10.95,34
2437,2437,12.75,40
2438,2438,1.65,6
2439,2439,3.05,9
2440,2440,4.73,18
2441,2441,4.33,13
2442,2442,12.34,39
2443,2443,5.42,19
2444,2444,6.57,22
2445,2445,9.86,29
2446,2446,3.23,13
2447,2447,5.81,20
2448,2448,5.32,16
2449,2449,12.28,38
2450,2450,8.25,24
2451,2451,1.73,7
2452,2452,12.23,39
2453,2453,4.41,17
2454,2454,9.05,31
2455,2455,2.68,10
2456,2456,6.06,18
2457,2457,12.00,37
2458,2458,13.53,42
2459,2459,7.38,26
2460,2460,10.08,34
2461,2461,12.32,40
2462,2462,11.19,33
2463,2463,3.87,15
2464,2464,7.52,25
2465,2465,1.14,6
2466,2466,14.90,44
2467,2467,11.82,35
2468,2468,5.16,15
2469,2469,3.80,13
2470,2470,14.16,44
2471,2471,1.48,4
2472,2472,2.73,9
2473,2473,11.64,35
2474,2474,12.16,38
2475,2475,8.20,28
2476,2476,14.25,42
2477,2477,13.21,42
2478,2478,10.61,35
2479,2479,11.81,35
2480,2480,11.72,37
2481,2481,8.99,28
2482,2482,2.32,7
2483,2483,9.28,29
2484,2484,1.53,4
2485,2485,14.05,42
2486,2486,9.87,32
2487,2487,10.96,34
2488,2488,3.94,14
2489,2489,13.91,41
2490,2490,12.05,36
2491,2491,9.23,28
2492,2492,2.57,11
2493,2493,12.02,38
2494,2494,2.36,10
2495,2495,2.96,9
2496,2496,3.99,15
2497,2497,13.73,42
2498,2498,4.46,16
2499,2499,3.09,13
2500,2500,8.28,26
2501,2501,13.39,42
2502,2502,8.14,26
2503,2503,1.19,3
2504,2504,12.88,39
2505,2505,1.67,5
2506,2506,12.37,39
2507,2507,11.13,37
2508,2508,11.21,35
2509,2509,10.94,32
2510,2510,7.20,21
2511,2511,7.13,21
2512,2512,1.57,6
2513,2513,7.33,24
2514,2514,13.05,43
2515,2515,9.79,32
2516,2516,14.14,43
2517,2517,14.84,47
2518,2518,14.78,47
2519,2519,2.36,7
2520,2520,13.94,44
2521,2521,7.86,24
2522,2522,14.07,42
2523,2523,2.09,8
2524,2524,8.73,30
2525,2525,3.56,10
2526,2526,2.08,9
2527,2527,10.01,30
2528,2528,12.09,38
2529,2529,14.53,43
2530,2530,11.98,36
2531,2531,3.83,11
2532,2532,8.92,28
2533,2533,1.11,3
2534,2534,13.97,44
2535,2535,11.21,33
2536,2536,9.06,30
2537,2537,11.38,38
2538,2538,6.98,22
2539,2539,14.27,42
2540,2540,12.04,36
2541,2541,11.82,39
2542,2542,14.90,44
2543,2543,4.97,17
2544,2544,1.15,5
2545,2545,4.08,13
2546,2546,9.51,31
2547,2547,3.53,10
2548,2548,14.66,44
2549,2549,13.21,40
2550,2550,11.01,37
2551,2551,1.62,5
2552,2552,13.93,43
2553,2553,6.75,20
2554,2554,11.42,38
2555,2555,7.74,24
2556,2556,2.70,10
2557,2557,11.53,38
2558,2558,8.14,26
2559,2559,3.06,10
2560,2560,9.63,28
2561,2561,7.59,24
2562,2562,2.33,10
2563,2563,11.21,35
2564,2564,10.09,34
2565,2565,3.44,12
2566,2566,1.56,4
2567,2567,12.42,40
2568,2568,6.52,23
2569,2569,4.39,15
2570,2570,2.40,9
2571,2571,3.36,12
2572,2572,13.15,39
2573,2573,13.18,42
2574,2574,14.06,45
2575,2575,13.72,45
2576,2576,3.60,13
2577,2577,14.54,43
2578,2578,1.03,7
2579,2579,13.02,41
2580,2580,14.07,42
2581,2581,7.58,22
2582,2582,13.65,42
2583,2583,12.02,37
2584,2584,14.45,44
2585,2585,8.08,27
2586,2586,10.90,36
2587,2587,10.41,31
2588,2588,7.18,23
2589,2589,9.25,30
2590,2590,9.34,31
2591,2591,4.79,15
2592,2592,12.33,37
2593,2593,10.55,32
2594,2594,9.48,32
2595,2595,6.43,22
2596,2596,12.01,38
2597,2597,5.70,17
2598,2598,10.29,30
2599,2599,4.72,17
2600,2600,14.63,45
2601,2601,8.07,24
2602,2602,3.86,14
2603,2603,13.13,40
2604,2604,3.34,13
2605,2605,13.66,43
2606,2606,2.17,8
2607,2607,1.98,6
2608,2608,8.61,29
2609,2609,13.35,40
2610,2610,5.00,18
2611,2611,14.80,46
2612,2612,1.39,6
2613,2613,12.75,40
2614,2614,3.84,11
2615,2615,9.26,30
2616,2616,1.18,6
2617,2617,9.00,29
2618,2618,5.44,19
2619,2619,5.98,20
2620,2620,7.90,26
2621,2621,1.13,4
2622,2622,10.70,33
2623,2623,1.78,9
2624,2624,13.84,41
2625,2625,12.86,42
2626,2626,1.83,7
2627,2627,1.10,4
2628,2628,8.10,28
2629,2629,4.97,16
2630,2630,9.33,28
2631,2631,4.99,14
2632,2632,1.71,5
2633,2633,11.72,36
2634,2634,11.61,35
2635,2635,3.43,10
2636,2636,2.58,9
2637,2637,8.53,26
2638,2638,6.33,20
2639,2639,3.44,13
2640,2640,1.91,6
2641,2641,3.33,12
2642,2642,6.69,24
2643,2643,10.36,35
2644,2644,7.30,23
2645,2645,2.36,8
2646,2646,1.33,5
2647,2647,4.43,17
2648,2648,12.80,41
2649,2649,9.91,30
2650,2650,14.96,47
2651,2651,12.59,40
2652,2652,7.79,24
2653,2653,9.21,31
2654,2654,7.34,25
2655,2655,14.03,43
2656,2656,8.92,27
2657,2657,5.62,17
2658,2658,13.50,42
2659,2659,6.90,21
2660,2660,13.53,41
2661,2661,9.09,28
2662,2662,8.30,25
2663,2663,8.12,24
2664,2664,5.57,16
2665,2665,9.33,29
2666,2666,14.82,44
2667,2667,10.55,34
2668,2668,6.93,21
2669,2669,11.62,35
2670,2670,13.07,43
2671,2671,5.97,21
2672,2672,8.42,26
2673,2673,6.55,23
2674,2674,4.48,13
2675,2675,3.40,11
2676,2676,10.31,30
2677,2677,13.50,40
2678,2678,4.85,15
2679,2679,3.68,11
2680,2680,7.45,26
2681,2681,2.20,7
2682,2682,2.37,11
2683,2683,13.09,43
2684,2684,8.32,25
2685,2685,13.43,41
2686,2686,1.76,7
2687,2687,11.75,39
2688,2688,6.68,20
2689,2689,12.48,39
2690,2690,11.24,35
2691,2691,4.25,16
2692,2692,10.80,33
2693,2693,2.89,12
2694,2694,9.63,31
2695,2695,11.72,35
2696,2696,2.28,8
2697,2697,7.30,23
2698,2698,2.47,7
2699,2699,10.40,32
2700,2700,4.43,15
2701,2701,6.01,19
2702,2702,7.02,24
2703,2703,6.02,21
2704,2704,13.68,45
2705,2705,9.63,32
2706,2706,10.11,32
2707,2707,13.99,45
2708,2708,7.44,22
2709,2709,11.44,37
2710,2710,5.30,18
2711,2711,12.69,39
2712,2712,1.75,8
2713,2713,9.08,30
2714,2714,8.04,28
2715,2715,7.28,23
2716,2716,12.87,40
2717,2717,2.13,9
2718,2718,6.73,23
2719,2719,11.65,34
2720,2720,3.46,14
2721,2721,10.08,34
2722,2722,3.98,13
2723,2723,8.64,29
2724,2724,13.03,43
2725,2725,8.57,26
2726,2726,11.65,35
2727,2727,6.96,22
2728,2728,5.50,16
2729,2729,9.85,32
2730,2730,13.41,44
2731,2731,9.73,31
2732,2732,11.20,36
2733,2733,1.32,3
2734,2734,3.37,11
2735,2735,1.85,9
2736,2736,2.79,8
2737,2737,7.12,25
2738,2738,3.78,13
2739,2739,11.03,33
2740,2740,8.00,27
2741,2741,12.51,41
2742,2742,13.36,44
2743,2743,11.52,36
2744,2744,4.81,17
2745,2745,7.65,24
2746,2746,4.91,18
2747,2747,11.04,36
2748,2748,9.15,28
2749,2749,6.98,21
2750,2750,9.19,30
2751,2751,6.64,22
2752,2752,12.65,40
2753,2753,10.37,32
2754,2754,14.77,48
2755,2755,2.58,7
2756,2756,7.43,24
2757,2757,10.24,32
2758,2758,4.47,17
2759,2759,14.93,45
2760,2760,10.45,32
2761,2761,6.58,20
2762,2762,3.16,9
2763,2763,2.07,6
2764,2764,7.27,25
2765,2765,4.70,18
2766,2766,7.06,22
2767,2767,9.35,30
2768,2768,2.86,10
2769,2769,14.73,46
2770,2770,5.50,19
2771,2771,3.85,13
2772,2772,8.50,28
2773,2773,10.00,34
2774,2774,9.48,32
2775,2775,1.49,6
2776,2776,1.29,4
2777,2777,9.29,31
2778,2778,13.92,45
2779,2779,11.96,37
2780,2780,1.14,3
2781,2781,3.74,11
2782,2782,4.05,16
2783,2783,12.94,41
2784,2784,6.34,19
2785,2785,12.73,39
2786,2786,14.84,48
2787,2787,3.77,14
2788,2788,7.66,23
2789,2789,2.34,7
2790,2790,14.68,45
2791,2791,9.41,31
2792,2792,10.20,31
2793,2793,8.73,29
2794,2794,7.08,24
2795,2795,7.89,25
2796,2796,9.45,28
2797,2797,8.86,28
2798,2798,1.54,6
2799,2799,4.01,13
2800,2800,1.73,5
2801,2801,6.34,19
2802,2802,5.10,15
2803,2803,8.83,26
2804,2804,8.65,26
2805,2805,3.21,12
2806,2806,2.16,8
2807,2807,3.93,11
2808,2808,5.71,18
2809,2809,2.75,12
2810,2810,13.03,39
2811,2811,8.01,26
2812,2812,8.47,25
2813,2813,5.55,20
2814,2814,5.06,18
2815,2815,6.51,21
2816,2816,4.74,18
2817,2817,4.76,14
2818,2818,4.60,13
2819,2819,6.14,19
2820,2820,13.09,43
2821,2821,7.39,26
2822,2822,14.36,43
2823,2823,2.24,10
2824,2824,7.55,25
2825,2825,11.60,38
2826,2826,12.38,37
2827,2827,4.06,14
2828,2828,2.66,11
2829,2829,12.71,40
2830,2830,12.13,38
2831,2831,7.35,26
2832,2832,7.57,24
2833,2833,6.52,20
2834,2834,9.43,30
2835,2835,1.81,7
2836,2836,1.24,7
2837,2837,14.64,44
2838,2838,9.62,29
2839,2839,3.84,15
2840,2840,12.50,38
2841,2841,3.85,11
2842,2842,11.71,38
2843,2843,13.28,40
2844,2844,5.66,20
2845,2845,13.49,42
2846,2846,1.69,9
2847,2847,5.62,18
2848,2848,14.63,44
2849,2849,14.84,47
2850,2850,11.34,38
2851,2851,5.36,17
2852,2852,13.11,39
2853,2853,13.71,41
2854,2854,13.74,44
2855,2855,12.19,38
2856,2856,2.00,9
2857,2857,9.05,29
2858,2858,12.95,42
2859,2859,11.91,39
2860,2860,1.68,6
2861,2861,12.92,40
2862,2862,3.04,13
2863,2863,14.04,44
2864,2864,14.42,44
2865,2865,10.41,31
2866,2866,4.58,14
2867,2867,2.90,11
2868,2868,2.17,8
2869,2869,7.62,24
2870,2870,12.42,39
2871,2871,6.85,20
2872,2872,9.26,27
2873,2873,5.38,18
2874,2874,9.35,29
2875,2875,1.45,8
2876,2876,8.04,25
2877,2877,13.40,40
2878,2878,3.86,13
2879,2879,10.38,34
2880,2880,4.26,15
2881,2881,3.30,9
2882,2882,7.77,23
2883,2883,9.82,32
2884,2884,12.06,37
2885,2885,8.75,30
2886,2886,6.61,23
2887,2887,13.24,39
2888,2888,8.90,29
2889,2889,3.82,13
2890,2890,11.50,38
2891,2891,6.53,23
2892,2892,5.96,20
2893,2893,1.40,8
2894,2894,4.85,14
2895,2895,7.76,23
2896,2896,3.81,14
2897,2897,7.81,27
2898,2898,4.29,12
2899,2899,9.11,30
2900,2900,10.22,30
2901,2901,3.23,13
2902,2902,12.71,38
2903,2903,6.85,20
2904,2904,13.47,40
2905,2905,13.21,41
2906,2906,6.02,21
2907,2907,7.83,24
2908,2908,13.73,43
2909,2909,8.40,27
2910,2910,8.56,28
2911,2911,5.05,19
2912,2912,4.60,14
2913,2913,2.33,6
2914,2914,6.80,22
2915,2915,1.01,3
2916,2916,2.07,7
2917,2917,1.68,9
2918,2918,7.42,22
2919,2919,8.32,27
2920,2920,7.37,22
2921,2921,6.59,21
2922,2922,1.89,7
2923,2923,6.25,21
2924,2924,5.03,17
2925,2925,4.95,15
2926,2926,13.19,41
2927,2927,2.00,6
2928,2928,3.52,14
2929,2929,3.62,14
2930,2930,8.18,25
2931,2931,8.78,28
2932,2932,11.55,34
2933,2933,6.57,20
2934,2934,6.32,21
2935,2935,11.04,33
2936,2936,11.41,36
2937,2937,9.94,29
2938,2938,13.40,41
2939,2939,5.86,17
2940,2940,14.86,47
2941,2941,11.00,36
2942,2942,12.58,38
2943,2943,11.46,38
2944,2944,5.07,18
2945,2945,6.59,23
2946,2946,7.34,23
2947,2947,9.93,32
2948,2948,3.12,10
2949,2949,13.86,43
2950,2950,11.86,39
2951,2951,9.52,30
2952,2952,2.29,9
2953,2953,7.92,26
2954,2954,5.39,19
2955,2955,4.20,12
2956,2956,2.92,10
2957,2957,8.05,27
2958,2958,8.52,25
2959,2959,5.10,18
2960,2960,1.82,9
2961,2961,3.67,15
2962,2962,4.22,16
2963,2963,5.46,16
2964,2964,9.63,30
2965,2965,2.87,8
2966,2966,11.37,37
2967,2967,5.15,17
2968,2968,1.81,6
2969,2969,13.31,42
2970,2970,3.46,10
2971,2971,11.92,35
2972,2972,2.46,8
2973,2973,4.75,18
2974,2974,9.86,29
2975,2975,8.37,25
2976,2976,5.78,19
2977,2977,5.03,15
2978,2978,3.87,14
2979,2979,12.24,39
2980,2980,8.52,26
2981,2981,7.99,27
2982,2982,8.27,25
2983,2983,3.85,15
2984,2984,12.65,41
2985,2985,8.37,25
2986,2986,8.83,29
2987,2987,5.15,16
2988,2988,12.93,39
2989,2989,3.14,11
2990,2990,8.01,28
2991,2991,10.52,32
2992,2992,1.03,4
2993,2993,12.74,38
2994,2994,1.26,4
2995,2995,11.61,38
2996,2996,9.10,30
2997,2997,5.83,19
2998,2998,1.15,3
2999,2999,5.28,19
3000,3000,13.65,42
3001,3001,11.93,38
3002,3002,3.00,12
3003,3003,11.70,38
3004,3004,13.50,40
3005,3005,1.51,6
3006,3006,6.16,22
3007,3007,10.56,35
3008,3008,11.76,38
3009,3009,13.33,40
3010,3010,6.88,21
3011,3011,4.87,15
3012,3012,10.95,34
3013,3013,7.14,24
3014,3014,7.90,23
3015,3015,2.12,6
3016,3016,1.71,5
3017,3017,1.52,6
3018,3018,10.32,32
3019,3019,1.43,8
3020,3020,3.25,12
3021,3021,13.09,43
3022,3022,2.37,11
3023,3023,14.55,43
3024,3024,10.03,31
3025,3025,6.85,24
3026,3026,6.58,20
3027,3027,11.77,36
3028,3028,6.27,20
3029,3029,5.02,18
3030,3030,3.78,14
3031,3031,2.00,9
3032,3032,4.29,16
3033,3033,2.84,10
3034,3034,9.65,29
3035,3035,7.91,23
3036,3036,13.58,41
3037,3037,3.16,9
3038,3038,13.73,44
3039,3039,2.21,9
3040,3040,4.51,13
3041,3041,14.66,44
3042,3042,7.57,25
3043,3043,8.32,24
3044,3044,12.46,37
3045,3045,4.60,15
3046,3046,13.81,43
3047,3047,13.06,40
3048,3048,14.12,46
3049,3049,12.46,40
3050,3050,13.07,42
3051,3051,3.59,11
3052,3052,11.49,34
3053,3053,10.69,33
3054,3054,5.11,17
3055,3055,13.47,42
3056,3056,11.83,38
3057,3057,13.00,40
3058,3058,2.23,9
3059,3059,6.30,20
3060,3060,2.70,12
3061,3061,1.51,4
3062,3062,1.45,4
3063,3063,13.11,42
3064,3064,2.72,12
3065,3065,3.84,13
3066,3066,12.42,37
3067,3067,4.66,13
3068,3068,6.54,20
3069,3069,14.40,44
3070,3070,1.76,5
3071,3071,10.76,34
3072,3072,6.89,22
3073,3073,2.89,9
3074,3074,11.75,37
3075,3075,10.93,32
3076,3076,2.31,9
3077,3077,7.54,22
3078,3078,10.92,34
3079,3079,5.49,20
3080,3080,2.92,10
3081,3081,11.00,34
3082,3082,12.92,38
3083,3083,10.80,33
3084,3084,13.63,41
3085,3085,11.38,38
3086,3086,1.53,5
3087,3087,10.65,31
3088,3088,12.52,40
3089,3089,9.98,30
3090,3090,3.81,13
3091,3091,5.82,19
3092,3092,14.49,44
3093,3093,4.56,14
3094,3094,8.58,28
3095,3095,3.04,9
3096,3096,2.96,9
3097,3097,2.86,9
3098,3098,9.17,31
3099,3099,7.34,22
3100,3100,4.13,16
3101,3101,7.73,24
3102,3102,4.50,17
3103,3103,11.79,38
3104,3104,13.92,44
3105,3105,1.63,5
3106,3106,9.66,29
3107,3107,8.47,28
3108,3108,12.75,39
3109,3109,14.20,45
3110,3110,9.81,30
3111,3111,6.96,21
3112,3112,14.43,43
3113,3113,4.72,14
3114,3114,12.47,37
3115,3115,7.62,26
3116,3116,2.31,6
3117,3117,7.64,23
3118,3118,4.64,13
3119,3119,9.76,30
3120,3120,10.29,30
3121,3121,14.48,44
3122,3122,12.30,40
3123,3123,6.73,24
3124,3124,3.80,11
3125,3125,9.02,27
3126,3126,10.36,35
3127,3127,6.62,22
3128,3128,9.57,29
3129,3129,5.39,18
3130,3130,11.03,35
3131,3131,7.03,24
3132,3132,11.18,36
3133,3133,4.86,16
3134,3134,10.44,34
3135,3135,2.22,6
3136,3136,13.37,43
3137,3137,4.07,16
3138,3138,4.96,15
3139,3139,13.43,40
3140,3140,3.68,15
3141,3141,11.01,34
3142,3142,5.76,20
3143,3143,2.07,9
3144,3144,6.91,21
3145,3145,8.01,24
3146,3146,5.88,19
3147,3147,13.33,41
3148,3148,12.57,38
3149,3149,4.98,17
3150,3150,11.37,34
3151,3151,2.61,7
3152,3152,9.55,28
3153,3153,6.08,22
3154,3154,14.68,45
3155,3155,3.45,13
3156,3156,11.13,35
3157,3157,11.32,37
3158,3158,5.91,21
3159,3159,14.37,43
3160,3160,12.82,40
3161,3161,8.42,25
3162,3162,9.54,29
3163,3163,13.91,45
3164,3164,5.61,18
3165,3165,3.46,10
3166,3166,4.43,17
3167,3167,9.97,32
3168,3168,7.16,24
3169,3169,6.24,18
3170,3170,8.05,26
3171,3171,4.33,16
3172,3172,9.98,31
3173,3173,10.76,34
3174,3174,6.58,21
3175,3175,12.05,36
3176,3176,4.02,13
3177,3177,2.42,8
3178,3178,2.26,10
3179,3179,10.31,30
3180,3180,13.27,42
3181,3181,4.75,16
3182,3182,10.81,35
3183,3183,8.53,27
3184,3184,9.28,28
3185,3185,6.54,23
3186,3186,10.98,33
3187,3187,4.33,12
3188,3188,13.55,41
3189,3189,13.50,43
3190,3190,7.83,25
3191,3191,5.97,18
3192,3192,7.80,26
3193,3193,2.99,9
3194,3194,12.25,36
3195,3195,1.59,5
3196,3196,2.91,10
3197,3197,13.92,45
3198,3198,6.41,20
3199,3199,1.45,8
3200,3200,1.22,4
3201,3201,2.57,11
3202,3202,9.18,27
3203,3203,4.71,14
3204,3204,3.18,9
3205,3205,13.07,41
3206,3206,13.11,40
3207,3207,5.32,18
3208,3208,4.76,17
3209,3209,9.75,29
3210,3210,11.18,37
3211,3211,11.05,34
3212,3212,3.55,13
3213,3213,9.08,27
3214,3214,14.42,44
3215,3215,1.97,6
3216,3216,14.08,45
3217,3217,2.32,9
3218,3218,7.27,25
3219,3219,1.08,4
3220,3220,5.17,18
3221,3221,13.30,40
3222,3222,4.81,14
3223,3223,12.03,37
3224,3224,4.17,16
3225,3225,12.93,41
3226,3226,12.30,38
3227,3227,8.56,28
3228,3228,3.26,9
3229,3229,7.67,23
3230,3230,3.32,13
3231,3231,10.05,31
3232,3232,6.55,20
3233,3233,10.53,31
3234,3234,12.76,41
3235,3235,5.57,16
3236,3236,13.09,40
3237,3237,4.30,14
3238,3238,10.24,32
3239,3239,14.14,44
3240,3240,9.81,33
3241,3241,5.80,17
3242,3242,14.55,45
3243,3243,4.88,16
3244,3244,13.82,45
3245,3245,12.98,38
3246,3246,1.23,4
3247,3247,5.67,17
3248,3248,11.15,35
3249,3249,6.21,19
3250,3250,7.18,23
3251,3251,1.03,7
3252,3252,12.27,40
3253,3253,2.97,8
3254,3254,14.80,48
3255,3255,2.10,6
3256,3256,7.85,25
3257,3257,3.01,10
3258,3258,9.43,32
3259,3259,4.80,14
3260,3260,3.34,12
3261,3261,7.11,23
3262,3262,5.52,19
3263,3263,3.01,10
3264,3264,7.15,25
3265,3265,4.48,14
3266,3266,14.80,45
3267,3267,11.30,33
3268,3268,6.74,20
3269,3269,13.14,41
3270,3270,7.58,26
3271,3271,3.29,13
3272,3272,2.31,6
3273,3273,9.00,28
3274,3274,4.98,14
3275,3275,10.92,36
3276,3276,10.98,36
3277,3277,7.77,25
3278,3278,14.21,42
3279,3279,8.07,27
3280,3280,1.86,6
3281,3281,8.21,25
3282,3282,9.21,28
3283,3283,7.72,25
3284,3284,14.99,45
3285,3285,2.00,6
3286,3286,3.66,11
3287,3287,12.10,36
3288,3288,9.30,27
3289,3289,2.54,10
3290,3290,9.68,33
3291,3291,9.15,27
3292,3292,1.91,6
3293,3293,9.31,31
3294,3294,9.89,33
3295,3295,10.87,32
3296,3296,4.95,17
3297,3297,2.59,7
3298,3298,5.75,20
3299,3299,7.94,26
3300,3300,9.24,30
3301,3301,2.55,8
3302,3302,4.26,13
3303,3303,8.86,27
3304,3304,14.55,43
3305,3305,8.14,28
3306,3306,9.84,29
3307,3307,14.68,47
3308,3308,1.25,3
3309,3309,8.14,27
3310,3310,11.01,33
3311,3311,2.53,10
3312,3312,10.78,35
3313,3313,2.41,8
3314,3314,13.60,44
3315,3315,3.66,14
3316,3316,14.54,45
3317,3317,13.16,43
3318,3318,5.86,20
3319,3319,10.29,32
3320,3320,2.61,10
3321,3321,10.11,31
3322,3322,4.27,13
3323,3323,11.59,37
3324,3324,12.55,37
3325,3325,12.40,39
3326,3326,13.25,43
3327,3327,3.08,11
3328,3328,14.91,48
3329,3329,12.41,38
3330,3330,9.37,28
3331,3331,12.38,39
3332,3332,13.88,42
3333,3333,6.47,23
3334,3334,5.69,20
3335,3335,3.58,12
3336,3336,6.35,20
3337,3337,10.64,33
3338,3338,2.23,7
3339,3339,14.98,47
3340,3340,12.99,41
3341,3341,9.93,31
3342,3342,7.86,26
3343,3343,14.46,45
3344,3344,11.63,37
3345,3345,9.87,33
3346,3346,6.77,21
3347,3347,8.06,26
3348,3348,11.52,36
3349,3349,1.95,8
3350,3350,5.76,19
3351,3351,6.79,21
3352,3352,10.00,34
3353,3353,2.73,11
3354,3354,7.95,25
3355,3355,1.56,4
3356,3356,14.34,45
3357,3357,14.76,44
3358,3358,6.82,23
3359,3359,10.40,33
3360,3360,2.47,10
3361,3361,3.75,13
3362,3362,9.72,31
3363,3363,6.93,23
3364,3364,6.39,23
3365,3365,8.19,27
3366,3366,1.53,7
3367,3367,3.33,11
3368,3368,7.72,26
3369,3369,11.90,35
3370,3370,2.67,12
3371,3371,12.80,39
3372,3372,9.41,28
3373,3373,9.33,29
3374,3374,10.76,32
3375,3375,1.50,5
3376,3376,7.99,23
3377,3377,13.14,41
3378,3378,6.92,22
3379,3379,4.71,16
3380,3380,11.22,33
3381,3381,12.37,40
3382,3382,13.68,41
3383,3383,11.30,35
3384,3384,2.36,8
3385,3385,13.06,41
3386,3386,11.58,34
3387,3387,1.55,5
3388,3388,13.43,40
3389,3389,11.03,37
3390,3390,12.77,42
3391,3391,11.19,33
3392,3392,4.87,15
3393,3393,14.02,42
3394,3394,10.11,33
3395,3395,4.31,14
3396,3396,8.35,27
3397,3397,5.99,20
3398,3398,10.15,34
3399,3399,11.29,37
3400,3400,11.73,38
3401,3401,1.14,7
3402,3402,13.33,42
3403,3403,3.51,10
3404,3404,8.50,25
3405,3405,5.54,16
3406,3406,4.50,13
3407,3407,4.05,13
3408,3408,8.43,26
3409,3409,14.85,46
3410,3410,1.36,7
3411,3411,1.50,6
3412,3412,8.29,28
3413,3413,10.89,36
3414,3414,4.13,14
3415,3415,11.60,36
3416,3416,7.27,22
3417,3417,6.74,21
3418,3418,1.59,8
3419,3419,7.18,23
3420,3420,9.71,33
3421,3421,1.50,6
3422,3422,11.01,33
3423,3423,13.38,43
3424,3424,1.46,4
3425,3425,1.65,7
3426,3426,10.09,34
3427,3427,8.46,27
3428,3428,14.11,43
3429,3429,13.79,44
3430,3430,9.01,29
3431,3431,14.14,44
3432,3432,10.83,35
3433,3433,11.43,37
3434,3434,3.28,11
3435,3435,7.02,23
3436,3436,14.49,44
3437,3437,12.62,41
3438,3438,10.52,32
3439,3439,3.98,13
3440,3440,7.75,23
3441,3441,12.21,40
3442,3442,13.51,41
3443,3443,10.78,32
3444,3444,2.02,10
3445,3445,3.10,10
3446,3446,4.66,13
3447,3447,8.15,28
3448,3448,10.92,32
3449,3449,9.93,32
3450,3450,13.66,41
3451,3451,2.60,7
3452,3452,11.64,38
3453,3453,7.98,27
3454,3454,4.58,13
3455,3455,9.46,32
3456,3456,2.06,9
3457,3457,13.40,43
3458,3458,1.09,6
3459,3459,5.12,16
3460,3460,10.95,33
3461,3461,10.61,35
3462,3462,1.33,5
3463,3463,11.14,34
3464,3464,7.35,25
3465,3465,8.47,26
3466,3466,11.79,36
3467,3467,7.85,24
3468,3468,6.36,19
3469,3469,7.48,22
3470,3470,3.19,9
3471,3471,11.68,37
3472,3472,1.75,5
3473,3473,8.62,26
3474,3474,3.66,13
3475,3475,3.20,13
3476,3476,9.56,31
3477,3477,7.88,25
3478,3478,14.15,42
3479,3479,2.27,9
3480,3480,5.39,20
3481,3481,9.76,32
3482,3482,3.61,13
3483,3483,3.21,10
3484,3484,1.81,7
3485,3485,9.56,30
3486,3486,3.52,12
3487,3487,8.91,26
3488,3488,14.55,47
3489,3489,5.56,19
3490,3490,2.31,10
3491,3491,12.65,37
3492,3492,4.30,16
3493,3493,13.50,41
3494,3494,8.07,27
3495,3495,13.32,39
3496,3496,5.67,19
3497,3497,13.99,43
3498,3498,9.36,31
3499,3499,12.47,39
3500,3500,9.88,33
3501,3501,3.84,11
3502,3502,11.69,37
3503,3503,10.96,32
3504,3504,1.97,9
3505,3505,13.89,42
3506,3506,7.62,26
3507,3507,13.04,39
3508,3508,9.96,30
3509,3509,2.13,9
3510,3510,9.05,30
3511,3511,5.02,19
3512,3512,5.94,17
3513,3513,8.70,26
3514,3514,4.83,17
3515,3515,9.17,29
3516,3516,2.94,10
3517,3517,9.89,32
3518,3518,12.00,39
3519,3519,5.94,20
3520,3520,8.32,26
3521,3521,14.36,46
3522,3522,8.95,26
3523,3523,3.89,11
3524,3524,12.36,39
3525,3525,7.82,23
3526,3526,9.26,30
3527,3527,12.50,40
3528,3528,12.58,41
3529,3529,14.90,46
3530,3530,12.29,36
3531,3531,7.41,26
3532,3532,11.10,35
3533,3533,13.75,41
3534,3534,3.15,13
3535,3535,13.84,42
3536,3536,9.40,29
3537,3537,1.61,7
3538,3538,12.62,38
3539,3539,6.74,24
3540,3540,10.38,34
3541,3541,9.45,29
3542,3542,9.79,33
3543,3543,11.86,36
3544,3544,10.47,31
3545,3545,10.45,34
3546,3546,3.09,10
3547,3547,8.65,25
3548,3548,1.66,5
3549,3549,9.56,32
3550,3550,9.23,30
3551,3551,13.46,43
3552,3552,8.75,26
3553,3553,13.45,43
3554,3554,9.11,29
3555,3555,6.84,21
3556,3556,11.54,34
3557,3557,12.36,38
3558,3558,7.24,22
3559,3559,1.05,4
3560,3560,1.23,4
3561,3561,11.54,37
3562,3562,9.79,31
3563,3563,13.80,42
3564,3564,1.86,7
3565,3565,4.34,15
3566,3566,5.84,17
3567,3567,1.31,5
3568,3568,11.84,35
3569,3569,7.70,24
3570,3570,14.67,44
3571,3571,14.42,45
3572,3572,3.93,12
3573,3573,6.43,22
3574,3574,7.87,25
3575,3575,6.92,22
3576,3576,5.79,17
3577,3577,6.49,21
3578,3578,5.85,21
3579,3579,3.58,11
3580,3580,1.09,5
3581,3581,12.59,38
3582,3582,9.67,31
3583,3583,1.14,7
3584,3584,9.23,30
3585,3585,10.72,35
3586,3586,12.29,38
3587,3587,6.02,20
3588,3588,9.39,29
3589,3589,7.80,26
3590,3590,14.72,44
3591,3591,2.11,6
3592,3592,4.01,12
3593,3593,2.65,10
3594,3594,10.79,32
3595,3595,2.80,10
3596,3596,2.34,11
3597,3597,8.54,27
3598,3598,8.42,26
3599,3599,9.86,33
3600,3600,11.50,38
3601,3601,9.28,29
3602,3602,7.86,23
3603,3603,1.37,6
3604,3604,13.49,44
3605,3605,5.11,16
3606,3606,1.63,4
3607,3607,10.71,34
3608,3608,14.85,45
3609,3609,8.12,26
3610,3610,11.14,35
3611,3611,8.11,24
3612,3612,4.68,14
3613,3613,5.85,21
3614,3614,8.97,30
3615,3615,9.74,29
3616,3616,3.25,12
3617,3617,9.41,29
3618,3618,2.78,9
3619,3619,5.33,15
3620,3620,3.65,12
3621,3621,1.52,5
3622,3622,9.34,29
3623,3623,13.66,41
3624,3624,7.85,26
3625,3625,12.35,38
3626,3626,5.64,17
3627,3627,6.51,23
3628,3628,5.92,21
3629,3629,12.59,38
3630,3630,1.10,5
3631,3631,12.52,39
3632,3632,10.93,33
3633,3633,6.43,21
3634,3634,3.58,14
3635,3635,11.25,34
3636,3636,8.42,28
3637,3637,1.47,7
3638,3638,13.84,43
3639,3639,7.76,25
3640,3640,10.30,33
3641,3641,8.78,27
3642,3642,4.72,17
3643,3643,9.52,30
3644,3644,9.14,30
3645,3645,4.96,15
3646,3646,12.38,37
3647,3647,1.40,7
3648,3648,4.63,14
3649,3649,3.43,14
3650,3650,11.17,36
3651,3651,8.15,26
3652,3652,10.10,31
3653,3653,14.04,44
3654,3654,8.33,25
3655,3655,10.73,32
3656,3656,2.17,6
3657,3657,11.82,39
3658,3658,6.10,19
3659,3659,12.25,38
3660,3660,11.02,37
3661,3661,6.26,18
3662,3662,12.83,42
3663,3663,9.34,31
3664,3664,12.61,39
3665,3665,3.61,11
3666,3666,14.60,46
3667,3667,9.15,29
3668,3668,7.66,22
3669,3669,10.06,32
3670,3670,2.17,7
3671,3671,11.53,35
3672,3672,13.27,41
3673,3673,7.88,23
3674,3674,13.08,40
3675,3675,12.04,39
3676,3676,2.80,10
3677,3677,8.84,26
3678,3678,14.19,45
3679,3679,2.36,8
3680,3680,3.31,9
3681,3681,14.19,46
3682,3682,1.52,8
3683,3683,1.28,5
3684,3684,7.33,22
3685,3685,12.70,39
3686,3686,2.07,10
3687,3687,5.36,17
3688,3688,6.12,19
3689,3689,8.17,26
3690,3690,12.13,39
3691,3691,12.55,39
3692,3692,12.58,37
3693,3693,13.37,41
3694,3694,14.81,45
3695,3695,5.16,16
3696,3696,7.64,26
3697,3697,10.18,33
3698,3698,11.92,39
3699,3699,3.05,11
3700,3700,7.33,24
3701,3701,5.38,20
3702,3702,2.13,10
3703,3703,9.52,28
3704,3704,8.19,24
3705,3705,12.13,37
3706,3706,1.52,5
3707,3707,14.61,44
3708,3708,1.46,5
3709,3709,3.93,15
3710,3710,10.12,33
3711,3711,11.91,37
3712,3712,11.19,34
3713,3713,6.88,20
3714,3714,12.13,38
3715,3715,6.62,21
3716,3716,10.67,32
3717,3717,13.67,40
3718,3718,8.79,29
3719,3719,3.18,13
3720,3720,10.05,32
3721,3721,8.18,25
3722,3722,1.06,3
3723,3723,11.47,36
3724,3724,11.37,34
3725,3725,5.55,20
3726,3726,4.07,12
3727,3727,3.57,10
3728,3728,10.47,34
3729,3729,12.67,38
3730,3730,5.84,20
3731,3731,13.66,44
3732,3732,9.35,28
3733,3733,14.43,47
3734,3734,14.62,45
3735,3735,2.59,10
3736,3736,1.73,8
3737,3737,7.99,24
3738,3738,8.78,26
3739,3739,7.66,24
3740,3740,6.78,21
3741,3741,4.06,15
3742,3742,10.16,34
3743,3743,12.09,38
3744,3744,9.38,31
3745,3745,10.96,34
3746,3746,2.53,10
3747,3747,5.71,21
3748,3748,11.71,36
3749,3749,4.42,14
3750,3750,14.17,46
3751,3751,3.43,10
3752,3752,13.14,40
3753,3753,3.44,12
3754,3754,1.99,5
3755,3755,4.85,15
3756,3756,1.64,8
3757,3757,11.18,37
3758,3758,13.91,42
3759,3759,2.48,7
3760,3760,9.58,30
3761,3761,7.90,25
3762,3762,4.47,17
3763,3763,6.33,18
3764,3764,5.31,19
3765,3765,8.38,29
3766,3766,5.37,18
3767,3767,5.55,16
3768,3768,10.41,31
3769,3769,14.24,42
3770,3770,7.42,25
3771,3771,11.56,35
3772,3772,7.92,24
3773,3773,10.99,34
3774,3774,7.25,22
3775,3775,6.17,19
3776,3776,2.93,8
3777,3777,10.02,34
3778,3778,14.93,45
3779,3779,9.08,29
3780,3780,5.03,19
3781,3781,12.33,37
3782,3782,7.45,26
3783,3783,14.72,46
3784,3784,12.21,38
3785,3785,8.84,28
3786,3786,4.59,14
3787,3787,2.64,11
3788,3788,5.96,19
3789,3789,9.90,31
3790,3790,7.37,22
3791,3791,4.88,17
3792,3792,10.90,34
3793,3793,8.00,25
3794,3794,2.08,9
3795,3795,2.36,7
3796,3796,4.60,16
3797,3797,11.43,35
3798,3798,10.95,36
3799,3799,1.84,6
3800,3800,14.02,46
3801,3801,5.89,21
3802,3802,10.15,34
3803,3803,3.13,10
3804,3804,11.86,38
3805,3805,3.60,10
3806,3806,13.29,43
3807,3807,14.53,44
3808,3808,1.16,5
3809,3809,13.42,42
3810,3810,7.41,25
3811,3811,10.06,32
3812,3812,5.23,19
3813,3813,2.71,9
3814,3814,11.54,35
3815,3815,9.09,27
3816,3816,11.01,35
3817,3817,8.48,25
3818,3818,5.16,18
3819,3819,10.20,31
3820,3820,2.14,6
3821,3821,7.09,23
3822,3822,5.00,17
3823,3823,10.31,31
3824,3824,10.57,34
3825,3825,12.58,38
3826,3826,3.91,13
3827,3827,3.18,12
3828,3828,10.82,35
3829,3829,2.07,6
3830,3830,7.00,21
3831,3831,5.42,17
3832,3832,1.58,4
3833,3833,8.92,29
3834,3834,7.16,24
3835,3835,5.81,20
3836,3836,1.89,9
3837,3837,7.85,27
3838,3838,3.20,10
3839,3839,6.12,20
3840,3840,8.24,28
3841,3841,3.11,10
3842,3842,11.97,37
3843,3843,2.25,10
3844,3844,5.59,19
3845,3845,9.69,30
3846,3846,7.63,25
3847,3847,13.19,42
3848,3848,14.67,46
3849,3849,3.01,11
3850,3850,14.66,43
3851,3851,3.20,10
3852,3852,14.85,45
3853,3853,6.08,22
3854,3854,1.08,4
3855,3855,8.77,27
3856,3856,14.34,46
3857,3857,1.94,9
3858,3858,3.95,14
3859,3859,6.06,19
3860,3860,14.47,46
3861,3861,12.03,39
3862,3862,4.56,13
3863,3863,14.62,45
3864,3864,3.84,13
3865,3865,7.76,25
3866,3866,1.35,6
3867,3867,6.70,23
3868,3868,10.66,33
3869,3869,11.75,39
3870,3870,5.67,17
3871,3871,8.15,24
3872,3872,4.93,14
3873,3873,3.10,13
3874,3874,11.56,35
3875,3875,10.11,32
3876,3876,3.73,11
3877,3877,8.06,24
3878,3878,11.82,37
3879,3879,13.53,40
3880,3880,12.97,38
3881,3881,3.53,13
3882,3882,11.14,37
3883,3883,1.64,5
3884,3884,10.90,35
3885,3885,12.55,38
3886,3886,11.83,36
3887,3887,11.49,36
3888,3888,6.67,21
3889,3889,9.76,31
3890,3890,4.59,16
3891,3891,4.75,14
3892,3892,3.11,11
3893,3893,6.42,22
3894,3894,13.81,44
3895,3895,3.92,12
3896,3896,8.51,25
3897,3897,4.32,14
3898,3898,12.92,38
3899,3899,2.91,10
3900,3900,3.89,11
3901,3901,14.75,48
3902,3902,4.91,15
3903,3903,1.82,7
3904,3904,8.10,26
3905,3905,1.86,5
3906,3906,14.37,43
3907,3907,9.05,27
3908,3908,10.52,32
3909,3909,1.57,8
3910,3910,10.09,34
3911,3911,4.02,14
3912,3912,10.32,31
3913,3913,3.74,11
3914,3914,11.63,35
3915,3915,8.59,27
3916,3916,4.09,12
3917,3917,11.57,36
3918,3918,12.90,40
3919,3919,12.41,37
3920,3920,7.27,23
3921,3921,13.89,41
3922,3922,5.76,18
3923,3923,1.75,8
3924,3924,12.82,42
3925,3925,8.39,25
3926,3926,13.50,44
3927,3927,1.17,4
3928,3928,8.89,29
3929,3929,14.85,47
3930,3930,12.95,38
3931,3931,8.87,29
3932,3932,1.18,5
3933,3933,1.57,6
3934,3934,3.63,13
3935,3935,7.76,23
3936,3936,10.41,32
3937,3937,1.82,9
3938,3938,5.33,18
3939,3939,2.45,11
3940,3940,4.52,14
3941,3941,11.02,37
3942,3942,9.24,28
3943,3943,9.33,32
3944,3944,7.45,23
3945,3945,10.20,30
3946,3946,10.97,36
3947,3947,3.10,9
3948,3948,8.80,27
3949,3949,12.84,41
3950,3950,7.86,26
3951,3951,10.81,35
3952,3952,11.07,33
3953,3953,10.71,33
3954,3954,7.10,25
3955,3955,1.22,3
3956,3956,12.38,39
3957,3957,11.25,35
3958,3958,11.34,38
3959,3959,10.05,34
3960,3960,5.01,15
3961,3961,2.43,11
3962,3962,7.83,23
3963,3963,12.56,41
3964,3964,6.53,21
3965,3965,8.90,29
3966,3966,14.29,45
3967,3967,13.48,44
3968,3968,14.52,43
3969,3969,7.26,23
3970,3970,11.24,34
3971,3971,1.63,6
3972,3972,8.71,28
3973,3973,6.49,21
3974,3974,9.89,31
3975,3975,7.91,26
3976,3976,1.56,7
3977,3977,11.90,37
3978,3978,12.42,41
3979,3979,6.21,18
3980,3980,12.45,38
3981,3981,5.51,20
3982,3982,13.28,39
3983,3983,5.96,17
3984,3984,3.15,12
3985,3985,5.64,17
3986,3986,4.77,18
3987,3987,4.26,14
3988,3988,5.15,15
3989,3989,11.56,37
3990,3990,5.34,16
3991,3991,2.41,8
3992,3992,4.92,17
3993,3993,9.39,31
3994,3994,7.83,26
3995,3995,8.60,28
3996,3996,10.80,34
3997,3997,11.94,35
3998,3998,6.85,23
3999,3999,1.65,8
4000,4000,4.90,17
4001,4001,2.95,9
4002,4002,3.53,11
4003,4003,2.62,10
4004,4004,8.16,25
4005,4005,8.22,28
4006,4006,11.81,35
4007,4007,11.72,37
4008,4008,10.42,32
4009,4009,8.52,27
4010,4010,2.11,8
4011,4011,14.45,46
4012,4012,3.47,14
4013,4013,9.52,28
4014,4014,11.70,39
4015,4015,10.52,35
4016,4016,6.92,22
4017,4017,11.91,38
4018,4018,8.56,26
4019,4019,7.74,27
4020,4020,4.97,15
4021,4021,13.62,44
4022,4022,14.75,45
4023,4023,14.94,46
4024,4024,2.73,10
4025,4025,13.60,43
4026,4026,7.58,23
4027,4027,7.28,21
4028,4028,4.78,14
4029,4029,6.16,21
4030,4030,5.19,17
4031,4031,10.43,33
4032,4032,1.66,4
4033,4033,11.26,35
4034,4034,11.49,35
4035,4035,5.25,18
4036,4036,14.43,47
4037,4037,7.92,27
4038,4038,3.43,11
4039,4039,11.44,34
4040,4040,4.12,16
4041,4041,3.63,14
4042,4042,8.44,29
4043,4043,5.27,16
4044,4044,1.34,6
4045,4045,3.46,10
4046,4046,13.81,45
4047,4047,2.12,7
4048,4048,9.77,31
4049,4049,10.58,32
4050,4050,7.51,23
4051,4051,13.95,45
4052,4052,1.70,5
4053,4053,5.83,21
4054,4054,4.64,15
4055,4055,3.63,12
4056,4056,8.39,27
4057,4057,10.53,35
4058,4058,14.00,41
4059,4059,14.47,47
4060,4060,12.04,36
4061,4061,3.60,14
4062,4062,13.69,44
4063,4063,14.78,45
4064,4064,7.49,23
4065,4065,10.94,35
4066,4066,5.83,18
4067,4067,11.30,35
4068,4068,5.28,19
4069,4069,6.75,20
4070,4070,8.60,25
4071,4071,11.28,37
4072,4072,6.41,19
4073,4073,3.45,13
4074,4074,13.95,43
4075,4075,8.95,28
4076,4076,4.98,14
4077,4077,10.01,34
4078,4078,11.06,37
4079,4079,2.38,9
4080,4080,7.85,24
4081,4081,4.83,14
4082,4082,14.01,43
4083,4083,14.30,45
4084,4084,12.82,38
4085,4085,13.48,44
4086,4086,12.02,39
4087,4087,13.70,41
4088,4088,8.10,28
4089,4089,11.77,36
4090,4090,2.72,11
4091,4091,4.82,15
4092,4092,5.00,15
4093,4093,5.18,18
4094,4094,14.16,42
4095,4095,7.57,25
4096,4096,2.06,8
4097,4097,12.15,38
4098,4098,14.85,45
4099,4099,1.19,4
4100,4100,5.36,16
4101,4101,12.92,41
4102,4102,6.93,24
4103,4103,7.91,25
4104,4104,7.45,23
4105,4105,5.07,18
4106,4106,9.21,30
4107,4107,3.04,9
4108,4108,14.15,42
4109,4109,13.54,40
4110,4110,14.34,47
4111,4111,10.54,31
4112,4112,14.81,46
4113,4113,1.46,6
4114,4114,5.97,18
4115,4115,3.76,13
4116,4116,9.95,32
4117,4117,9.47,29
4118,4118,10.02,33
4119,4119,6.85,21
4120,4120,8.58,29
4121,4121,11.71,35
4122,4122,4.00,16
4123,4123,11.60,36
4124,4124,8.99,27
4125,4125,10.19,31
4126,4126,6.18,20
4127,4127,3.13,12
4128,4128,10.49,31
4129,4129,2.97,12
4130,4130,12.45,38
4131,4131,8.19,25
4132,4132,6.81,20
4133,4133,2.26,9
4134,4134,8.08,24
4135,4135,8.00,27
4136,4136,2.05,6
4137,4137,10.31,32
4138,4138,1.60,6
4139,4139,11.19,34
4140,4140,13.35,41
4141,4141,2.28,7
4142,4142,12.92,38
4143,4143,13.87,44
4144,4144,14.60,45
4145,4145,2.62,8
4146,4146,8.57,25
4147,4147,5.52,20
4148,4148,14.56,43
4149,4149,2.86,11
4150,4150,13.65,44
4151,4151,2.05,6
4152,4152,8.81,26
4153,4153,10.63,31
4154,4154,4.08,14
4155,4155,10.76,34
4156,4156,6.25,20
4157,4157,10.71,33
4158,4158,10.10,32
4159,4159,13.38,42
4160,4160,13.11,39
4161,4161,4.38,13
4162,4162,4.10,15
4163,4163,2.88,12
4164,4164,8.89,28
4165,4165,14.62,43
4166,4166,10.56,33
4167,4167,12.50,41
4168,4168,11.95,37
4169,4169,4.40,17
4170,4170,10.10,31
4171,4171,10.80,34
4172,4172,5.06,15
4173,4173,7.56,22
4174,4174,12.79,39
4175,4175,3.69,15
4176,4176,2.41,9
4177,4177,7.07,23
4178,4178,4.40,16
4179,4179,11.92,36
4180,4180,6.27,20
4181,4181,12.33,40
4182,4182,7.79,25
4183,4183,8.34,25
4184,4184,10.41,31
4185,4185,1.91,9
4186,4186,11.74,38
4187,4187,10.87,33
4188,4188,2.86,9
4189,4189,10.47,32
4190,4190,3.59,14
4191,4191,5.07,16
4192,4192,12.56,39
4193,4193,5.46,20
4194,4194,11.90,37
4195,4195,1.97,5
4196,4196,7.08,23
4197,4197,4.26,13
4198,4198,14.41,43
4199,4199,1.17,6
4200,4200,1.60,7
4201,4201,8.75,28
4202,4202,9.42,28
4203,4203,13.25,40
4204,4204,14.54,44
4205,4205,5.65,17
4206,4206,9.75,29
4207,4207,13.62,43
4208,4208,8.94,28
4209,4209,7.10,23
4210,4210,8.84,28
4211,4211,10.20,30
4212,4212,14.54,43
4213,4213,2.77,12
4214,4214,3.76,13
4215,4215,4.79,16
4216,4216,10.65,34
4217,4217,14.68,44
4218,4218,4.90,15
4219,4219,13.60,41
4220,4220,5.87,18
4221,4221,7.62,23
4222,4222,8.75,27
4223,4223,11.24,36
4224,4224,11.37,38
4225,4225,2.86,12
4226,4226,6.53,23
4227,4227,7.01,24
4228,4228,8.18,24
4229,4229,7.84,23
4230,4230,8.31,27
4231,4231,5.00,19
4232,4232,11.58,38
4233,4233,4.21,15
4234,4234,7.07,22
4235,4235,3.95,15
4236,4236,5.06,17
4237,4237,3.54,11
4238,4238,14.72,45
4239,4239,4.88,16
4240,4240,9.27,29
4241,4241,3.72,12
4242,4242,10.50,34
4243,4243,7.66,26
4244,4244,12.18,39
4245,4245,12.33,38
4246,4246,2.47,11
4247,4247,7.99,27
4248,4248,7.78,25
4249,4249,3.59,11
4250,4250,9.14,31
4251,4251,10.84,36
4252,4252,5.33,17
4253,4253,14.68,47
4254,4254,9.15,27
4255,4255,8.33,28
4256,4256,14.73,48
4257,4257,11.45,34
4258,4258,10.92,34
4259,4259,5.08,15
4260,4260,13.38,42
4261,4261,9.54,28
4262,4262,4.27,12
4263,4263,8.01,28
4264,4264,9.77,33
4265,4265,5.43,16
4266,4266,2.89,10
4267,4267,8.89,28
4268,4268,3.01,12
4269,4269,10.93,33
4270,4270,4.64,15
4271,4271,2.79,11
4272,4272,10.47,31
4273,4273,13.47,40
4274,4274,10.23,32
4275,4275,15.00,46
4276,4276,1.20,6
4277,4277,14.40,45
4278,4278,6.88,20
4279,4279,14.25,42
4280,4280,9.57,30
4281,4281,10.42,35
4282,4282,10.99,32
4283,4283,6.03,22
4284,4284,5.31,15
4285,4285,4.35,17
4286,4286,1.47,7
4287,4287,11.09,36
4288,4288,10.95,34
4289,4289,7.32,25
4290,4290,7.91,27
4291,4291,1.33,3
4292,4292,4.76,15
4293,4293,7.77,23
4294,4294,5.45,18
4295,4295,1.79,7
4296,4296,4.28,14
4297,4297,12.86,42
4298,4298,14.95,44
4299,4299,9.61,28
4300,4300,4.95,14
4301,4301,14.10,45
4302,4302,6.76,22
4303,4303,6.56,19
4304,4304,9.89,29
4305,4305,7.77,25
4306,4306,5.45,20
4307,4307,9.34,29
4308,4308,1.07,6
4309,4309,1.51,5
4310,4310,9.35,31
4311,4311,11.50,38
4312,4312,11.58,36
4313,4313,11.26,36
4314,4314,11.70,36
4315,4315,10.23,34
4316,4316,15.00,45
4317,4317,4.06,13
4318,4318,12.71,40
4319,4319,4.57,17
4320,4320,2.16,9
4321,4321,5.27,19
4322,4322,11.73,37
4323,4323,3.52,14
4324,4324,11.89,36
4325,4325,9.21,28
4326,4326,1.99,7
4327,4327,13.80,45
4328,4328,11.60,37
4329,4329,14.26,44
4330,4330,14.48,45
4331,4331,11.75,38
4332,4332,9.57,31
4333,4333,4.56,13
4334,4334,5.45,19
4335,4335,3.30,11
4336,4336,11.10,33
4337,4337,9.18,31
4338,4338,13.37,41
4339,4339,11.56,36
4340,4340,11.75,37
4341,4341,3.15,10
4342,4342,13.55,44
4343,4343,14.55,45
4344,4344,4.15,13
4345,4345,12.56,37
4346,4346,9.67,31
4347,4347,9.82,29
4348,4348,9.15,31
4349,4349,3.92,12
4350,4350,9.93,32
4351,4351,5.65,16
4352,4352,8.15,26
4353,4353,2.56,11
4354,4354,13.43,44
4355,4355,1.07,6
4356,4356,12.75,41
4357,4357,12.72,38
4358,4358,10.78,34
4359,4359,13.12,39
4360,4360,14.36,44
4361,4361,10.90,35
4362,4362,9.51,29
4363,4363,3.33,12
4364,4364,6.53,19
4365,4365,6.05,20
4366,4366,13.91,43
4367,4367,13.11,43
4368,4368,12.60,39
4369,4369,12.63,38
4370,4370,5.41,17
4371,4371,2.80,11
4372,4372,9.75,30
4373,4373,1.38,7
4374,4374,6.90,24
4375,4375,10.86,32
4376,4376,10.73,33
4377,4377,11.25,33
4378,4378,1.03,5
4379,4379,7.44,25
4380,4380,6.32,22
4381,4381,14.57,47
4382,4382,8.74,29
4383,4383,7.05,24
4384,4384,3.75,13
4385,4385,8.70,27
4386,4386,1.93,9
4387,4387,1.46,4
4388,4388,10.47,34
4389,4389,14.41,43
4390,4390,10.60,32
4391,4391,8.11,26
4392,4392,14.70,46
4393,4393,6.74,23
4394,4394,14.68,44
4395,4395,9.41,28
4396,4396,13.66,43
4397,4397,12.39,41
4398,4398,7.42,23
4399,4399,14.86,45
4400,4400,8.42,28
4401,4401,11.69,39
4402,4402,10.29,31
4403,4403,14.12,44
4404,4404,11.07,34
4405,4405,8.59,27
4406,4406,7.20,23
4407,4407,9.35,32
4408,4408,1.72,9
4409,4409,13.03,39
4410,4410,4.64,16
4411,4411,3.93,11
4412,4412,12.83,42
4413,4413,13.77,43
4414,4414,8.44,28
4415,4415,1.62,8
4416,4416,14.78,44
4417,4417,13.71,45
4418,4418,8.85,27
4419,4419,10.97,36
4420,4420,4.05,16
4421,4421,8.15,27
4422,4422,1.95,5
4423,4423,13.11,39
4424,4424,1.08,6
4425,4425,9.58,31
4426,4426,2.80,9
4427,4427,12.45,40
4428,4428,8.20,24
4429,4429,14.46,45
4430,4430,4.96,16
4431,4431,2.40,7
4432,4432,1.53,6
4433,4433,13.07,40
4434,4434,6.34,22
4435,4435,6.08,22
4436,4436,11.73,37
4437,4437,13.65,43
4438,4438,9.44,28
4439,4439,4.18,15
4440,4440,5.27,16
4441,4441,2.04,7
4442,4442,2.74,9
4443,4443,7.98,23
4444,4444,9.36,28
4445,4445,12.27,38
4446,4446,2.55,8
4447,4447,2.97,8
4448,4448,8.48,28
4449,4449,13.31,39
4450,4450,2.92,10
4451,4451,12.52,41
4452,4452,12.24,36
4453,4453,8.56,26
4454,4454,13.38,43
4455,4455,10.05,30
4456,4456,3.45,12
4457,4457,10.35,33
4458,4458,8.15,25
4459,4459,13.25,41
4460,4460,10.41,34
4461,4461,5.67,21
4462,4462,2.32,10
4463,4463,8.32,28
4464,4464,1.55,4
4465,4465,13.17,40
4466,4466,1.47,8
4467,4467,11.09,37
4468,4468,10.73,35
4469,4469,1.82,5
4470,4470,9.40,28
4471,4471,14.15,46
4472,4472,8.12,24
4473,4473,11.93,36
4474,4474,9.04,30
4475,4475,4.32,16
4476,4476,6.13,19
4477,4477,5.14,19
4478,4478,9.85,30
4479,4479,3.74,14
4480,4480,5.47,17
4481,4481,10.88,36
4482,4482,12.59,40
4483,4483,11.23,33
4484,4484,9.82,31
4485,4485,14.82,48
4486,4486,4.28,16
4487,4487,5.35,17
4488,4488,2.45,11
4489,4489,9.72,33
4490,4490,4.99,17
4491,4491,4.28,13
4492,4492,12.58,38
4493,4493,6.26,22
4494,4494,14.76,46
4495,4495,11.00,36
4496,4496,7.81,25
4497,4497,4.82,14
4498,4498,14.62,47
4499,4499,10.03,32
4500,4500,7.98,25
4501,4501,13.92,42
4502,4502,12.53,40
4503,4503,4.88,14
4504,4504,10.26,32
4505,4505,9.21,29
4506,4506,12.85,39
4507,4507,2.18,8
4508,4508,14.65,45
4509,4509,12.43,40
4510,4510,6.85,21
4511,4511,4.63,15
4512,4512,14.87,47
4513,4513,3.88,14
4514,4514,13.26,43
4515,4515,1.10,3
4516,4516,10.68,32
4517,4517,10.63,35
4518,4518,11.69,35
4519,4519,5.76,18
4520,4520,14.01,44
4521,4521,3.53,10
4522,4522,9.15,28
4523,4523,7.38,23
4524,4524,7.99,26
4525,4525,6.12,18
4526,4526,2.57,9
4527,4527,13.90,44
4528,4528,11.07,37
4529,4529,13.26,41
4530,4530,6.16,22
4531,4531,7.42,25
4532,4532,5.12,15
4533,4533,8.52,25
4534,4534,1.06,4
4535,4535,1.77,5
4536,4536,12.44,40
4537,4537,10.37,34
4538,4538,1.10,5
4539,4539,10.58,35
4540,4540,10.90,33
4541,4541,11.00,35
4542,4542,1.69,8
4543,4543,13.52,40
4544,4544,14.16,42
4545,4545,10.00,34
4546,4546,3.21,10
4547,4547,13.55,41
4548,4548,14.50,45
4549,4549,1.49,6
4550,4550,2.17,8
4551,4551,6.72,22
4552,4552,8.87,29
4553,4553,6.39,22
4554,4554,1.21,6
4555,4555,2.10,6
4556,4556,3.60,13
4557,4557,14.21,44
4558,4558,1.76,8
4559,4559,6.06,21
4560,4560,13.73,45
4561,4561,5.05,17
4562,4562,12.88,39
4563,4563,6.01,19
4564,4564,14.60,44
4565,4565,10.10,31
4566,4566,10.63,35
4567,4567,11.53,37
4568,4568,10.27,32
4569,4569,3.39,13
4570,4570,1.22,5
4571,4571,4.43,14
4572,4572,11.58,34
4573,4573,12.42,41
4574,4574,9.51,31
4575,4575,7.22,25
4576,4576,10.16,32
4577,4577,9.51,30
4578,4578,2.63,7
4579,4579,7.66,26
4580,4580,11.02,37
4581,4581,10.05,33
4582,4582,13.57,41
4583,4583,12.66,39
4584,4584,3.45,13
4585,4585,9.49,31
4586,4586,8.91,30
4587,4587,8.97,28
4588,4588,1.29,4
4589,4589,8.33,27
4590,4590,2.74,8
4591,4591,8.58,29
4592,4592,9.52,31
4593,4593,9.14,27
4594,4594,6.80,21
4595,4595,4.46,16
4596,4596,7.85,23
4597,4597,2.35,7
4598,4598,10.60,34
4599,4599,6.40,19
4600,4600,9.21,31
4601,4601,5.14,16
4602,4602,13.05,43
4603,4603,6.85,21
4604,4604,14.55,46
4605,4605,13.41,41
4606,4606,5.72,20
4607,4607,8.54,29
4608,4608,1.72,8
4609,4609,3.67,13
4610,4610,1.97,5
4611,4611,6.73,20
4612,4612,3.18,13
4613,4613,6.61,20
4614,4614,13.43,43
4615,4615,14.77,46
4616,4616,7.08,25
4617,4617,1.34,4
4618,4618,3.21,11
4619,4619,13.80,45
4620,4620,5.10,15
4621,4621,10.41,32
4622,4622,3.08,9
4623,4623,12.44,41
4624,4624,13.04,39
4625,4625,9.05,31
4626,4626,11.63,34
4627,4627,13.25,43
4628,4628,12.40,37
4629,4629,11.82,38
4630,4630,5.70,18
4631,4631,8.56,26
4632,4632,4.22,16
4633,4633,5.85,17
4634,4634,9.65,30
4635,4635,3.00,9
4636,4636,1.20,3
4637,4637,1.28,5
4638,4638,12.76,40
4639,4639,9.46,29
4640,4640,13.13,43
4641,4641,11.20,35
4642,4642,12.18,40
4643,4643,7.00,23
4644,4644,13.10,39
4645,4645,6.66,20
4646,4646,12.70,41
4647,4647,4.68,15
4648,4648,11.56,36
4649,4649,12.96,42
4650,4650,11.38,34
4651,4651,2.30,10
4652,4652,2.17,6
4653,4653,11.71,35
4654,4654,14.67,44
4655,4655,10.83,34
4656,4656,8.90,30
4657,4657,8.80,30
4658,4658,14.92,45
4659,4659,2.21,10
4660,4660,3.51,12
4661,4661,1.55,6
4662,4662,2.94,12
4663,4663,9.27,29
4664,4664,1.81,8
4665,4665,10.55,32
4666,4666,8.80,28
4667,4667,2.62,9
4668,4668,6.37,20
4669,4669,8.22,28
4670,4670,1.94,6
4671,4671,14.09,42
4672,4672,7.16,24
4673,4673,9.21,31
4674,4674,5.63,20
4675,4675,11.28,34
4676,4676,3.46,12
4677,4677,8.72,30
4678,4678,7.48,26
4679,4679,10.70,35
4680,4680,14.73,46
4681,4681,4.05,16
4682,4682,9.91,30
4683,4683,2.46,10
4684,4684,14.76,44
4685,4685,10.98,36
4686,4686,12.18,38
4687,4687,10.40,32
4688,4688,1.33,6
4689,4689,3.51,13
4690,4690,9.35,29
4691,4691,9.75,31
4692,4692,3.70,12
4693,4693,11.60,34
4694,4694,6.49,19
4695,4695,3.64,12
4696,4696,6.18,18
4697,4697,10.37,32
4698,4698,6.44,20
4699,4699,1.56,4
4700,4700,13.15,41
4701,4701,14.39,46
4702,4702,1.28,3
4703,4703,11.66,38
4704,4704,11.98,37
4705,4705,3.69,13
4706,4706,3.96,12
4707,4707,10.29,34
4708,4708,3.36,12
4709,4709,5.81,17
4710,4710,8.12,25
4711,4711,6.51,20
4712,4712,5.01,19
4713,4713,2.65,9
4714,4714,3.04,12
4715,4715,13.23,41
4716,4716,11.45,36
4717,4717,10.79,36
4718,4718,13.58,41
4719,4719,3.03,12
4720,4720,11.10,35
4721,4721,12.84,40
4722,4722,13.09,42
4723,4723,2.17,10
4724,4724,3.39,13
4725,4725,12.04,40
4726,4726,7.50,26
4727,4727,4.34,13
4728,4728,8.65,27
4729,4729,1.16,5
4730,4730,14.84,46
4731,4731,14.83,48
4732,4732,7.35,22
4733,4733,13.61,42
4734,4734,3.26,13
4735,4735,3.40,11
4736,4736,2.76,9
4737,4737,11.67,35
4738,4738,4.77,17
4739,4739,9.64,30
4740,4740,6.11,19
4741,4741,12.45,39
4742,4742,10.76,33
4743,4743,8.73,26
4744,4744,4.00,15
4745,4745,13.41,42
4746,4746,8.44,29
4747,4747,6.65,22
4748,4748,4.95,17
4749,4749,9.19,27
4750,4750,4.59,14
4751,4751,6.12,21
4752,4752,9.00,30
4753,4753,8.24,28
4754,4754,14.54,47
4755,4755,14.70,44
4756,4756,7.99,23
4757,4757,7.68,25
4758,4758,14.04,46
4759,4759,11.47,36
4760,4760,14.93,45
4761,4761,8.10,28
4762,4762,5.20,17
4763,4763,13.58,41
4764,4764,9.88,32
4765,4765,6.03,18
4766,4766,11.48,34
4767,4767,3.93,13
4768,4768,10.24,32
4769,4769,6.50,19
4770,4770,4.65,14
4771,4771,6.53,23
4772,4772,8.41,26
4773,4773,4.32,16
4774,4774,4.19,14
4775,4775,2.47,7
4776,4776,7.52,24
4777,4777,12.97,38
4778,4778,10.38,35
4779,4779,10.95,32
4780,4780,11.03,33
4781,4781,5.01,15
4782,4782,5.19,16
4783,4783,1.14,3
4784,4784,13.86,42
4785,4785,1.28,5
4786,4786,10.65,32
4787,4787,7.79,23
4788,4788,6.47,23
4789,4789,8.78,30
4790,4790,5.30,15
4791,4791,4.61,17
4792,4792,10.46,33
4793,4793,12.50,37
4794,4794,10.15,32
4795,4795,3.00,12
4796,4796,12.63,37
4797,4797,2.61,9
4798,4798,3.48,14
4799,4799,11.39,37
4800,4800,11.94,38
4801,4801,4.02,13
4802,4802,5.28,18
4803,4803,8.84,30
4804,4804,1.03,5
4805,4805,2.36,7
4806,4806,12.75,42
4807,4807,6.59,20
4808,4808,1.84,8
4809,4809,2.92,8
4810,4810,7.19,25
4811,4811,10.91,36
4812,4812,11.23,36
4813,4813,5.40,16
4814,4814,11.47,35
4815,4815,1.55,5
4816,4816,6.66,19
4817,4817,1.75,5
4818,4818,11.83,39
4819,4819,10.77,36
4820,4820,9.28,30
4821,4821,12.98,41
4822,4822,13.83,44
4823,4823,14.68,47
4824,4824,4.19,13
4825,4825,11.65,34
4826,4826,10.16,34
4827,4827,13.65,40
4828,4828,2.65,10
4829,4829,5.52,20
4830,4830,3.57,11
4831,4831,9.70,29
4832,4832,3.64,11
4833,4833,9.16,28
4834,4834,14.64,47
4835,4835,14.55,45
4836,4836,9.48,28
4837,4837,12.41,41
4838,4838,13.04,41
4839,4839,8.90,27
4840,4840,11.81,38
4841,4841,2.19,8
4842,4842,13.02,39
4843,4843,8.81,28
4844,4844,5.49,18
4845,4845,7.18,23
4846,4846,14.61,44
4847,4847,5.22,18
4848,4848,3.85,15
4849,4849,3.74,13
4850,4850,13.47,42
4851,4851,2.34,8
4852,4852,1.11,7
4853,4853,3.82,15
4854,4854,2.99,11
4855,4855,4.78,17
4856,4856,1.51,5
4857,4857,12.58,39
4858,4858,13.75,42
4859,4859,9.24,31
4860,4860,12.38,40
4861,4861,6.72,22
4862,4862,5.17,18
4863,4863,4.96,14
4864,4864,4.55,15
4865,4865,14.12,46
4866,4866,9.86,30
4867,4867,5.12,17
4868,4868,3.36,10
4869,4869,5.97,18
4870,4870,8.68,29
4871,4871,9.70,30
4872,4872,4.28,12
4873,4873,1.66,8
4874,4874,10.10,34
4875,4875,5.38,17
4876,4876,9.40,29
4877,4877,11.83,38
4878,4878,1.19,7
4879,4879,5.70,21
4880,4880,12.65,38
4881,4881,1.62,8
4882,4882,11.12,36
4883,4883,8.45,28
4884,4884,8.03,24
4885,4885,11.34,35
4886,4886,1.27,5
4887,4887,13.47,44
4888,4888,1.31,7
4889,4889,3.22,13
4890,4890,11.37,38
4891,4891,7.81,24
4892,4892,13.81,42
4893,4893,10.85,34
4894,4894,3.54,13
4895,4895,7.79,25
4896,4896,5.34,19
4897,4897,11.82,37
4898,4898,5.73,19
4899,4899,8.18,27
4900,4900,5.04,19
4901,4901,11.80,38
4902,4902,7.30,24
4903,4903,4.76,14
4904,4904,7.17,21
4905,4905,11.55,35
4906,4906,6.32,18
4907,4907,2.64,7
4908,4908,3.54,10
4909,4909,1.18,7
4910,4910,14.80,44
4911,4911,10.80,33
4912,4912,7.60,26
4913,4913,12.26,37
4914,4914,1.48,6
4915,4915,1.42,6
4916,4916,5.83,20
4917,4917,2.11,9
4918,4918,5.66,17
4919,4919,7.08,23
4920,4920,1.46,7
4921,4921,11.40,37
4922,4922,9.84,32
4923,4923,9.17,31
4924,4924,6.91,24
4925,4925,8.75,28
4926,4926,13.24,39
4927,4927,6.73,23
4928,4928,12.46,38
4929,4929,7.70,24
4930,4930,4.02,12
4931,4931,12.50,39
4932,4932,7.27,23
4933,4933,13.31,43
4934,4934,14.65,44
4935,4935,11.92,35
4936,4936,1.75,8
4937,4937,10.01,33
4938,4938,6.71,24
4939,4939,12.14,37
4940,4940,8.19,24
4941,4941,13.52,41
4942,4942,14.13,45
4943,4943,11.69,37
4944,4944,11.82,38
4945,4945,11.58,37
4946,4946,6.77,23
4947,4947,12.81,40
4948,4948,4.17,12
4949,4949,9.51,32
4950,4950,13.01,39
4951,4951,7.70,23
4952,4952,8.23,24
4953,4953,9.21,29
4954,4954,1.19,4
4955,4955,11.21,34
4956,4956,11.24,35
4957,4957,4.57,16
4958,4958,3.40,12
4959,4959,3.42,11
4960,4960,1.95,9
4961,4961,10.57,33
4962,4962,14.88,45
4963,4963,8.10,26
4964,4964,9.28,28
4965,4965,8.33,28
4966,4966,2.01,10
4967,4967,7.16,23
4968,4968,5.00,15
4969,4969,1.91,7
4970,4970,2.08,7
4971,4971,10.00,33
4972,4972,7.92,24
4973,4973,7.70,23
4974,4974,8.41,28
4975,4975,10.43,32
4976,4976,6.95,21
4977,4977,6.18,20
4978,4978,13.19,40
4979,4979,4.69,16
4980,4980,7.26,25
4981,4981,1.85,9
4982,4982,9.77,31
4983,4983,6.29,20
4984,4984,11.81,35
4985,4985,12.93,40
4986,4986,8.39,25
4987,4987,2.37,8
4988,4988,10.96,32
4989,4989,13.32,43
4990,4990,10.51,31
4991,4991,7.68,23
4992,4992,11.08,36
4993,4993,4.90,17
4994,4994,5.02,19
4995,4995,1.87,5
4996,4996,4.20,14
4997,4997,1.05,3
4998,4998,7.38,22
4999,4999,1.48,5
5000,5000,6.70,22
