id,customer_id,driver_id,total_price,status,version
1,20,2,350000.0,ASSIGNED,0
2,1206,,230000.0,PENDING,0
3,1037,316,110000.0,ASSIGNED,0
4,842,,270000.0,PENDING,0
5,534,,190000.0,PENDING,0
6,1213,,80000.0,PENDING,0
7,1030,,210000.0,PENDING,0
8,1321,51,310000.0,ASSIGNED,0
9,575,,320000.0,PENDING,0
10,1814,136,350000.0,DELIVERED,0
11,820,104,260000.0,DELIVERED,0
12,1341,,270000.0,PENDING,0
13,298,,370000.0,PENDING,0
14,1707,57,390000.0,ASSIGNED,0
15,229,177,60000.0,DELIVERED,0
16,1477,334,60000.0,DELIVERED,0
17,1822,12,80000.0,DELIVERED,0
18,1387,,260000.0,PENDING,0
19,935,324,300000.0,DELIVERED,0
20,1357,,60000.0,PENDING,0
21,881,293,240000.0,ASSIGNED,0
22,1708,264,310000.0,DELIVERED,0
23,912,292,90000.0,ASSIGNED,0
24,146,,270000.0,PENDING,0
25,56,,130000.0,PENDING,0
26,403,89,380000.0,ASSIGNED,0
27,1411,,250000.0,PENDING,0
28,1609,484,260000.0,ASSIGNED,0
29,1600,37,320000.0,ASSIGNED,0
30,1521,24,390000.0,DELIVERED,0
31,1939,82,340000.0,DELIVERED,0
32,453,16,160000.0,ASSIGNED,0
33,1191,,360000.0,PENDING,0
34,1284,419,180000.0,DELIVERED,0
35,278,,210000.0,PENDING,0
36,182,,180000.0,PENDING,0
37,471,5,70000.0,ASSIGNED,0
38,1460,437,240000.0,ASSIGNED,0
39,348,52,140000.0,DELIVERED,0
40,929,393,340000.0,ASSIGNED,0
41,775,277,360000.0,DELIVERED,0
42,1029,,160000.0,PENDING,0
43,1138,351,320000.0,ASSIGNED,0
44,238,64,380000.0,ASSIGNED,0
45,871,299,370000.0,ASSIGNED,0
46,1631,369,300000.0,DELIVERED,0
47,1421,,120000.0,PENDING,0
48,968,,100000.0,PENDING,0
49,863,94,140000.0,ASSIGNED,0
50,1234,300,290000.0,ASSIGNED,0
51,1776,479,140000.0,DELIVERED,0
52,1847,,250000.0,PENDING,0
53,250,247,330000.0,DELIVERED,0
54,267,,70000.0,PENDING,0
55,1796,227,290000.0,DELIVERED,0
56,332,282,380000.0,ASSIGNED,0
57,834,30,150000.0,DELIVERED,0
58,443,,220000.0,PENDING,0
59,1002,,100000.0,PENDING,0
60,1790,153,120000.0,DELIVERED,0
61,1365,219,180000.0,DELIVERED,0
62,427,382,320000.0,ASSIGNED,0
63,1208,,190000.0,PENDING,0
64,1711,,160000.0,PENDING,0
65,598,,70000.0,PENDING,0
66,1260,196,260000.0,DELIVERED,0
67,1452,326,240000.0,DELIVERED,0
68,285,430,300000.0,DELIVERED,0
69,489,,380000.0,PENDING,0
70,1185,51,300000.0,DELIVERED,0
71,1445,102,340000.0,DELIVERED,0
72,955,120,350000.0,DELIVERED,0
73,1997,372,70000.0,ASSIGNED,0
74,1622,,270000.0,PENDING,0
75,244,,170000.0,PENDING,0
76,34,219,200000.0,ASSIGNED,0
77,2000,238,210000.0,ASSIGNED,0
78,1324,,170000.0,PENDING,0
79,832,115,130000.0,ASSIGNED,0
80,637,27,350000.0,ASSIGNED,0
81,794,,310000.0,PENDING,0
82,946,152,270000.0,DELIVERED,0
83,595,320,280000.0,DELIVERED,0
84,887,223,190000.0,DELIVERED,0
85,211,15,320000.0,ASSIGNED,0
86,208,,310000.0,PENDING,0
87,256,,300000.0,PENDING,0
88,1614,339,70000.0,DELIVERED,0
89,722,130,390000.0,ASSIGNED,0
90,1126,,70000.0,PENDING,0
91,1347,243,80000.0,ASSIGNED,0
92,713,220,310000.0,ASSIGNED,0
93,1729,227,50000.0,DELIVERED,0
94,1111,,300000.0,PENDING,0
95,562,,150000.0,PENDING,0
96,6,,370000.0,PENDING,0
97,737,,80000.0,PENDING,0
98,225,357,340000.0,ASSIGNED,0
99,1834,340,250000.0,ASSIGNED,0
100,12,89,170000.0,ASSIGNED,0
101,10,,260000.0,PENDING,0
102,678,395,340000.0,ASSIGNED,0
103,895,320,270000.0,DELIVERED,0
104,858,477,330000.0,DELIVERED,0
105,821,136,150000.0,ASSIGNED,0
106,146,199,390000.0,ASSIGNED,0
107,83,,270000.0,PENDING,0
108,1417,252,250000.0,DELIVERED,0
109,459,341,290000.0,ASSIGNED,0
110,1838,,350000.0,PENDING,0
111,993,101,120000.0,DELIVERED,0
112,1554,,200000.0,PENDING,0
113,1522,,230000.0,PENDING,0
114,1055,142,170000.0,DELIVERED,0
115,803,,140000.0,PENDING,0
116,1711,,70000.0,PENDING,0
117,424,345,230000.0,DELIVERED,0
118,1294,385,130000.0,ASSIGNED,0
119,1857,241,370000.0,DELIVERED,0
120,1091,107,180000.0,DELIVERED,0
121,244,271,390000.0,ASSIGNED,0
122,192,,110000.0,PENDING,0
123,453,,210000.0,PENDING,0
124,375,392,90000.0,DELIVERED,0
125,1413,478,110000.0,ASSIGNED,0
126,158,294,170000.0,DELIVERED,0
127,43,,110000.0,PENDING,0
128,887,,260000.0,PENDING,0
129,1321,203,150000.0,ASSIGNED,0
130,1571,224,360000.0,DELIVERED,0
131,1399,364,170000.0,ASSIGNED,0
132,1122,132,230000.0,DELIVERED,0
133,368,74,390000.0,ASSIGNED,0
134,1781,456,280000.0,DELIVERED,0
135,762,,180000.0,PENDING,0
136,268,34,270000.0,DELIVERED,0
137,1636,75,360000.0,ASSIGNED,0
138,1869,154,100000.0,ASSIGNED,0
139,1562,335,130000.0,DELIVERED,0
140,1234,,250000.0,PENDING,0
141,445,326,360000.0,DELIVERED,0
142,1409,413,270000.0,ASSIGNED,0
143,235,344,300000.0,ASSIGNED,0
144,1469,,90000.0,PENDING,0
145,738,288,350000.0,ASSIGNED,0
146,1923,,370000.0,PENDING,0
147,1375,,280000.0,PENDING,0
148,363,373,370000.0,DELIVERED,0
149,1724,155,340000.0,ASSIGNED,0
150,1415,320,340000.0,DELIVERED,0
151,1153,,300000.0,PENDING,0
152,1254,,220000.0,PENDING,0
153,489,,70000.0,PENDING,0
154,681,242,140000.0,DELIVERED,0
155,412,86,80000.0,ASSIGNED,0
156,915,,90000.0,PENDING,0
157,742,,330000.0,PENDING,0
158,212,233,280000.0,ASSIGNED,0
159,66,,50000.0,PENDING,0
160,912,,350000.0,PENDING,0
161,1929,367,80000.0,ASSIGNED,0
162,1471,141,340000.0,DELIVERED,0
163,1109,,240000.0,PENDING,0
164,1412,424,360000.0,ASSIGNED,0
165,254,469,380000.0,DELIVERED,0
166,669,14,110000.0,ASSIGNED,0
167,1035,,190000.0,PENDING,0
168,1127,8,270000.0,DELIVERED,0
169,141,71,370000.0,DELIVERED,0
170,1581,,50000.0,PENDING,0
171,1725,,190000.0,PENDING,0
172,662,216,210000.0,ASSIGNED,0
173,546,,390000.0,PENDING,0
174,924,180,350000.0,DELIVERED,0
175,37,,140000.0,PENDING,0
176,1951,193,380000.0,DELIVERED,0
177,1735,,80000.0,PENDING,0
178,1656,364,210000.0,DELIVERED,0
179,1616,188,80000.0,DELIVERED,0
180,1547,,200000.0,PENDING,0
181,1057,378,50000.0,ASSIGNED,0
182,1861,457,100000.0,ASSIGNED,0
183,1687,235,70000.0,DELIVERED,0
184,188,157,100000.0,DELIVERED,0
185,1985,383,80000.0,DELIVERED,0
186,112,,310000.0,PENDING,0
187,772,60,50000.0,ASSIGNED,0
188,433,42,350000.0,ASSIGNED,0
189,1074,292,80000.0,DELIVERED,0
190,1377,466,220000.0,DELIVERED,0
191,37,,220000.0,PENDING,0
192,264,,80000.0,PENDING,0
193,999,129,380000.0,ASSIGNED,0
194,218,127,310000.0,ASSIGNED,0
195,1245,,120000.0,PENDING,0
196,731,199,90000.0,ASSIGNED,0
197,10,270,80000.0,DELIVERED,0
198,1061,,230000.0,PENDING,0
199,1992,337,310000.0,ASSIGNED,0
200,872,178,280000.0,DELIVERED,0
201,857,,270000.0,PENDING,0
202,869,15,170000.0,DELIVERED,0
203,120,344,350000.0,DELIVERED,0
204,230,219,370000.0,ASSIGNED,0
205,260,39,50000.0,ASSIGNED,0
206,455,385,50000.0,ASSIGNED,0
207,1923,160,380000.0,DELIVERED,0
208,1444,,240000.0,PENDING,0
209,451,304,90000.0,ASSIGNED,0
210,1605,,350000.0,PENDING,0
211,1546,,140000.0,PENDING,0
212,1549,,60000.0,PENDING,0
213,801,,340000.0,PENDING,0
214,680,,260000.0,PENDING,0
215,1715,,160000.0,PENDING,0
216,86,,260000.0,PENDING,0
217,1776,380,210000.0,DELIVERED,0
218,1927,409,390000.0,ASSIGNED,0
219,454,,380000.0,PENDING,0
220,834,,370000.0,PENDING,0
221,324,71,120000.0,ASSIGNED,0
222,1168,341,150000.0,ASSIGNED,0
223,476,157,180000.0,ASSIGNED,0
224,1090,486,150000.0,DELIVERED,0
225,1783,184,390000.0,ASSIGNED,0
226,1944,27,90000.0,DELIVERED,0
227,1810,67,150000.0,ASSIGNED,0
228,1725,407,180000.0,ASSIGNED,0
229,742,147,110000.0,ASSIGNED,0
230,872,341,300000.0,ASSIGNED,0
231,1542,257,240000.0,ASSIGNED,0
232,1176,,230000.0,PENDING,0
233,874,335,140000.0,DELIVERED,0
234,1672,,190000.0,PENDING,0
235,1170,369,70000.0,ASSIGNED,0
236,1698,418,110000.0,DELIVERED,0
237,1509,199,110000.0,ASSIGNED,0
238,1847,,370000.0,PENDING,0
239,962,264,80000.0,ASSIGNED,0
240,975,63,280000.0,DELIVERED,0
241,1040,319,180000.0,DELIVERED,0
242,804,,210000.0,PENDING,0
243,1456,499,220000.0,DELIVERED,0
244,420,313,210000.0,DELIVERED,0
245,1997,88,350000.0,ASSIGNED,0
246,481,234,320000.0,DELIVERED,0
247,533,386,360000.0,DELIVERED,0
248,1864,347,130000.0,DELIVERED,0
249,554,,170000.0,PENDING,0
250,907,386,360000.0,ASSIGNED,0
251,119,112,370000.0,DELIVERED,0
252,1871,300,70000.0,ASSIGNED,0
253,323,118,240000.0,ASSIGNED,0
254,183,,240000.0,PENDING,0
255,1046,275,290000.0,ASSIGNED,0
256,1989,328,110000.0,ASSIGNED,0
257,498,142,270000.0,ASSIGNED,0
258,1362,410,150000.0,DELIVERED,0
259,536,265,300000.0,DELIVERED,0
260,413,357,160000.0,DELIVERED,0
261,587,401,290000.0,DELIVERED,0
262,683,,320000.0,PENDING,0
263,294,141,260000.0,ASSIGNED,0
264,57,,290000.0,PENDING,0
265,461,377,330000.0,DELIVERED,0
266,1416,115,120000.0,ASSIGNED,0
267,645,,290000.0,PENDING,0
268,517,126,130000.0,DELIVERED,0
269,1130,218,120000.0,DELIVERED,0
270,1352,,210000.0,PENDING,0
271,635,,260000.0,PENDING,0
272,732,466,110000.0,DELIVERED,0
273,100,157,120000.0,DELIVERED,0
274,1426,472,270000.0,DELIVERED,0
275,810,,280000.0,PENDING,0
276,867,208,160000.0,DELIVERED,0
277,1522,244,380000.0,DELIVERED,0
278,1976,417,160000.0,ASSIGNED,0
279,602,192,340000.0,DELIVERED,0
280,530,188,90000.0,DELIVERED,0
281,1450,350,230000.0,DELIVERED,0
282,212,199,160000.0,ASSIGNED,0
283,339,102,70000.0,DELIVERED,0
284,826,20,300000.0,ASSIGNED,0
285,1471,214,290000.0,DELIVERED,0
286,1692,186,110000.0,DELIVERED,0
287,1218,95,310000.0,ASSIGNED,0
288,394,147,390000.0,ASSIGNED,0
289,297,,260000.0,PENDING,0
290,1862,57,60000.0,DELIVERED,0
291,713,283,160000.0,ASSIGNED,0
292,1921,,230000.0,PENDING,0
293,295,,140000.0,PENDING,0
294,509,287,330000.0,DELIVERED,0
295,58,402,250000.0,ASSIGNED,0
296,1442,377,320000.0,DELIVERED,0
297,1568,249,210000.0,ASSIGNED,0
298,232,,360000.0,PENDING,0
299,1214,421,80000.0,ASSIGNED,0
300,475,,170000.0,PENDING,0
301,221,193,360000.0,ASSIGNED,0
302,959,404,180000.0,DELIVERED,0
303,353,64,330000.0,ASSIGNED,0
304,458,,260000.0,PENDING,0
305,1768,272,370000.0,DELIVERED,0
306,1617,24,180000.0,ASSIGNED,0
307,778,,60000.0,PENDING,0
308,1278,,350000.0,PENDING,0
309,406,317,200000.0,ASSIGNED,0
310,754,,320000.0,PENDING,0
311,507,293,100000.0,DELIVERED,0
312,276,52,120000.0,DELIVERED,0
313,126,465,280000.0,DELIVERED,0
314,1012,,120000.0,PENDING,0
315,1056,286,350000.0,DELIVERED,0
316,137,,380000.0,PENDING,0
317,803,256,300000.0,ASSIGNED,0
318,1315,,340000.0,PENDING,0
319,407,306,120000.0,ASSIGNED,0
320,765,144,240000.0,DELIVERED,0
321,365,245,380000.0,ASSIGNED,0
322,846,,260000.0,PENDING,0
323,640,218,100000.0,DELIVERED,0
324,1497,,260000.0,PENDING,0
325,1359,,390000.0,PENDING,0
326,1153,273,220000.0,DELIVERED,0
327,106,96,50000.0,DELIVERED,0
328,576,,360000.0,PENDING,0
329,643,224,240000.0,ASSIGNED,0
330,1774,293,380000.0,ASSIGNED,0
331,816,445,270000.0,DELIVERED,0
332,498,,300000.0,PENDING,0
333,326,47,240000.0,ASSIGNED,0
334,409,,220000.0,PENDING,0
335,1174,336,310000.0,ASSIGNED,0
336,618,,190000.0,PENDING,0
337,1731,429,240000.0,DELIVERED,0
338,308,145,210000.0,ASSIGNED,0
339,1079,52,290000.0,ASSIGNED,0
340,733,191,310000.0,ASSIGNED,0
341,1566,,90000.0,PENDING,0
342,1458,,330000.0,PENDING,0
343,1018,,120000.0,PENDING,0
344,1170,,280000.0,PENDING,0
345,1743,238,80000.0,ASSIGNED,0
346,1887,,350000.0,PENDING,0
347,127,,110000.0,PENDING,0
348,1961,385,380000.0,ASSIGNED,0
349,232,,230000.0,PENDING,0
350,324,476,170000.0,DELIVERED,0
351,610,431,60000.0,ASSIGNED,0
352,1822,,320000.0,PENDING,0
353,846,165,160000.0,ASSIGNED,0
354,326,,140000.0,PENDING,0
355,15,26,160000.0,ASSIGNED,0
356,1469,,360000.0,PENDING,0
357,1757,460,140000.0,DELIVERED,0
358,124,176,280000.0,DELIVERED,0
359,1595,268,320000.0,DELIVERED,0
360,95,99,360000.0,DELIVERED,0
361,1123,,170000.0,PENDING,0
362,832,56,60000.0,ASSIGNED,0
363,26,73,260000.0,DELIVERED,0
364,976,104,150000.0,ASSIGNED,0
365,266,57,200000.0,ASSIGNED,0
366,621,,310000.0,PENDING,0
367,1820,,330000.0,PENDING,0
368,262,395,280000.0,DELIVERED,0
369,373,467,200000.0,ASSIGNED,0
370,1775,90,220000.0,DELIVERED,0
371,744,211,150000.0,ASSIGNED,0
372,277,244,150000.0,DELIVERED,0
373,1582,20,50000.0,DELIVERED,0
374,671,,90000.0,PENDING,0
375,1891,227,70000.0,DELIVERED,0
376,1656,,60000.0,PENDING,0
377,1829,485,360000.0,DELIVERED,0
378,1559,184,260000.0,ASSIGNED,0
379,1106,340,90000.0,ASSIGNED,0
380,1600,198,190000.0,DELIVERED,0
381,90,281,380000.0,DELIVERED,0
382,463,8,280000.0,ASSIGNED,0
383,2000,,160000.0,PENDING,0
384,1403,317,370000.0,DELIVERED,0
385,1411,344,130000.0,ASSIGNED,0
386,1281,294,310000.0,DELIVERED,0
387,528,,340000.0,PENDING,0
388,895,,260000.0,PENDING,0
389,1404,98,180000.0,ASSIGNED,0
390,560,,340000.0,PENDING,0
391,1746,463,160000.0,ASSIGNED,0
392,977,34,190000.0,DELIVERED,0
393,1587,441,150000.0,DELIVERED,0
394,913,280,150000.0,ASSIGNED,0
395,146,,80000.0,PENDING,0
396,730,,380000.0,PENDING,0
397,725,372,250000.0,DELIVERED,0
398,1714,455,70000.0,DELIVERED,0
399,55,6,260000.0,DELIVERED,0
400,1238,244,130000.0,ASSIGNED,0
401,986,,310000.0,PENDING,0
402,398,394,80000.0,ASSIGNED,0
403,797,7,130000.0,DELIVERED,0
404,1586,,200000.0,PENDING,0
405,1133,111,390000.0,DELIVERED,0
406,1651,252,360000.0,ASSIGNED,0
407,94,178,120000.0,DELIVERED,0
408,142,,360000.0,PENDING,0
409,255,70,380000.0,DELIVERED,0
410,569,122,240000.0,DELIVERED,0
411,1793,,130000.0,PENDING,0
412,956,159,90000.0,DELIVERED,0
413,439,184,250000.0,DELIVERED,0
414,571,,380000.0,PENDING,0
415,1394,145,370000.0,DELIVERED,0
416,1752,409,110000.0,DELIVERED,0
417,305,361,340000.0,DELIVERED,0
418,1712,137,80000.0,DELIVERED,0
419,1628,95,370000.0,DELIVERED,0
420,1248,66,340000.0,DELIVERED,0
421,1823,71,60000.0,ASSIGNED,0
422,757,258,70000.0,DELIVERED,0
423,1192,,160000.0,PENDING,0
424,287,229,280000.0,ASSIGNED,0
425,1963,460,390000.0,DELIVERED,0
426,334,,270000.0,PENDING,0
427,160,311,200000.0,ASSIGNED,0
428,1924,,140000.0,PENDING,0
429,1368,,70000.0,PENDING,0
430,947,,380000.0,PENDING,0
431,621,293,330000.0,ASSIGNED,0
432,1524,405,380000.0,DELIVERED,0
433,148,473,210000.0,ASSIGNED,0
434,1000,,80000.0,PENDING,0
435,1857,462,180000.0,ASSIGNED,0
436,488,111,150000.0,ASSIGNED,0
437,79,135,50000.0,DELIVERED,0
438,1016,393,260000.0,ASSIGNED,0
439,1382,224,380000.0,ASSIGNED,0
440,88,202,170000.0,DELIVERED,0
441,284,83,190000.0,ASSIGNED,0
442,917,,60000.0,PENDING,0
443,225,47,160000.0,DELIVERED,0
444,1603,365,250000.0,DELIVERED,0
445,338,112,250000.0,DELIVERED,0
446,892,410,140000.0,ASSIGNED,0
447,844,13,320000.0,ASSIGNED,0
448,1212,193,210000.0,ASSIGNED,0
449,1173,,80000.0,PENDING,0
450,1499,414,320000.0,DELIVERED,0
451,1236,,280000.0,PENDING,0
452,387,109,290000.0,DELIVERED,0
453,991,323,130000.0,ASSIGNED,0
454,1265,188,190000.0,ASSIGNED,0
455,1156,235,50000.0,ASSIGNED,0
456,748,289,330000.0,ASSIGNED,0
457,449,,140000.0,PENDING,0
458,653,435,50000.0,ASSIGNED,0
459,1764,331,260000.0,DELIVERED,0
460,29,337,60000.0,DELIVERED,0
461,1303,280,290000.0,ASSIGNED,0
462,950,,350000.0,PENDING,0
463,506,188,100000.0,ASSIGNED,0
464,747,209,70000.0,ASSIGNED,0
465,1720,,230000.0,PENDING,0
466,62,,270000.0,PENDING,0
467,1195,69,350000.0,ASSIGNED,0
468,1873,,140000.0,PENDING,0
469,1524,,120000.0,PENDING,0
470,269,229,230000.0,DELIVERED,0
471,1056,135,360000.0,ASSIGNED,0
472,966,467,290000.0,ASSIGNED,0
473,1823,,180000.0,PENDING,0
474,1773,377,240000.0,ASSIGNED,0
475,436,132,360000.0,DELIVERED,0
476,1355,330,260000.0,ASSIGNED,0
477,555,,300000.0,PENDING,0
478,1002,187,70000.0,ASSIGNED,0
479,1483,168,130000.0,ASSIGNED,0
480,232,256,210000.0,ASSIGNED,0
481,1852,484,360000.0,ASSIGNED,0
482,1736,8,390000.0,DELIVERED,0
483,1891,416,370000.0,DELIVERED,0
484,1010,42,140000.0,DELIVERED,0
485,1952,438,60000.0,ASSIGNED,0
486,746,446,380000.0,DELIVERED,0
487,26,,90000.0,PENDING,0
488,1269,341,210000.0,ASSIGNED,0
489,876,466,390000.0,ASSIGNED,0
490,1275,94,110000.0,DELIVERED,0
491,1143,229,80000.0,ASSIGNED,0
492,245,,340000.0,PENDING,0
493,1879,,110000.0,PENDING,0
494,1460,,370000.0,PENDING,0
495,709,378,340000.0,ASSIGNED,0
496,234,,260000.0,PENDING,0
497,530,76,230000.0,DELIVERED,0
498,1674,108,140000.0,DELIVERED,0
499,1335,7,220000.0,ASSIGNED,0
500,1895,68,230000.0,DELIVERED,0
501,1015,,230000.0,PENDING,0
502,312,,180000.0,PENDING,0
503,1145,,90000.0,PENDING,0
504,1487,131,200000.0,DELIVERED,0
505,1232,461,200000.0,ASSIGNED,0
506,955,111,170000.0,ASSIGNED,0
507,1081,71,190000.0,ASSIGNED,0
508,1516,492,330000.0,DELIVERED,0
509,25,126,320000.0,ASSIGNED,0
510,611,61,90000.0,ASSIGNED,0
511,165,448,350000.0,DELIVERED,0
512,156,,250000.0,PENDING,0
513,765,319,350000.0,DELIVERED,0
514,39,19,80000.0,ASSIGNED,0
515,1011,248,290000.0,DELIVERED,0
516,934,297,270000.0,DELIVERED,0
517,45,97,190000.0,DELIVERED,0
518,1675,318,340000.0,ASSIGNED,0
519,1329,,360000.0,PENDING,0
520,492,128,390000.0,ASSIGNED,0
521,1564,267,330000.0,ASSIGNED,0
522,994,,320000.0,PENDING,0
523,219,118,280000.0,ASSIGNED,0
524,1773,8,80000.0,DELIVERED,0
525,1690,117,190000.0,DELIVERED,0
526,1334,418,100000.0,ASSIGNED,0
527,1312,107,350000.0,ASSIGNED,0
528,1273,328,180000.0,ASSIGNED,0
529,479,337,70000.0,ASSIGNED,0
530,199,330,280000.0,DELIVERED,0
531,360,272,80000.0,ASSIGNED,0
532,1844,94,370000.0,DELIVERED,0
533,50,,300000.0,PENDING,0
534,637,,110000.0,PENDING,0
535,530,,60000.0,PENDING,0
536,573,83,180000.0,ASSIGNED,0
537,1603,420,310000.0,ASSIGNED,0
538,283,441,200000.0,ASSIGNED,0
539,1941,,390000.0,PENDING,0
540,944,454,90000.0,DELIVERED,0
541,745,448,350000.0,DELIVERED,0
542,469,164,110000.0,ASSIGNED,0
543,1702,,220000.0,PENDING,0
544,391,223,180000.0,ASSIGNED,0
545,1861,,390000.0,PENDING,0
546,132,129,380000.0,DELIVERED,0
547,341,,150000.0,PENDING,0
548,1695,306,180000.0,ASSIGNED,0
549,894,,110000.0,PENDING,0
550,1665,489,350000.0,ASSIGNED,0
551,886,,320000.0,PENDING,0
552,1244,,80000.0,PENDING,0
553,1626,146,300000.0,DELIVERED,0
554,960,,300000.0,PENDING,0
555,420,328,270000.0,ASSIGNED,0
556,1246,48,360000.0,DELIVERED,0
557,1431,,240000.0,PENDING,0
558,988,425,380000.0,ASSIGNED,0
559,1439,,80000.0,PENDING,0
560,220,122,50000.0,DELIVERED,0
561,1500,402,350000.0,ASSIGNED,0
562,1957,,220000.0,PENDING,0
563,802,,220000.0,PENDING,0
564,701,74,260000.0,ASSIGNED,0
565,1067,443,300000.0,ASSIGNED,0
566,244,162,320000.0,DELIVERED,0
567,1135,274,210000.0,ASSIGNED,0
568,1962,,250000.0,PENDING,0
569,1637,,370000.0,PENDING,0
570,1800,232,290000.0,DELIVERED,0
571,296,,290000.0,PENDING,0
572,1029,473,130000.0,ASSIGNED,0
573,1983,338,190000.0,DELIVERED,0
574,167,42,150000.0,DELIVERED,0
575,677,356,200000.0,ASSIGNED,0
576,1120,478,370000.0,DELIVERED,0
577,425,295,390000.0,DELIVERED,0
578,846,346,110000.0,DELIVERED,0
579,1359,50,330000.0,DELIVERED,0
580,1405,252,190000.0,DELIVERED,0
581,1806,247,50000.0,ASSIGNED,0
582,1102,,210000.0,PENDING,0
583,1848,,110000.0,PENDING,0
584,1924,49,260000.0,ASSIGNED,0
585,1063,476,90000.0,ASSIGNED,0
586,1327,162,350000.0,ASSIGNED,0
587,342,394,110000.0,ASSIGNED,0
588,995,91,50000.0,DELIVERED,0
589,1020,99,320000.0,ASSIGNED,0
590,585,391,290000.0,ASSIGNED,0
591,1011,496,110000.0,DELIVERED,0
592,987,256,310000.0,ASSIGNED,0
593,871,,250000.0,PENDING,0
594,1391,78,240000.0,DELIVERED,0
595,999,347,60000.0,ASSIGNED,0
596,615,,320000.0,PENDING,0
597,573,,180000.0,PENDING,0
598,258,,190000.0,PENDING,0
599,1899,174,260000.0,DELIVERED,0
600,1447,327,160000.0,DELIVERED,0
601,199,,370000.0,PENDING,0
602,602,,350000.0,PENDING,0
603,1409,213,60000.0,ASSIGNED,0
604,929,272,340000.0,DELIVERED,0
605,225,388,110000.0,DELIVERED,0
606,396,344,310000.0,DELIVERED,0
607,516,394,330000.0,DELIVERED,0
608,799,257,220000.0,ASSIGNED,0
609,1660,,160000.0,PENDING,0
610,57,327,50000.0,DELIVERED,0
611,1885,,140000.0,PENDING,0
612,1566,197,170000.0,ASSIGNED,0
613,1930,1,300000.0,ASSIGNED,0
614,1480,,290000.0,PENDING,0
615,504,265,350000.0,DELIVERED,0
616,1513,46,130000.0,DELIVERED,0
617,1634,284,140000.0,DELIVERED,0
618,1629,82,200000.0,ASSIGNED,0
619,1923,253,60000.0,DELIVERED,0
620,1734,149,340000.0,DELIVERED,0
621,14,,270000.0,PENDING,0
622,322,,370000.0,PENDING,0
623,1542,266,60000.0,DELIVERED,0
624,1140,140,330000.0,DELIVERED,0
625,1111,,190000.0,PENDING,0
626,645,79,220000.0,DELIVERED,0
627,1414,52,60000.0,DELIVERED,0
628,627,213,350000.0,ASSIGNED,0
629,80,269,260000.0,DELIVERED,0
630,1132,215,350000.0,DELIVERED,0
631,1940,169,170000.0,DELIVERED,0
632,418,,130000.0,PENDING,0
633,577,,280000.0,PENDING,0
634,255,,170000.0,PENDING,0
635,204,192,230000.0,DELIVERED,0
636,569,269,130000.0,ASSIGNED,0
637,1726,,270000.0,PENDING,0
638,1969,,80000.0,PENDING,0
639,1536,490,150000.0,ASSIGNED,0
640,1066,396,390000.0,ASSIGNED,0
641,1744,,160000.0,PENDING,0
642,34,334,220000.0,DELIVERED,0
643,201,270,290000.0,DELIVERED,0
644,764,14,200000.0,ASSIGNED,0
645,327,,330000.0,PENDING,0
646,1607,286,160000.0,DELIVERED,0
647,704,431,200000.0,DELIVERED,0
648,1799,218,60000.0,ASSIGNED,0
649,484,299,370000.0,DELIVERED,0
650,82,,390000.0,PENDING,0
651,1580,288,230000.0,ASSIGNED,0
652,1990,394,290000.0,ASSIGNED,0
653,344,240,230000.0,DELIVERED,0
654,1041,329,390000.0,ASSIGNED,0
655,344,,320000.0,PENDING,0
656,817,,260000.0,PENDING,0
657,1723,30,360000.0,ASSIGNED,0
658,270,487,60000.0,DELIVERED,0
659,890,320,210000.0,DELIVERED,0
660,649,71,110000.0,ASSIGNED,0
661,866,189,240000.0,DELIVERED,0
662,1684,491,280000.0,DELIVERED,0
663,1960,221,230000.0,ASSIGNED,0
664,472,23,110000.0,ASSIGNED,0
665,398,121,100000.0,DELIVERED,0
666,1189,93,280000.0,ASSIGNED,0
667,444,337,380000.0,DELIVERED,0
668,185,,120000.0,PENDING,0
669,1767,48,190000.0,DELIVERED,0
670,1194,,110000.0,PENDING,0
671,159,,370000.0,PENDING,0
672,1481,384,100000.0,ASSIGNED,0
673,735,,380000.0,PENDING,0
674,1762,,100000.0,PENDING,0
675,1004,,150000.0,PENDING,0
676,1052,500,290000.0,ASSIGNED,0
677,1002,438,270000.0,ASSIGNED,0
678,822,,390000.0,PENDING,0
679,127,58,290000.0,DELIVERED,0
680,294,208,270000.0,DELIVERED,0
681,732,319,360000.0,ASSIGNED,0
682,1835,,250000.0,PENDING,0
683,267,,250000.0,PENDING,0
684,1804,405,320000.0,ASSIGNED,0
685,1042,455,280000.0,ASSIGNED,0
686,1829,89,160000.0,DELIVERED,0
687,1651,470,230000.0,ASSIGNED,0
688,152,,120000.0,PENDING,0
689,1509,450,330000.0,DELIVERED,0
690,1255,304,190000.0,DELIVERED,0
691,728,392,320000.0,ASSIGNED,0
692,332,95,260000.0,DELIVERED,0
693,965,188,250000.0,DELIVERED,0
694,935,395,190000.0,ASSIGNED,0
695,599,,60000.0,PENDING,0
696,1657,,110000.0,PENDING,0
697,464,280,210000.0,ASSIGNED,0
698,167,312,90000.0,DELIVERED,0
699,1392,,380000.0,PENDING,0
700,142,,260000.0,PENDING,0
701,314,37,320000.0,ASSIGNED,0
702,1461,28,160000.0,DELIVERED,0
703,170,,310000.0,PENDING,0
704,1559,,160000.0,PENDING,0
705,808,6,280000.0,ASSIGNED,0
706,1287,5,230000.0,ASSIGNED,0
707,808,,50000.0,PENDING,0
708,1145,223,110000.0,DELIVERED,0
709,130,205,120000.0,ASSIGNED,0
710,1741,,290000.0,PENDING,0
711,800,86,230000.0,DELIVERED,0
712,1511,277,70000.0,DELIVERED,0
713,444,,80000.0,PENDING,0
714,850,102,50000.0,DELIVERED,0
715,1600,,220000.0,PENDING,0
716,1892,289,180000.0,ASSIGNED,0
717,268,,70000.0,PENDING,0
718,856,,120000.0,PENDING,0
719,1666,390,310000.0,ASSIGNED,0
720,1164,,260000.0,PENDING,0
721,1720,,190000.0,PENDING,0
722,244,,120000.0,PENDING,0
723,1942,,360000.0,PENDING,0
724,366,,330000.0,PENDING,0
725,1552,206,90000.0,DELIVERED,0
726,1869,,210000.0,PENDING,0
727,1337,67,100000.0,ASSIGNED,0
728,1589,115,100000.0,ASSIGNED,0
729,80,256,100000.0,ASSIGNED,0
730,102,102,280000.0,DELIVERED,0
731,1886,370,290000.0,ASSIGNED,0
732,483,61,250000.0,DELIVERED,0
733,1837,,120000.0,PENDING,0
734,902,73,110000.0,DELIVERED,0
735,1411,186,70000.0,DELIVERED,0
736,105,,390000.0,PENDING,0
737,872,226,150000.0,DELIVERED,0
738,1653,,190000.0,PENDING,0
739,774,,340000.0,PENDING,0
740,1262,359,90000.0,ASSIGNED,0
741,143,230,190000.0,ASSIGNED,0
742,1736,,160000.0,PENDING,0
743,1962,343,250000.0,DELIVERED,0
744,87,,310000.0,PENDING,0
745,410,,380000.0,PENDING,0
746,336,,300000.0,PENDING,0
747,222,381,70000.0,DELIVERED,0
748,1709,,300000.0,PENDING,0
749,1375,71,370000.0,ASSIGNED,0
750,1091,99,110000.0,DELIVERED,0
751,1445,,130000.0,PENDING,0
752,539,156,260000.0,DELIVERED,0
753,1126,37,360000.0,ASSIGNED,0
754,441,,320000.0,PENDING,0
755,384,355,380000.0,ASSIGNED,0
756,1979,224,170000.0,ASSIGNED,0
757,1568,266,190000.0,ASSIGNED,0
758,97,144,330000.0,DELIVERED,0
759,1065,260,280000.0,DELIVERED,0
760,145,,220000.0,PENDING,0
761,1002,370,240000.0,ASSIGNED,0
762,1626,423,360000.0,DELIVERED,0
763,1223,38,250000.0,ASSIGNED,0
764,465,407,280000.0,ASSIGNED,0
765,1529,121,190000.0,DELIVERED,0
766,1593,230,100000.0,ASSIGNED,0
767,352,66,270000.0,ASSIGNED,0
768,1739,371,50000.0,DELIVERED,0
769,335,13,130000.0,ASSIGNED,0
770,146,296,290000.0,ASSIGNED,0
771,1017,,140000.0,PENDING,0
772,451,1,240000.0,ASSIGNED,0
773,75,409,350000.0,ASSIGNED,0
774,1218,382,330000.0,ASSIGNED,0
775,1849,261,320000.0,DELIVERED,0
776,476,141,200000.0,DELIVERED,0
777,1892,485,290000.0,DELIVERED,0
778,1272,40,300000.0,ASSIGNED,0
779,544,438,250000.0,ASSIGNED,0
780,1960,371,280000.0,ASSIGNED,0
781,1614,340,140000.0,DELIVERED,0
782,1512,393,110000.0,ASSIGNED,0
783,373,375,220000.0,ASSIGNED,0
784,1710,110,120000.0,ASSIGNED,0
785,1896,239,200000.0,ASSIGNED,0
786,1673,369,240000.0,ASSIGNED,0
787,1460,498,240000.0,DELIVERED,0
788,1971,196,280000.0,ASSIGNED,0
789,992,170,350000.0,ASSIGNED,0
790,688,441,320000.0,DELIVERED,0
791,1164,181,330000.0,DELIVERED,0
792,189,333,350000.0,DELIVERED,0
793,180,150,190000.0,DELIVERED,0
794,324,149,260000.0,ASSIGNED,0
795,1661,59,280000.0,ASSIGNED,0
796,421,291,270000.0,ASSIGNED,0
797,1348,50,110000.0,DELIVERED,0
798,1052,59,190000.0,DELIVERED,0
799,803,,150000.0,PENDING,0
800,1111,345,280000.0,ASSIGNED,0
801,465,372,80000.0,ASSIGNED,0
802,1977,172,50000.0,ASSIGNED,0
803,1777,290,370000.0,ASSIGNED,0
804,1322,54,340000.0,DELIVERED,0
805,1922,420,220000.0,DELIVERED,0
806,1786,20,300000.0,DELIVERED,0
807,1718,,300000.0,PENDING,0
808,500,427,380000.0,ASSIGNED,0
809,1260,239,340000.0,DELIVERED,0
810,1782,,200000.0,PENDING,0
811,1124,,210000.0,PENDING,0
812,783,271,70000.0,DELIVERED,0
813,306,409,220000.0,DELIVERED,0
814,181,141,280000.0,DELIVERED,0
815,1076,,210000.0,PENDING,0
816,375,,90000.0,PENDING,0
817,1,301,50000.0,ASSIGNED,0
818,291,,120000.0,PENDING,0
819,313,113,70000.0,ASSIGNED,0
820,1544,131,210000.0,ASSIGNED,0
821,1035,484,110000.0,DELIVERED,0
822,1055,,200000.0,PENDING,0
823,713,,180000.0,PENDING,0
824,915,207,200000.0,ASSIGNED,0
825,937,285,80000.0,DELIVERED,0
826,1341,255,390000.0,DELIVERED,0
827,1025,227,110000.0,ASSIGNED,0
828,800,437,70000.0,DELIVERED,0
829,479,85,300000.0,DELIVERED,0
830,1346,326,110000.0,ASSIGNED,0
831,588,441,110000.0,DELIVERED,0
832,1678,321,360000.0,DELIVERED,0
833,368,104,150000.0,DELIVERED,0
834,221,375,110000.0,DELIVERED,0
835,296,369,340000.0,ASSIGNED,0
836,525,,70000.0,PENDING,0
837,1118,,370000.0,PENDING,0
838,827,,110000.0,PENDING,0
839,1798,268,140000.0,ASSIGNED,0
840,190,,380000.0,PENDING,0
841,958,,210000.0,PENDING,0
842,71,,110000.0,PENDING,0
843,86,463,220000.0,ASSIGNED,0
844,1647,182,330000.0,DELIVERED,0
845,546,261,130000.0,ASSIGNED,0
846,22,,110000.0,PENDING,0
847,1577,454,250000.0,DELIVERED,0
848,30,301,320000.0,ASSIGNED,0
849,1686,272,380000.0,DELIVERED,0
850,1955,233,370000.0,ASSIGNED,0
851,1767,326,210000.0,ASSIGNED,0
852,1848,210,200000.0,DELIVERED,0
853,991,303,350000.0,DELIVERED,0
854,748,303,130000.0,DELIVERED,0
855,921,184,340000.0,DELIVERED,0
856,601,290,150000.0,ASSIGNED,0
857,285,493,390000.0,DELIVERED,0
858,1299,453,360000.0,ASSIGNED,0
859,1772,91,60000.0,ASSIGNED,0
860,1880,,140000.0,PENDING,0
861,667,347,390000.0,DELIVERED,0
862,989,407,60000.0,ASSIGNED,0
863,656,221,60000.0,DELIVERED,0
864,1867,9,90000.0,DELIVERED,0
865,1316,130,60000.0,DELIVERED,0
866,195,,50000.0,PENDING,0
867,1106,473,60000.0,ASSIGNED,0
868,180,500,250000.0,DELIVERED,0
869,1894,227,170000.0,ASSIGNED,0
870,460,288,330000.0,DELIVERED,0
871,701,187,310000.0,DELIVERED,0
872,1567,200,330000.0,DELIVERED,0
873,590,139,290000.0,DELIVERED,0
874,1288,24,300000.0,ASSIGNED,0
875,1240,129,180000.0,ASSIGNED,0
876,1981,245,340000.0,DELIVERED,0
877,262,38,80000.0,ASSIGNED,0
878,76,487,120000.0,DELIVERED,0
879,924,493,330000.0,ASSIGNED,0
880,1407,,60000.0,PENDING,0
881,184,234,80000.0,DELIVERED,0
882,525,174,100000.0,DELIVERED,0
883,1864,262,240000.0,DELIVERED,0
884,501,275,310000.0,DELIVERED,0
885,1136,,70000.0,PENDING,0
886,1618,53,220000.0,DELIVERED,0
887,201,249,170000.0,DELIVERED,0
888,1660,,110000.0,PENDING,0
889,140,,220000.0,PENDING,0
890,1047,,80000.0,PENDING,0
891,75,,360000.0,PENDING,0
892,1873,476,380000.0,ASSIGNED,0
893,1556,246,350000.0,DELIVERED,0
894,1834,,190000.0,PENDING,0
895,90,155,150000.0,DELIVERED,0
896,359,,140000.0,PENDING,0
897,539,,380000.0,PENDING,0
898,661,,60000.0,PENDING,0
899,124,486,220000.0,DELIVERED,0
900,1560,,330000.0,PENDING,0
901,196,62,160000.0,ASSIGNED,0
902,871,190,210000.0,DELIVERED,0
903,158,,290000.0,PENDING,0
904,1763,272,180000.0,ASSIGNED,0
905,305,446,270000.0,DELIVERED,0
906,1443,,390000.0,PENDING,0
907,1151,,50000.0,PENDING,0
908,420,10,70000.0,DELIVERED,0
909,315,497,100000.0,ASSIGNED,0
910,271,231,360000.0,ASSIGNED,0
911,366,147,300000.0,DELIVERED,0
912,1991,,110000.0,PENDING,0
913,1255,38,80000.0,ASSIGNED,0
914,1621,344,170000.0,DELIVERED,0
915,1036,174,280000.0,DELIVERED,0
916,1866,440,220000.0,ASSIGNED,0
917,1562,,380000.0,PENDING,0
918,518,,310000.0,PENDING,0
919,1445,,90000.0,PENDING,0
920,1812,,110000.0,PENDING,0
921,32,68,80000.0,ASSIGNED,0
922,1097,27,120000.0,ASSIGNED,0
923,1322,353,180000.0,DELIVERED,0
924,260,117,260000.0,DELIVERED,0
925,454,22,120000.0,DELIVERED,0
926,1661,143,140000.0,ASSIGNED,0
927,1206,57,130000.0,DELIVERED,0
928,483,432,210000.0,DELIVERED,0
929,924,,300000.0,PENDING,0
930,1658,71,330000.0,DELIVERED,0
931,1746,75,180000.0,ASSIGNED,0
932,1217,396,360000.0,ASSIGNED,0
933,1840,,210000.0,PENDING,0
934,512,39,320000.0,ASSIGNED,0
935,1705,,180000.0,PENDING,0
936,1152,,290000.0,PENDING,0
937,1570,334,240000.0,ASSIGNED,0
938,729,,230000.0,PENDING,0
939,167,27,340000.0,ASSIGNED,0
940,1172,,340000.0,PENDING,0
941,839,23,90000.0,ASSIGNED,0
942,1862,490,370000.0,ASSIGNED,0
943,1960,427,270000.0,ASSIGNED,0
944,556,,130000.0,PENDING,0
945,680,356,210000.0,ASSIGNED,0
946,1309,,100000.0,PENDING,0
947,1805,,340000.0,PENDING,0
948,1626,307,200000.0,DELIVERED,0
949,171,,310000.0,PENDING,0
950,1888,,310000.0,PENDING,0
951,132,229,130000.0,DELIVERED,0
952,512,246,360000.0,DELIVERED,0
953,154,,70000.0,PENDING,0
954,622,,170000.0,PENDING,0
955,1395,94,220000.0,ASSIGNED,0
956,1227,149,110000.0,DELIVERED,0
957,567,,320000.0,PENDING,0
958,194,126,250000.0,DELIVERED,0
959,1077,410,60000.0,DELIVERED,0
960,20,,100000.0,PENDING,0
961,309,,90000.0,PENDING,0
962,1994,,200000.0,PENDING,0
963,1101,,300000.0,PENDING,0
964,603,17,380000.0,DELIVERED,0
965,390,377,270000.0,ASSIGNED,0
966,398,,150000.0,PENDING,0
967,1834,344,360000.0,ASSIGNED,0
968,717,103,390000.0,ASSIGNED,0
969,1506,270,340000.0,DELIVERED,0
970,307,222,150000.0,DELIVERED,0
971,650,,140000.0,PENDING,0
972,93,394,90000.0,ASSIGNED,0
973,1633,338,210000.0,DELIVERED,0
974,1729,371,320000.0,DELIVERED,0
975,241,79,310000.0,ASSIGNED,0
976,1658,,330000.0,PENDING,0
977,115,2,380000.0,DELIVERED,0
978,1127,180,360000.0,DELIVERED,0
979,1789,399,360000.0,ASSIGNED,0
980,1790,208,140000.0,ASSIGNED,0
981,1552,171,280000.0,ASSIGNED,0
982,894,80,310000.0,DELIVERED,0
983,565,439,140000.0,DELIVERED,0
984,521,220,370000.0,ASSIGNED,0
985,1394,299,300000.0,ASSIGNED,0
986,534,494,300000.0,ASSIGNED,0
987,228,,390000.0,PENDING,0
988,1451,,360000.0,PENDING,0
989,982,152,60000.0,ASSIGNED,0
990,139,422,150000.0,ASSIGNED,0
991,857,492,50000.0,DELIVERED,0
992,1915,,330000.0,PENDING,0
993,1398,197,150000.0,DELIVERED,0
994,556,164,260000.0,DELIVERED,0
995,609,471,140000.0,ASSIGNED,0
996,1979,59,190000.0,DELIVERED,0
997,721,,140000.0,PENDING,0
998,1810,298,130000.0,ASSIGNED,0
999,61,140,130000.0,DELIVERED,0
1000,401,207,280000.0,DELIVERED,0
1001,1165,271,360000.0,ASSIGNED,0
1002,1827,,310000.0,PENDING,0
1003,724,,180000.0,PENDING,0
1004,890,440,180000.0,ASSIGNED,0
1005,1083,240,340000.0,ASSIGNED,0
1006,17,,50000.0,PENDING,0
1007,1941,,210000.0,PENDING,0
1008,981,438,360000.0,DELIVERED,0
1009,289,80,190000.0,DELIVERED,0
1010,7,105,350000.0,ASSIGNED,0
1011,1996,,370000.0,PENDING,0
1012,909,325,370000.0,ASSIGNED,0
1013,217,94,220000.0,ASSIGNED,0
1014,1341,300,310000.0,ASSIGNED,0
1015,133,399,310000.0,DELIVERED,0
1016,151,,240000.0,PENDING,0
1017,910,43,60000.0,DELIVERED,0
1018,362,,200000.0,PENDING,0
1019,513,53,190000.0,ASSIGNED,0
1020,1158,158,110000.0,ASSIGNED,0
1021,207,178,280000.0,ASSIGNED,0
1022,1028,470,120000.0,DELIVERED,0
1023,1388,200,260000.0,DELIVERED,0
1024,1510,466,120000.0,DELIVERED,0
1025,1203,458,330000.0,DELIVERED,0
1026,362,,150000.0,PENDING,0
1027,1596,367,350000.0,DELIVERED,0
1028,1541,,290000.0,PENDING,0
1029,84,241,70000.0,DELIVERED,0
1030,1040,453,260000.0,DELIVERED,0
1031,652,170,340000.0,DELIVERED,0
1032,568,83,190000.0,ASSIGNED,0
1033,348,,250000.0,PENDING,0
1034,920,299,290000.0,DELIVERED,0
1035,319,348,110000.0,ASSIGNED,0
1036,947,349,80000.0,DELIVERED,0
1037,398,,100000.0,PENDING,0
1038,515,47,380000.0,ASSIGNED,0
1039,356,,350000.0,PENDING,0
1040,1936,329,190000.0,ASSIGNED,0
1041,1712,250,70000.0,DELIVERED,0
1042,1849,190,210000.0,DELIVERED,0
1043,232,71,330000.0,DELIVERED,0
1044,1509,178,330000.0,DELIVERED,0
1045,1228,307,220000.0,DELIVERED,0
1046,69,,140000.0,PENDING,0
1047,1435,290,390000.0,ASSIGNED,0
1048,466,22,230000.0,ASSIGNED,0
1049,820,148,170000.0,ASSIGNED,0
1050,74,107,120000.0,DELIVERED,0
1051,953,196,130000.0,DELIVERED,0
1052,1872,367,330000.0,DELIVERED,0
1053,1838,44,200000.0,ASSIGNED,0
1054,800,433,120000.0,ASSIGNED,0
1055,776,301,220000.0,ASSIGNED,0
1056,713,314,80000.0,DELIVERED,0
1057,1167,24,340000.0,DELIVERED,0
1058,1436,86,150000.0,DELIVERED,0
1059,316,458,70000.0,DELIVERED,0
1060,138,440,350000.0,DELIVERED,0
1061,267,81,280000.0,ASSIGNED,0
1062,88,390,50000.0,ASSIGNED,0
1063,1242,4,120000.0,ASSIGNED,0
1064,766,,350000.0,PENDING,0
1065,698,,130000.0,PENDING,0
1066,1958,79,170000.0,ASSIGNED,0
1067,170,458,390000.0,ASSIGNED,0
1068,1687,203,190000.0,DELIVERED,0
1069,1269,325,320000.0,DELIVERED,0
1070,501,301,270000.0,ASSIGNED,0
1071,918,,210000.0,PENDING,0
1072,1059,,380000.0,PENDING,0
1073,996,408,140000.0,DELIVERED,0
1074,1651,473,160000.0,ASSIGNED,0
1075,1109,324,50000.0,DELIVERED,0
1076,1451,190,380000.0,DELIVERED,0
1077,463,112,70000.0,ASSIGNED,0
1078,794,,380000.0,PENDING,0
1079,1931,,270000.0,PENDING,0
1080,739,329,190000.0,DELIVERED,0
1081,1131,492,200000.0,DELIVERED,0
1082,470,188,310000.0,DELIVERED,0
1083,1222,,170000.0,PENDING,0
1084,307,185,240000.0,ASSIGNED,0
1085,1375,295,370000.0,DELIVERED,0
1086,1032,,120000.0,PENDING,0
1087,1556,154,60000.0,ASSIGNED,0
1088,979,39,60000.0,ASSIGNED,0
1089,1974,,260000.0,PENDING,0
1090,983,157,120000.0,ASSIGNED,0
1091,1150,207,120000.0,DELIVERED,0
1092,140,,270000.0,PENDING,0
1093,1325,158,380000.0,ASSIGNED,0
1094,199,67,390000.0,DELIVERED,0
1095,1382,21,230000.0,DELIVERED,0
1096,576,217,270000.0,ASSIGNED,0
1097,503,448,230000.0,DELIVERED,0
1098,779,264,130000.0,ASSIGNED,0
1099,1200,456,330000.0,ASSIGNED,0
1100,970,7,310000.0,ASSIGNED,0
1101,1413,,340000.0,PENDING,0
1102,1125,491,200000.0,DELIVERED,0
1103,1042,222,150000.0,ASSIGNED,0
1104,501,236,380000.0,ASSIGNED,0
1105,1802,162,330000.0,DELIVERED,0
1106,52,488,90000.0,DELIVERED,0
1107,105,389,100000.0,DELIVERED,0
1108,1162,294,170000.0,ASSIGNED,0
1109,1166,,170000.0,PENDING,0
1110,1886,,230000.0,PENDING,0
1111,40,,370000.0,PENDING,0
1112,1616,292,230000.0,ASSIGNED,0
1113,1090,163,330000.0,DELIVERED,0
1114,570,,50000.0,PENDING,0
1115,1825,203,210000.0,DELIVERED,0
1116,5,344,260000.0,DELIVERED,0
1117,1072,,160000.0,PENDING,0
1118,474,265,380000.0,ASSIGNED,0
1119,438,443,380000.0,ASSIGNED,0
1120,830,145,160000.0,ASSIGNED,0
1121,970,,130000.0,PENDING,0
1122,446,111,110000.0,DELIVERED,0
1123,1094,447,80000.0,ASSIGNED,0
1124,860,17,340000.0,ASSIGNED,0
1125,1345,,350000.0,PENDING,0
1126,123,220,120000.0,DELIVERED,0
1127,597,409,370000.0,ASSIGNED,0
1128,1380,168,120000.0,DELIVERED,0
1129,69,332,210000.0,DELIVERED,0
1130,176,,100000.0,PENDING,0
1131,1975,234,100000.0,DELIVERED,0
1132,1841,,310000.0,PENDING,0
1133,379,86,60000.0,ASSIGNED,0
1134,1112,123,270000.0,ASSIGNED,0
1135,204,,240000.0,PENDING,0
1136,1160,10,350000.0,DELIVERED,0
1137,1574,,130000.0,PENDING,0
1138,443,,90000.0,PENDING,0
1139,995,238,120000.0,ASSIGNED,0
1140,1636,11,340000.0,DELIVERED,0
1141,1996,,390000.0,PENDING,0
1142,1869,201,130000.0,ASSIGNED,0
1143,99,388,190000.0,DELIVERED,0
1144,1554,364,50000.0,DELIVERED,0
1145,641,,330000.0,PENDING,0
1146,1930,405,200000.0,ASSIGNED,0
1147,654,,290000.0,PENDING,0
1148,988,197,190000.0,DELIVERED,0
1149,158,107,340000.0,ASSIGNED,0
1150,18,,350000.0,PENDING,0
1151,468,348,190000.0,ASSIGNED,0
1152,228,67,300000.0,ASSIGNED,0
1153,899,191,330000.0,DELIVERED,0
1154,481,362,350000.0,ASSIGNED,0
1155,518,190,320000.0,DELIVERED,0
1156,414,9,250000.0,ASSIGNED,0
1157,725,416,160000.0,DELIVERED,0
1158,1418,156,340000.0,DELIVERED,0
1159,899,73,90000.0,DELIVERED,0
1160,1277,344,200000.0,DELIVERED,0
1161,557,,280000.0,PENDING,0
1162,701,346,190000.0,DELIVERED,0
1163,718,420,370000.0,DELIVERED,0
1164,1238,,150000.0,PENDING,0
1165,313,220,190000.0,DELIVERED,0
1166,1409,434,260000.0,ASSIGNED,0
1167,1099,132,130000.0,ASSIGNED,0
1168,1640,123,390000.0,ASSIGNED,0
1169,492,235,80000.0,ASSIGNED,0
1170,910,334,200000.0,DELIVERED,0
1171,56,,180000.0,PENDING,0
1172,793,112,100000.0,ASSIGNED,0
1173,1284,68,260000.0,DELIVERED,0
1174,957,154,380000.0,DELIVERED,0
1175,462,,170000.0,PENDING,0
1176,1021,,340000.0,PENDING,0
1177,996,498,110000.0,DELIVERED,0
1178,1237,,270000.0,PENDING,0
1179,1862,298,370000.0,ASSIGNED,0
1180,134,386,200000.0,ASSIGNED,0
1181,249,,230000.0,PENDING,0
1182,714,47,230000.0,DELIVERED,0
1183,942,,80000.0,PENDING,0
1184,171,,220000.0,PENDING,0
1185,700,18,110000.0,ASSIGNED,0
1186,1686,482,230000.0,ASSIGNED,0
1187,13,180,350000.0,DELIVERED,0
1188,549,497,120000.0,DELIVERED,0
1189,95,185,80000.0,ASSIGNED,0
1190,1048,316,180000.0,DELIVERED,0
1191,1839,24,50000.0,ASSIGNED,0
1192,1956,164,120000.0,DELIVERED,0
1193,1388,,170000.0,PENDING,0
1194,1837,41,220000.0,DELIVERED,0
1195,524,147,270000.0,DELIVERED,0
1196,942,145,170000.0,ASSIGNED,0
1197,1305,320,360000.0,ASSIGNED,0
1198,193,,210000.0,PENDING,0
1199,1853,167,150000.0,ASSIGNED,0
1200,1725,,210000.0,PENDING,0
1201,1873,,200000.0,PENDING,0
1202,9,235,90000.0,ASSIGNED,0
1203,1018,,260000.0,PENDING,0
1204,163,156,140000.0,ASSIGNED,0
1205,629,200,360000.0,DELIVERED,0
1206,725,138,80000.0,ASSIGNED,0
1207,1236,398,360000.0,DELIVERED,0
1208,867,,90000.0,PENDING,0
1209,370,62,60000.0,DELIVERED,0
1210,1236,,210000.0,PENDING,0
1211,1476,,130000.0,PENDING,0
1212,1142,113,80000.0,ASSIGNED,0
1213,945,,220000.0,PENDING,0
1214,1439,,320000.0,PENDING,0
1215,1676,,320000.0,PENDING,0
1216,345,86,60000.0,DELIVERED,0
1217,1517,281,220000.0,ASSIGNED,0
1218,518,342,50000.0,DELIVERED,0
1219,1385,35,270000.0,ASSIGNED,0
1220,748,,220000.0,PENDING,0
1221,1479,,180000.0,PENDING,0
1222,1316,,100000.0,PENDING,0
1223,514,249,90000.0,DELIVERED,0
1224,1098,495,260000.0,DELIVERED,0
1225,1610,368,250000.0,ASSIGNED,0
1226,1204,,160000.0,PENDING,0
1227,1923,,360000.0,PENDING,0
1228,1556,312,140000.0,DELIVERED,0
1229,970,,190000.0,PENDING,0
1230,1463,280,210000.0,ASSIGNED,0
1231,358,15,240000.0,ASSIGNED,0
1232,360,123,300000.0,DELIVERED,0
1233,949,,200000.0,PENDING,0
1234,843,150,200000.0,ASSIGNED,0
1235,795,322,60000.0,DELIVERED,0
1236,1800,179,280000.0,DELIVERED,0
1237,1333,349,210000.0,ASSIGNED,0
1238,531,,200000.0,PENDING,0
1239,161,335,100000.0,ASSIGNED,0
1240,1464,124,250000.0,ASSIGNED,0
1241,1024,,240000.0,PENDING,0
1242,1523,427,140000.0,DELIVERED,0
1243,1244,380,160000.0,DELIVERED,0
1244,145,,330000.0,PENDING,0
1245,1937,154,280000.0,DELIVERED,0
1246,1526,23,110000.0,DELIVERED,0
1247,1411,,280000.0,PENDING,0
1248,1484,,340000.0,PENDING,0
1249,309,,330000.0,PENDING,0
1250,1469,,160000.0,PENDING,0
1251,1231,395,250000.0,ASSIGNED,0
1252,149,,190000.0,PENDING,0
1253,149,,150000.0,PENDING,0
1254,1260,292,350000.0,DELIVERED,0
1255,1230,44,310000.0,DELIVERED,0
1256,1077,117,90000.0,ASSIGNED,0
1257,408,250,240000.0,DELIVERED,0
1258,1329,86,340000.0,DELIVERED,0
1259,1613,439,200000.0,DELIVERED,0
1260,767,455,50000.0,ASSIGNED,0
1261,1041,416,60000.0,ASSIGNED,0
1262,1112,,390000.0,PENDING,0
1263,1397,,130000.0,PENDING,0
1264,491,391,150000.0,DELIVERED,0
1265,403,73,140000.0,DELIVERED,0
1266,938,166,210000.0,DELIVERED,0
1267,1796,357,50000.0,ASSIGNED,0
1268,1324,,180000.0,PENDING,0
1269,1627,90,130000.0,DELIVERED,0
1270,1149,470,260000.0,ASSIGNED,0
1271,1568,,250000.0,PENDING,0
1272,987,334,140000.0,ASSIGNED,0
1273,1292,415,130000.0,ASSIGNED,0
1274,4,,360000.0,PENDING,0
1275,1555,,230000.0,PENDING,0
1276,1756,,50000.0,PENDING,0
1277,245,193,240000.0,ASSIGNED,0
1278,414,256,350000.0,DELIVERED,0
1279,1179,411,200000.0,DELIVERED,0
1280,1779,,350000.0,PENDING,0
1281,1148,59,340000.0,ASSIGNED,0
1282,95,,90000.0,PENDING,0
1283,970,,230000.0,PENDING,0
1284,1987,67,130000.0,DELIVERED,0
1285,1671,172,300000.0,ASSIGNED,0
1286,1579,196,300000.0,ASSIGNED,0
1287,1031,142,290000.0,ASSIGNED,0
1288,257,40,300000.0,DELIVERED,0
1289,1443,233,380000.0,ASSIGNED,0
1290,1195,458,200000.0,ASSIGNED,0
1291,511,,140000.0,PENDING,0
1292,590,55,250000.0,DELIVERED,0
1293,949,,310000.0,PENDING,0
1294,515,246,220000.0,ASSIGNED,0
1295,1375,,300000.0,PENDING,0
1296,1456,462,260000.0,DELIVERED,0
1297,1623,438,360000.0,DELIVERED,0
1298,870,,100000.0,PENDING,0
1299,1750,191,320000.0,ASSIGNED,0
1300,642,,60000.0,PENDING,0
1301,1975,,60000.0,PENDING,0
1302,1963,275,310000.0,ASSIGNED,0
1303,1376,61,70000.0,DELIVERED,0
1304,915,439,170000.0,DELIVERED,0
1305,725,128,180000.0,DELIVERED,0
1306,1477,,260000.0,PENDING,0
1307,1245,109,240000.0,DELIVERED,0
1308,1191,47,90000.0,DELIVERED,0
1309,1250,,340000.0,PENDING,0
1310,1877,383,210000.0,ASSIGNED,0
1311,1916,468,380000.0,DELIVERED,0
1312,1193,41,180000.0,DELIVERED,0
1313,1068,338,190000.0,ASSIGNED,0
1314,1553,,370000.0,PENDING,0
1315,703,185,320000.0,DELIVERED,0
1316,112,,60000.0,PENDING,0
1317,674,,200000.0,PENDING,0
1318,269,335,90000.0,ASSIGNED,0
1319,1927,495,130000.0,ASSIGNED,0
1320,1800,,160000.0,PENDING,0
1321,322,247,110000.0,ASSIGNED,0
1322,748,122,90000.0,ASSIGNED,0
1323,255,482,280000.0,DELIVERED,0
1324,778,,210000.0,PENDING,0
1325,644,498,300000.0,DELIVERED,0
1326,1586,47,320000.0,DELIVERED,0
1327,567,91,390000.0,DELIVERED,0
1328,393,125,120000.0,DELIVERED,0
1329,738,137,300000.0,ASSIGNED,0
1330,1207,,220000.0,PENDING,0
1331,525,,80000.0,PENDING,0
1332,1093,283,290000.0,DELIVERED,0
1333,328,103,370000.0,ASSIGNED,0
1334,1014,130,340000.0,DELIVERED,0
1335,859,129,310000.0,ASSIGNED,0
1336,41,332,60000.0,DELIVERED,0
1337,141,281,130000.0,ASSIGNED,0
1338,703,9,310000.0,ASSIGNED,0
1339,360,122,160000.0,ASSIGNED,0
1340,446,,140000.0,PENDING,0
1341,814,275,150000.0,DELIVERED,0
1342,454,,50000.0,PENDING,0
1343,728,497,280000.0,ASSIGNED,0
1344,916,,80000.0,PENDING,0
1345,1771,13,170000.0,ASSIGNED,0
1346,988,,340000.0,PENDING,0
1347,345,,390000.0,PENDING,0
1348,334,,150000.0,PENDING,0
1349,327,168,220000.0,ASSIGNED,0
1350,54,,290000.0,PENDING,0
1351,1523,252,110000.0,DELIVERED,0
1352,1780,235,210000.0,ASSIGNED,0
1353,1105,,150000.0,PENDING,0
1354,565,168,50000.0,DELIVERED,0
1355,334,,170000.0,PENDING,0
1356,19,180,60000.0,DELIVERED,0
1357,1091,172,100000.0,ASSIGNED,0
1358,951,11,210000.0,ASSIGNED,0
1359,1058,76,260000.0,DELIVERED,0
1360,1433,205,230000.0,ASSIGNED,0
1361,1659,238,330000.0,DELIVERED,0
1362,1883,274,270000.0,DELIVERED,0
1363,251,111,380000.0,DELIVERED,0
1364,935,315,340000.0,DELIVERED,0
1365,747,330,130000.0,ASSIGNED,0
1366,1697,,110000.0,PENDING,0
1367,1209,126,110000.0,DELIVERED,0
1368,1357,,60000.0,PENDING,0
1369,1678,,100000.0,PENDING,0
1370,1087,,140000.0,PENDING,0
1371,1975,433,350000.0,ASSIGNED,0
1372,1431,380,60000.0,ASSIGNED,0
1373,367,474,80000.0,DELIVERED,0
1374,681,,380000.0,PENDING,0
1375,205,287,110000.0,ASSIGNED,0
1376,1746,109,380000.0,DELIVERED,0
1377,1495,,340000.0,PENDING,0
1378,229,458,320000.0,ASSIGNED,0
1379,1396,240,90000.0,DELIVERED,0
1380,1032,302,340000.0,DELIVERED,0
1381,259,340,340000.0,DELIVERED,0
1382,1359,143,170000.0,DELIVERED,0
1383,1434,114,110000.0,DELIVERED,0
1384,1585,396,170000.0,ASSIGNED,0
1385,104,128,390000.0,DELIVERED,0
1386,820,33,260000.0,ASSIGNED,0
1387,1461,435,380000.0,ASSIGNED,0
1388,1588,6,130000.0,ASSIGNED,0
1389,1796,14,390000.0,ASSIGNED,0
1390,904,,140000.0,PENDING,0
1391,11,261,170000.0,ASSIGNED,0
1392,675,367,320000.0,DELIVERED,0
1393,647,246,220000.0,DELIVERED,0
1394,1178,93,90000.0,DELIVERED,0
1395,647,131,310000.0,DELIVERED,0
1396,1135,198,160000.0,ASSIGNED,0
1397,1341,437,280000.0,DELIVERED,0
1398,43,317,290000.0,ASSIGNED,0
1399,1246,,230000.0,PENDING,0
1400,1474,,70000.0,PENDING,0
1401,156,41,300000.0,DELIVERED,0
1402,1996,,80000.0,PENDING,0
1403,101,,90000.0,PENDING,0
1404,611,,360000.0,PENDING,0
1405,918,302,200000.0,DELIVERED,0
1406,173,31,210000.0,ASSIGNED,0
1407,1168,61,130000.0,ASSIGNED,0
1408,476,438,160000.0,ASSIGNED,0
1409,1069,,90000.0,PENDING,0
1410,1900,,60000.0,PENDING,0
1411,924,272,290000.0,DELIVERED,0
1412,1872,325,80000.0,DELIVERED,0
1413,625,73,290000.0,ASSIGNED,0
1414,437,372,390000.0,DELIVERED,0
1415,1536,88,370000.0,DELIVERED,0
1416,1617,391,160000.0,ASSIGNED,0
1417,908,,80000.0,PENDING,0
1418,1710,364,60000.0,ASSIGNED,0
1419,1325,,130000.0,PENDING,0
1420,1495,30,130000.0,DELIVERED,0
1421,1960,248,340000.0,ASSIGNED,0
1422,771,156,380000.0,ASSIGNED,0
1423,5,,390000.0,PENDING,0
1424,685,242,350000.0,DELIVERED,0
1425,299,,130000.0,PENDING,0
1426,9,223,270000.0,ASSIGNED,0
1427,1520,,340000.0,PENDING,0
1428,1278,248,260000.0,ASSIGNED,0
1429,1693,229,280000.0,ASSIGNED,0
1430,620,250,300000.0,ASSIGNED,0
1431,1360,452,100000.0,DELIVERED,0
1432,1529,330,90000.0,DELIVERED,0
1433,339,,160000.0,PENDING,0
1434,1417,,240000.0,PENDING,0
1435,1525,,360000.0,PENDING,0
1436,1482,161,310000.0,ASSIGNED,0
1437,1948,131,290000.0,DELIVERED,0
1438,1691,335,260000.0,ASSIGNED,0
1439,1894,287,290000.0,ASSIGNED,0
1440,497,346,200000.0,DELIVERED,0
1441,945,111,340000.0,ASSIGNED,0
1442,659,101,110000.0,ASSIGNED,0
1443,249,,240000.0,PENDING,0
1444,1723,,270000.0,PENDING,0
1445,83,453,100000.0,DELIVERED,0
1446,1002,,150000.0,PENDING,0
1447,1790,482,290000.0,ASSIGNED,0
1448,1033,,120000.0,PENDING,0
1449,160,122,80000.0,DELIVERED,0
1450,1955,,270000.0,PENDING,0
1451,1772,495,340000.0,DELIVERED,0
1452,1078,342,260000.0,DELIVERED,0
1453,730,433,260000.0,ASSIGNED,0
1454,1112,254,60000.0,DELIVERED,0
1455,1137,21,280000.0,ASSIGNED,0
1456,575,,180000.0,PENDING,0
1457,10,106,260000.0,DELIVERED,0
1458,63,220,310000.0,ASSIGNED,0
1459,533,343,110000.0,ASSIGNED,0
1460,215,275,260000.0,ASSIGNED,0
1461,911,,220000.0,PENDING,0
1462,420,109,110000.0,ASSIGNED,0
1463,1042,220,170000.0,ASSIGNED,0
1464,1114,173,350000.0,DELIVERED,0
1465,1657,,310000.0,PENDING,0
1466,1188,139,300000.0,DELIVERED,0
1467,1507,273,290000.0,ASSIGNED,0
1468,1033,372,310000.0,ASSIGNED,0
1469,869,417,160000.0,ASSIGNED,0
1470,1526,14,70000.0,ASSIGNED,0
1471,1154,101,340000.0,ASSIGNED,0
1472,208,91,110000.0,DELIVERED,0
1473,18,399,370000.0,ASSIGNED,0
1474,1123,,150000.0,PENDING,0
1475,1817,66,240000.0,ASSIGNED,0
1476,534,132,130000.0,ASSIGNED,0
1477,386,110,310000.0,DELIVERED,0
1478,421,296,350000.0,ASSIGNED,0
1479,615,359,340000.0,ASSIGNED,0
1480,151,401,380000.0,DELIVERED,0
1481,216,54,360000.0,DELIVERED,0
1482,805,275,220000.0,ASSIGNED,0
1483,4,,100000.0,PENDING,0
1484,1362,238,220000.0,DELIVERED,0
1485,1601,,350000.0,PENDING,0
1486,516,131,390000.0,ASSIGNED,0
1487,1827,,370000.0,PENDING,0
1488,447,444,260000.0,DELIVERED,0
1489,155,,90000.0,PENDING,0
1490,1908,,190000.0,PENDING,0
1491,1131,91,140000.0,ASSIGNED,0
1492,1404,396,370000.0,DELIVERED,0
1493,1696,,270000.0,PENDING,0
1494,1938,8,110000.0,ASSIGNED,0
1495,313,245,220000.0,DELIVERED,0
1496,52,,110000.0,PENDING,0
1497,742,428,260000.0,ASSIGNED,0
1498,1503,,190000.0,PENDING,0
1499,1430,117,390000.0,ASSIGNED,0
1500,955,96,140000.0,ASSIGNED,0
1501,1649,,290000.0,PENDING,0
1502,1822,408,190000.0,DELIVERED,0
1503,1202,,350000.0,PENDING,0
1504,89,321,130000.0,ASSIGNED,0
1505,254,,180000.0,PENDING,0
1506,1822,410,190000.0,ASSIGNED,0
1507,738,37,270000.0,DELIVERED,0
1508,1797,233,320000.0,ASSIGNED,0
1509,563,227,170000.0,DELIVERED,0
1510,72,389,330000.0,ASSIGNED,0
1511,250,491,210000.0,ASSIGNED,0
1512,242,,70000.0,PENDING,0
1513,376,,230000.0,PENDING,0
1514,1320,254,170000.0,ASSIGNED,0
1515,343,36,170000.0,ASSIGNED,0
1516,1585,,300000.0,PENDING,0
1517,1176,335,240000.0,DELIVERED,0
1518,692,457,340000.0,DELIVERED,0
1519,580,,380000.0,PENDING,0
1520,273,,360000.0,PENDING,0
1521,61,10,210000.0,ASSIGNED,0
1522,460,353,240000.0,DELIVERED,0
1523,433,62,370000.0,ASSIGNED,0
1524,565,494,360000.0,DELIVERED,0
1525,1786,110,290000.0,ASSIGNED,0
1526,713,,210000.0,PENDING,0
1527,1051,,210000.0,PENDING,0
1528,1010,154,170000.0,ASSIGNED,0
1529,1040,,60000.0,PENDING,0
1530,1718,237,210000.0,DELIVERED,0
1531,176,367,220000.0,DELIVERED,0
1532,1839,,390000.0,PENDING,0
1533,1800,28,70000.0,DELIVERED,0
1534,1517,193,220000.0,DELIVERED,0
1535,1093,,110000.0,PENDING,0
1536,784,84,390000.0,DELIVERED,0
1537,1215,421,250000.0,DELIVERED,0
1538,1754,,320000.0,PENDING,0
1539,1209,358,140000.0,DELIVERED,0
1540,35,381,280000.0,ASSIGNED,0
1541,355,,120000.0,PENDING,0
1542,1028,,120000.0,PENDING,0
1543,249,309,340000.0,ASSIGNED,0
1544,436,,350000.0,PENDING,0
1545,655,61,120000.0,DELIVERED,0
1546,220,155,110000.0,ASSIGNED,0
1547,240,412,330000.0,DELIVERED,0
1548,1366,,70000.0,PENDING,0
1549,1167,213,370000.0,DELIVERED,0
1550,154,364,70000.0,ASSIGNED,0
1551,1604,92,340000.0,ASSIGNED,0
1552,1911,,140000.0,PENDING,0
1553,1063,,310000.0,PENDING,0
1554,878,,120000.0,PENDING,0
1555,899,293,250000.0,ASSIGNED,0
1556,1793,,130000.0,PENDING,0
1557,485,,60000.0,PENDING,0
1558,1417,223,230000.0,ASSIGNED,0
1559,324,,380000.0,PENDING,0
1560,364,205,370000.0,DELIVERED,0
1561,1457,,240000.0,PENDING,0
1562,1500,,370000.0,PENDING,0
1563,1263,33,120000.0,ASSIGNED,0
1564,871,309,290000.0,ASSIGNED,0
1565,1195,65,60000.0,ASSIGNED,0
1566,1316,,60000.0,PENDING,0
1567,1288,443,260000.0,DELIVERED,0
1568,1134,,80000.0,PENDING,0
1569,525,,60000.0,PENDING,0
1570,1484,162,70000.0,DELIVERED,0
1571,153,,300000.0,PENDING,0
1572,1618,358,370000.0,DELIVERED,0
1573,1376,139,140000.0,DELIVERED,0
1574,1664,,200000.0,PENDING,0
1575,71,351,220000.0,ASSIGNED,0
1576,353,15,220000.0,ASSIGNED,0
1577,1833,,160000.0,PENDING,0
1578,1544,109,350000.0,DELIVERED,0
1579,688,479,360000.0,DELIVERED,0
1580,617,,190000.0,PENDING,0
1581,1474,301,270000.0,ASSIGNED,0
1582,1650,182,220000.0,DELIVERED,0
1583,863,489,160000.0,ASSIGNED,0
1584,1002,91,320000.0,ASSIGNED,0
1585,760,480,300000.0,DELIVERED,0
1586,1422,69,50000.0,DELIVERED,0
1587,286,200,250000.0,DELIVERED,0
1588,1197,144,210000.0,ASSIGNED,0
1589,1136,18,90000.0,ASSIGNED,0
1590,1347,437,100000.0,ASSIGNED,0
1591,1381,283,370000.0,ASSIGNED,0
1592,1060,436,80000.0,DELIVERED,0
1593,1008,344,310000.0,DELIVERED,0
1594,751,173,60000.0,DELIVERED,0
1595,492,119,240000.0,DELIVERED,0
1596,1613,421,110000.0,ASSIGNED,0
1597,1664,473,80000.0,DELIVERED,0
1598,96,164,50000.0,DELIVERED,0
1599,938,52,350000.0,ASSIGNED,0
1600,38,134,190000.0,DELIVERED,0
1601,1973,40,370000.0,DELIVERED,0
1602,118,248,330000.0,ASSIGNED,0
1603,900,211,190000.0,DELIVERED,0
1604,240,,270000.0,PENDING,0
1605,922,156,230000.0,DELIVERED,0
1606,971,329,80000.0,DELIVERED,0
1607,379,,140000.0,PENDING,0
1608,1140,195,210000.0,DELIVERED,0
1609,1815,,80000.0,PENDING,0
1610,1288,222,210000.0,DELIVERED,0
1611,1651,407,140000.0,DELIVERED,0
1612,1127,461,240000.0,ASSIGNED,0
1613,982,,290000.0,PENDING,0
1614,1431,,120000.0,PENDING,0
1615,52,65,210000.0,ASSIGNED,0
1616,1102,113,60000.0,DELIVERED,0
1617,519,196,370000.0,DELIVERED,0
1618,204,132,310000.0,DELIVERED,0
1619,1243,,310000.0,PENDING,0
1620,1747,96,80000.0,DELIVERED,0
1621,1624,45,120000.0,ASSIGNED,0
1622,655,297,320000.0,ASSIGNED,0
1623,1206,289,370000.0,ASSIGNED,0
1624,1666,176,310000.0,ASSIGNED,0
1625,559,429,60000.0,ASSIGNED,0
1626,5,360,280000.0,DELIVERED,0
1627,515,352,310000.0,DELIVERED,0
1628,442,111,230000.0,DELIVERED,0
1629,409,,240000.0,PENDING,0
1630,516,17,290000.0,DELIVERED,0
1631,1856,,310000.0,PENDING,0
1632,1685,169,390000.0,DELIVERED,0
1633,1461,,360000.0,PENDING,0
1634,1858,,160000.0,PENDING,0
1635,99,346,150000.0,ASSIGNED,0
1636,657,90,290000.0,DELIVERED,0
1637,1021,,310000.0,PENDING,0
1638,818,,130000.0,PENDING,0
1639,241,93,80000.0,DELIVERED,0
1640,285,118,200000.0,ASSIGNED,0
1641,158,373,260000.0,DELIVERED,0
1642,1554,,160000.0,PENDING,0
1643,391,161,130000.0,DELIVERED,0
1644,363,,210000.0,PENDING,0
1645,415,,120000.0,PENDING,0
1646,887,233,330000.0,ASSIGNED,0
1647,1407,200,130000.0,DELIVERED,0
1648,1852,386,340000.0,ASSIGNED,0
1649,1759,492,50000.0,DELIVERED,0
1650,934,468,160000.0,ASSIGNED,0
1651,1259,,270000.0,PENDING,0
1652,739,9,320000.0,DELIVERED,0
1653,1553,333,150000.0,ASSIGNED,0
1654,1951,431,300000.0,ASSIGNED,0
1655,1700,423,90000.0,ASSIGNED,0
1656,608,41,50000.0,ASSIGNED,0
1657,926,160,90000.0,DELIVERED,0
1658,1618,159,390000.0,DELIVERED,0
1659,436,,180000.0,PENDING,0
1660,673,422,350000.0,ASSIGNED,0
1661,1599,215,130000.0,ASSIGNED,0
1662,1512,354,160000.0,DELIVERED,0
1663,1,259,280000.0,DELIVERED,0
1664,607,250,190000.0,DELIVERED,0
1665,31,151,260000.0,ASSIGNED,0
1666,1730,87,370000.0,ASSIGNED,0
1667,1222,358,340000.0,DELIVERED,0
1668,1216,,100000.0,PENDING,0
1669,886,,190000.0,PENDING,0
1670,1182,,80000.0,PENDING,0
1671,1297,,100000.0,PENDING,0
1672,1276,338,90000.0,DELIVERED,0
1673,1131,207,140000.0,ASSIGNED,0
1674,560,141,90000.0,DELIVERED,0
1675,1407,116,210000.0,ASSIGNED,0
1676,309,,70000.0,PENDING,0
1677,1251,,180000.0,PENDING,0
1678,1560,230,320000.0,ASSIGNED,0
1679,389,258,120000.0,ASSIGNED,0
1680,724,312,140000.0,DELIVERED,0
1681,663,60,150000.0,DELIVERED,0
1682,363,,360000.0,PENDING,0
1683,1848,,120000.0,PENDING,0
1684,1242,275,110000.0,ASSIGNED,0
1685,1902,89,320000.0,DELIVERED,0
1686,1954,,190000.0,PENDING,0
1687,1347,185,160000.0,ASSIGNED,0
1688,1127,,270000.0,PENDING,0
1689,375,,180000.0,PENDING,0
1690,1275,128,210000.0,DELIVERED,0
1691,1785,,250000.0,PENDING,0
1692,1075,62,390000.0,DELIVERED,0
1693,1383,410,230000.0,DELIVERED,0
1694,1191,193,200000.0,DELIVERED,0
1695,1102,,50000.0,PENDING,0
1696,363,420,310000.0,DELIVERED,0
1697,1228,391,370000.0,ASSIGNED,0
1698,1777,364,350000.0,DELIVERED,0
1699,335,353,280000.0,ASSIGNED,0
1700,242,102,90000.0,DELIVERED,0
1701,1154,,280000.0,PENDING,0
1702,1889,118,310000.0,DELIVERED,0
1703,1524,,230000.0,PENDING,0
1704,1435,,90000.0,PENDING,0
1705,1712,429,290000.0,DELIVERED,0
1706,1557,65,140000.0,ASSIGNED,0
1707,1912,395,360000.0,ASSIGNED,0
1708,1445,296,360000.0,DELIVERED,0
1709,957,452,110000.0,DELIVERED,0
1710,1223,475,200000.0,DELIVERED,0
1711,164,76,310000.0,ASSIGNED,0
1712,945,,130000.0,PENDING,0
1713,1487,,200000.0,PENDING,0
1714,188,,200000.0,PENDING,0
1715,257,,330000.0,PENDING,0
1716,775,112,320000.0,DELIVERED,0
1717,187,409,200000.0,DELIVERED,0
1718,407,,260000.0,PENDING,0
1719,1721,280,170000.0,ASSIGNED,0
1720,1450,298,370000.0,DELIVERED,0
1721,169,185,300000.0,DELIVERED,0
1722,1717,,100000.0,PENDING,0
1723,1589,326,250000.0,DELIVERED,0
1724,938,303,280000.0,DELIVERED,0
1725,555,,190000.0,PENDING,0
1726,1101,145,160000.0,ASSIGNED,0
1727,1990,465,390000.0,DELIVERED,0
1728,1515,,60000.0,PENDING,0
1729,893,100,80000.0,DELIVERED,0
1730,1056,489,210000.0,DELIVERED,0
1731,1525,290,140000.0,ASSIGNED,0
1732,1030,,200000.0,PENDING,0
1733,1474,,220000.0,PENDING,0
1734,1737,403,50000.0,ASSIGNED,0
1735,252,56,120000.0,DELIVERED,0
1736,1873,86,50000.0,ASSIGNED,0
1737,751,,50000.0,PENDING,0
1738,1397,161,310000.0,DELIVERED,0
1739,166,204,260000.0,ASSIGNED,0
1740,55,273,240000.0,DELIVERED,0
1741,1047,428,200000.0,DELIVERED,0
1742,769,135,60000.0,DELIVERED,0
1743,69,399,80000.0,ASSIGNED,0
1744,193,31,70000.0,ASSIGNED,0
1745,540,183,170000.0,ASSIGNED,0
1746,528,,210000.0,PENDING,0
1747,1964,,200000.0,PENDING,0
1748,719,,200000.0,PENDING,0
1749,1172,157,220000.0,DELIVERED,0
1750,598,443,70000.0,DELIVERED,0
1751,169,436,130000.0,ASSIGNED,0
1752,609,108,70000.0,ASSIGNED,0
1753,809,,290000.0,PENDING,0
1754,1466,34,330000.0,DELIVERED,0
1755,1985,86,80000.0,DELIVERED,0
1756,1134,216,110000.0,DELIVERED,0
1757,1530,,180000.0,PENDING,0
1758,930,481,90000.0,ASSIGNED,0
1759,1698,253,340000.0,DELIVERED,0
1760,1788,,310000.0,PENDING,0
1761,446,373,50000.0,ASSIGNED,0
1762,1079,132,140000.0,ASSIGNED,0
1763,1835,242,110000.0,DELIVERED,0
1764,820,233,360000.0,DELIVERED,0
1765,155,,160000.0,PENDING,0
1766,1414,,260000.0,PENDING,0
1767,1148,274,50000.0,DELIVERED,0
1768,1471,112,300000.0,ASSIGNED,0
1769,1532,349,270000.0,DELIVERED,0
1770,41,306,330000.0,DELIVERED,0
1771,1763,,380000.0,PENDING,0
1772,449,,260000.0,PENDING,0
1773,793,177,90000.0,ASSIGNED,0
1774,1351,,360000.0,PENDING,0
1775,177,,200000.0,PENDING,0
1776,737,339,370000.0,ASSIGNED,0
1777,1206,,340000.0,PENDING,0
1778,1480,139,100000.0,ASSIGNED,0
1779,1822,,170000.0,PENDING,0
1780,804,474,210000.0,DELIVERED,0
1781,850,361,200000.0,DELIVERED,0
1782,26,,110000.0,PENDING,0
1783,245,20,120000.0,ASSIGNED,0
1784,1836,321,340000.0,ASSIGNED,0
1785,1660,,70000.0,PENDING,0
1786,474,207,230000.0,DELIVERED,0
1787,1373,3,210000.0,ASSIGNED,0
1788,902,,370000.0,PENDING,0
1789,1380,,120000.0,PENDING,0
1790,233,412,160000.0,DELIVERED,0
1791,746,342,280000.0,ASSIGNED,0
1792,1474,314,360000.0,ASSIGNED,0
1793,1137,158,380000.0,ASSIGNED,0
1794,822,240,170000.0,ASSIGNED,0
1795,1870,52,140000.0,DELIVERED,0
1796,1690,,380000.0,PENDING,0
1797,606,76,320000.0,DELIVERED,0
1798,440,,360000.0,PENDING,0
1799,785,,60000.0,PENDING,0
1800,1472,,240000.0,PENDING,0
1801,1672,470,280000.0,DELIVERED,0
1802,1522,35,290000.0,DELIVERED,0
1803,1200,386,200000.0,DELIVERED,0
1804,1826,220,240000.0,ASSIGNED,0
1805,1792,192,280000.0,DELIVERED,0
1806,1760,460,140000.0,DELIVERED,0
1807,1842,122,190000.0,DELIVERED,0
1808,664,401,230000.0,DELIVERED,0
1809,1397,,170000.0,PENDING,0
1810,1325,,220000.0,PENDING,0
1811,774,,380000.0,PENDING,0
1812,152,416,100000.0,ASSIGNED,0
1813,1665,197,310000.0,DELIVERED,0
1814,1777,,210000.0,PENDING,0
1815,1820,218,300000.0,DELIVERED,0
1816,795,,100000.0,PENDING,0
1817,543,365,130000.0,DELIVERED,0
1818,1147,,320000.0,PENDING,0
1819,1295,,70000.0,PENDING,0
1820,1513,,360000.0,PENDING,0
1821,1544,363,330000.0,DELIVERED,0
1822,100,,330000.0,PENDING,0
1823,41,92,270000.0,ASSIGNED,0
1824,258,59,380000.0,ASSIGNED,0
1825,1866,105,290000.0,DELIVERED,0
1826,1247,491,150000.0,ASSIGNED,0
1827,673,238,230000.0,DELIVERED,0
1828,1986,401,280000.0,DELIVERED,0
1829,1366,133,90000.0,DELIVERED,0
1830,873,444,260000.0,DELIVERED,0
1831,1536,449,350000.0,DELIVERED,0
1832,855,244,330000.0,ASSIGNED,0
1833,266,482,80000.0,DELIVERED,0
1834,1199,239,240000.0,ASSIGNED,0
1835,545,8,200000.0,DELIVERED,0
1836,727,469,230000.0,DELIVERED,0
1837,131,211,300000.0,ASSIGNED,0
1838,743,380,110000.0,DELIVERED,0
1839,721,,230000.0,PENDING,0
1840,1041,457,390000.0,ASSIGNED,0
1841,976,,100000.0,PENDING,0
1842,226,316,190000.0,DELIVERED,0
1843,1191,,130000.0,PENDING,0
1844,1376,150,80000.0,ASSIGNED,0
1845,307,33,280000.0,DELIVERED,0
1846,997,336,220000.0,ASSIGNED,0
1847,223,,110000.0,PENDING,0
1848,1120,160,170000.0,DELIVERED,0
1849,470,,290000.0,PENDING,0
1850,1817,187,390000.0,ASSIGNED,0
1851,1668,441,60000.0,DELIVERED,0
1852,1871,210,190000.0,DELIVERED,0
1853,1060,423,300000.0,DELIVERED,0
1854,1370,,300000.0,PENDING,0
1855,1745,36,150000.0,DELIVERED,0
1856,1528,186,380000.0,ASSIGNED,0
1857,1846,296,270000.0,DELIVERED,0
1858,1223,98,240000.0,DELIVERED,0
1859,714,400,80000.0,DELIVERED,0
1860,1181,101,150000.0,ASSIGNED,0
1861,1066,203,80000.0,DELIVERED,0
1862,475,355,110000.0,ASSIGNED,0
1863,1482,228,290000.0,DELIVERED,0
1864,259,439,260000.0,DELIVERED,0
1865,42,449,350000.0,DELIVERED,0
1866,1481,,270000.0,PENDING,0
1867,669,94,220000.0,ASSIGNED,0
1868,1123,78,250000.0,ASSIGNED,0
1869,815,103,170000.0,DELIVERED,0
1870,124,,220000.0,PENDING,0
1871,294,415,150000.0,DELIVERED,0
1872,1506,,160000.0,PENDING,0
1873,42,455,150000.0,ASSIGNED,0
1874,409,,50000.0,PENDING,0
1875,898,225,140000.0,ASSIGNED,0
1876,1325,,190000.0,PENDING,0
1877,1161,426,360000.0,ASSIGNED,0
1878,363,268,270000.0,ASSIGNED,0
1879,957,263,240000.0,DELIVERED,0
1880,1268,193,250000.0,DELIVERED,0
1881,1548,74,360000.0,ASSIGNED,0
1882,1289,,280000.0,PENDING,0
1883,1015,353,280000.0,DELIVERED,0
1884,1214,,210000.0,PENDING,0
1885,1941,391,150000.0,DELIVERED,0
1886,1156,440,90000.0,DELIVERED,0
1887,1258,,260000.0,PENDING,0
1888,384,,240000.0,PENDING,0
1889,1870,,320000.0,PENDING,0
1890,1507,,60000.0,PENDING,0
1891,1010,,340000.0,PENDING,0
1892,1681,289,250000.0,ASSIGNED,0
1893,1479,,380000.0,PENDING,0
1894,244,109,80000.0,DELIVERED,0
1895,1404,299,390000.0,DELIVERED,0
1896,1475,,120000.0,PENDING,0
1897,1037,,340000.0,PENDING,0
1898,268,,350000.0,PENDING,0
1899,235,103,70000.0,DELIVERED,0
1900,1247,,200000.0,PENDING,0
1901,1780,,290000.0,PENDING,0
1902,1051,26,340000.0,ASSIGNED,0
1903,918,358,210000.0,ASSIGNED,0
1904,1666,,50000.0,PENDING,0
1905,1000,116,250000.0,DELIVERED,0
1906,655,391,390000.0,DELIVERED,0
1907,692,277,230000.0,DELIVERED,0
1908,267,216,320000.0,DELIVERED,0
1909,1609,350,380000.0,ASSIGNED,0
1910,515,157,350000.0,ASSIGNED,0
1911,392,58,260000.0,DELIVERED,0
1912,439,,320000.0,PENDING,0
1913,637,365,160000.0,DELIVERED,0
1914,1294,374,330000.0,DELIVERED,0
1915,183,76,70000.0,ASSIGNED,0
1916,328,,70000.0,PENDING,0
1917,655,376,80000.0,ASSIGNED,0
1918,367,,300000.0,PENDING,0
1919,650,225,230000.0,ASSIGNED,0
1920,1677,,50000.0,PENDING,0
1921,1433,231,120000.0,ASSIGNED,0
1922,67,68,290000.0,DELIVERED,0
1923,1540,313,250000.0,DELIVERED,0
1924,797,403,190000.0,ASSIGNED,0
1925,283,,320000.0,PENDING,0
1926,1289,,340000.0,PENDING,0
1927,449,473,130000.0,ASSIGNED,0
1928,821,376,370000.0,DELIVERED,0
1929,1044,14,260000.0,ASSIGNED,0
1930,170,381,230000.0,ASSIGNED,0
1931,283,182,110000.0,ASSIGNED,0
1932,440,190,250000.0,DELIVERED,0
1933,705,,330000.0,PENDING,0
1934,1531,,150000.0,PENDING,0
1935,1120,278,260000.0,ASSIGNED,0
1936,1450,478,340000.0,DELIVERED,0
1937,276,447,150000.0,DELIVERED,0
1938,598,72,370000.0,ASSIGNED,0
1939,1188,,80000.0,PENDING,0
1940,1603,,70000.0,PENDING,0
1941,1984,,390000.0,PENDING,0
1942,1750,39,130000.0,DELIVERED,0
1943,473,286,300000.0,ASSIGNED,0
1944,1746,,100000.0,PENDING,0
1945,1072,,280000.0,PENDING,0
1946,1675,375,230000.0,ASSIGNED,0
1947,409,336,70000.0,DELIVERED,0
1948,1775,414,80000.0,DELIVERED,0
1949,930,241,250000.0,ASSIGNED,0
1950,692,10,110000.0,DELIVERED,0
1951,1387,397,190000.0,DELIVERED,0
1952,1230,95,290000.0,DELIVERED,0
1953,1001,236,300000.0,DELIVERED,0
1954,769,40,200000.0,ASSIGNED,0
1955,1825,213,340000.0,DELIVERED,0
1956,1,277,180000.0,DELIVERED,0
1957,168,397,180000.0,ASSIGNED,0
1958,24,109,80000.0,DELIVERED,0
1959,1224,188,50000.0,ASSIGNED,0
1960,1344,184,200000.0,DELIVERED,0
1961,93,,290000.0,PENDING,0
1962,1256,317,280000.0,ASSIGNED,0
1963,452,,370000.0,PENDING,0
1964,230,,150000.0,PENDING,0
1965,1185,,320000.0,PENDING,0
1966,506,,330000.0,PENDING,0
1967,450,,210000.0,PENDING,0
1968,1965,414,210000.0,ASSIGNED,0
1969,1480,211,220000.0,ASSIGNED,0
1970,1775,199,180000.0,DELIVERED,0
1971,496,70,340000.0,DELIVERED,0
1972,357,497,330000.0,ASSIGNED,0
1973,182,436,220000.0,DELIVERED,0
1974,1180,76,90000.0,DELIVERED,0
1975,416,321,300000.0,DELIVERED,0
1976,1794,,350000.0,PENDING,0
1977,632,475,60000.0,DELIVERED,0
1978,1190,,330000.0,PENDING,0
1979,1842,24,170000.0,DELIVERED,0
1980,1975,57,190000.0,DELIVERED,0
1981,793,,330000.0,PENDING,0
1982,484,318,60000.0,DELIVERED,0
1983,849,174,110000.0,DELIVERED,0
1984,370,,50000.0,PENDING,0
1985,301,424,130000.0,ASSIGNED,0
1986,490,397,350000.0,DELIVERED,0
1987,1088,,120000.0,PENDING,0
1988,109,212,310000.0,ASSIGNED,0
1989,1981,112,50000.0,ASSIGNED,0
1990,520,,120000.0,PENDING,0
1991,1101,469,80000.0,DELIVERED,0
1992,1167,220,190000.0,ASSIGNED,0
1993,35,,320000.0,PENDING,0
1994,1820,,50000.0,PENDING,0
1995,632,188,220000.0,ASSIGNED,0
1996,1867,,120000.0,PENDING,0
1997,1588,,320000.0,PENDING,0
1998,1650,95,360000.0,ASSIGNED,0
1999,282,,120000.0,PENDING,0
2000,1321,211,390000.0,DELIVERED,0
2001,1143,,240000.0,PENDING,0
2002,993,,170000.0,PENDING,0
2003,1864,121,80000.0,DELIVERED,0
2004,268,381,260000.0,ASSIGNED,0
2005,1573,429,130000.0,ASSIGNED,0
2006,650,,90000.0,PENDING,0
2007,1913,305,150000.0,ASSIGNED,0
2008,975,413,60000.0,DELIVERED,0
2009,1486,,160000.0,PENDING,0
2010,1931,86,200000.0,DELIVERED,0
2011,1262,149,140000.0,ASSIGNED,0
2012,501,190,390000.0,ASSIGNED,0
2013,792,409,150000.0,DELIVERED,0
2014,1094,261,190000.0,ASSIGNED,0
2015,1885,426,280000.0,ASSIGNED,0
2016,438,,260000.0,PENDING,0
2017,806,,80000.0,PENDING,0
2018,1518,249,360000.0,ASSIGNED,0
2019,834,,270000.0,PENDING,0
2020,333,192,250000.0,DELIVERED,0
2021,520,455,350000.0,ASSIGNED,0
2022,864,430,350000.0,DELIVERED,0
2023,1529,,250000.0,PENDING,0
2024,2,,150000.0,PENDING,0
2025,1644,,250000.0,PENDING,0
2026,723,74,290000.0,ASSIGNED,0
2027,1646,497,250000.0,ASSIGNED,0
2028,1855,50,190000.0,ASSIGNED,0
2029,1617,37,390000.0,DELIVERED,0
2030,1822,61,140000.0,ASSIGNED,0
2031,1346,47,60000.0,DELIVERED,0
2032,1815,434,210000.0,DELIVERED,0
2033,738,41,310000.0,ASSIGNED,0
2034,922,,390000.0,PENDING,0
2035,328,221,150000.0,ASSIGNED,0
2036,483,213,80000.0,DELIVERED,0
2037,1322,27,90000.0,DELIVERED,0
2038,1979,,210000.0,PENDING,0
2039,964,,270000.0,PENDING,0
2040,1521,435,50000.0,ASSIGNED,0
2041,71,128,370000.0,ASSIGNED,0
2042,790,,280000.0,PENDING,0
2043,1291,109,240000.0,ASSIGNED,0
2044,1735,,80000.0,PENDING,0
2045,163,68,290000.0,ASSIGNED,0
2046,1348,313,150000.0,DELIVERED,0
2047,988,,190000.0,PENDING,0
2048,1096,433,160000.0,DELIVERED,0
2049,1839,194,150000.0,DELIVERED,0
2050,705,317,220000.0,DELIVERED,0
2051,1849,,60000.0,PENDING,0
2052,898,,290000.0,PENDING,0
2053,1224,60,290000.0,ASSIGNED,0
2054,461,100,220000.0,DELIVERED,0
2055,110,283,250000.0,DELIVERED,0
2056,1963,397,170000.0,ASSIGNED,0
2057,1911,303,260000.0,ASSIGNED,0
2058,52,344,120000.0,DELIVERED,0
2059,1742,156,60000.0,ASSIGNED,0
2060,529,304,70000.0,ASSIGNED,0
2061,743,,170000.0,PENDING,0
2062,594,16,300000.0,DELIVERED,0
2063,1175,,60000.0,PENDING,0
2064,612,12,390000.0,ASSIGNED,0
2065,440,,230000.0,PENDING,0
2066,474,492,300000.0,DELIVERED,0
2067,1714,359,320000.0,DELIVERED,0
2068,584,9,60000.0,ASSIGNED,0
2069,728,342,310000.0,DELIVERED,0
2070,284,,220000.0,PENDING,0
2071,1515,492,330000.0,ASSIGNED,0
2072,901,,390000.0,PENDING,0
2073,811,216,170000.0,DELIVERED,0
2074,747,,100000.0,PENDING,0
2075,1331,236,200000.0,ASSIGNED,0
2076,1449,472,360000.0,ASSIGNED,0
2077,777,,290000.0,PENDING,0
2078,1393,378,380000.0,DELIVERED,0
2079,178,233,100000.0,ASSIGNED,0
2080,380,419,90000.0,ASSIGNED,0
2081,1931,,210000.0,PENDING,0
2082,430,350,210000.0,DELIVERED,0
2083,849,446,220000.0,ASSIGNED,0
2084,605,,140000.0,PENDING,0
2085,1220,,100000.0,PENDING,0
2086,1451,,270000.0,PENDING,0
2087,14,250,50000.0,DELIVERED,0
2088,196,280,330000.0,DELIVERED,0
2089,1284,379,310000.0,ASSIGNED,0
2090,1312,75,180000.0,ASSIGNED,0
2091,627,148,70000.0,DELIVERED,0
2092,1838,290,50000.0,DELIVERED,0
2093,1884,,330000.0,PENDING,0
2094,518,410,380000.0,ASSIGNED,0
2095,1665,,50000.0,PENDING,0
2096,1641,15,360000.0,ASSIGNED,0
2097,783,,130000.0,PENDING,0
2098,508,462,120000.0,ASSIGNED,0
2099,893,,310000.0,PENDING,0
2100,546,122,390000.0,ASSIGNED,0
2101,815,,350000.0,PENDING,0
2102,1877,,350000.0,PENDING,0
2103,902,500,260000.0,ASSIGNED,0
2104,1066,60,60000.0,ASSIGNED,0
2105,832,,310000.0,PENDING,0
2106,1629,,70000.0,PENDING,0
2107,1739,348,360000.0,DELIVERED,0
2108,972,395,360000.0,ASSIGNED,0
2109,1134,430,140000.0,DELIVERED,0
2110,422,156,390000.0,ASSIGNED,0
2111,1393,336,110000.0,ASSIGNED,0
2112,472,464,320000.0,DELIVERED,0
2113,181,,160000.0,PENDING,0
2114,1358,444,250000.0,ASSIGNED,0
2115,1412,,290000.0,PENDING,0
2116,997,286,300000.0,DELIVERED,0
2117,1582,449,300000.0,DELIVERED,0
2118,1807,484,150000.0,DELIVERED,0
2119,8,,130000.0,PENDING,0
2120,91,51,280000.0,ASSIGNED,0
2121,1035,,380000.0,PENDING,0
2122,1130,346,320000.0,ASSIGNED,0
2123,924,,290000.0,PENDING,0
2124,42,,180000.0,PENDING,0
2125,1499,,70000.0,PENDING,0
2126,705,201,240000.0,DELIVERED,0
2127,59,237,260000.0,ASSIGNED,0
2128,392,122,200000.0,DELIVERED,0
2129,838,220,290000.0,DELIVERED,0
2130,1166,,130000.0,PENDING,0
2131,1128,447,200000.0,DELIVERED,0
2132,137,,290000.0,PENDING,0
2133,1408,189,100000.0,DELIVERED,0
2134,756,169,390000.0,ASSIGNED,0
2135,1224,313,160000.0,DELIVERED,0
2136,1124,287,70000.0,ASSIGNED,0
2137,48,250,280000.0,ASSIGNED,0
2138,651,325,60000.0,DELIVERED,0
2139,312,464,330000.0,DELIVERED,0
2140,1990,464,370000.0,DELIVERED,0
2141,347,195,330000.0,DELIVERED,0
2142,188,496,380000.0,DELIVERED,0
2143,1835,105,240000.0,ASSIGNED,0
2144,1070,2,270000.0,ASSIGNED,0
2145,1880,385,70000.0,ASSIGNED,0
2146,1894,485,350000.0,DELIVERED,0
2147,1976,360,140000.0,DELIVERED,0
2148,1977,235,260000.0,ASSIGNED,0
2149,1037,,210000.0,PENDING,0
2150,1893,289,250000.0,DELIVERED,0
2151,1089,,280000.0,PENDING,0
2152,526,139,80000.0,ASSIGNED,0
2153,337,,140000.0,PENDING,0
2154,1459,239,250000.0,ASSIGNED,0
2155,497,,110000.0,PENDING,0
2156,215,303,290000.0,DELIVERED,0
2157,1894,,80000.0,PENDING,0
2158,1132,,330000.0,PENDING,0
2159,1846,436,200000.0,ASSIGNED,0
2160,1267,166,260000.0,DELIVERED,0
2161,1132,,360000.0,PENDING,0
2162,908,342,390000.0,ASSIGNED,0
2163,1287,455,340000.0,ASSIGNED,0
2164,1171,,140000.0,PENDING,0
2165,953,186,290000.0,DELIVERED,0
2166,97,377,320000.0,DELIVERED,0
2167,1803,469,250000.0,ASSIGNED,0
2168,1236,107,280000.0,ASSIGNED,0
2169,1765,36,160000.0,DELIVERED,0
2170,41,,210000.0,PENDING,0
2171,1340,334,220000.0,DELIVERED,0
2172,1033,,140000.0,PENDING,0
2173,1631,286,360000.0,ASSIGNED,0
2174,1824,,180000.0,PENDING,0
2175,1728,142,240000.0,DELIVERED,0
2176,814,,60000.0,PENDING,0
2177,1343,498,260000.0,ASSIGNED,0
2178,1269,117,140000.0,DELIVERED,0
2179,1210,101,50000.0,ASSIGNED,0
2180,53,,180000.0,PENDING,0
2181,678,5,140000.0,ASSIGNED,0
2182,1388,408,170000.0,ASSIGNED,0
2183,1133,,310000.0,PENDING,0
2184,332,,140000.0,PENDING,0
2185,541,,150000.0,PENDING,0
2186,477,48,270000.0,ASSIGNED,0
2187,1323,,100000.0,PENDING,0
2188,867,115,370000.0,ASSIGNED,0
2189,774,317,190000.0,DELIVERED,0
2190,105,105,130000.0,DELIVERED,0
2191,131,481,230000.0,ASSIGNED,0
2192,1656,341,120000.0,DELIVERED,0
2193,519,477,240000.0,ASSIGNED,0
2194,1552,264,70000.0,DELIVERED,0
2195,275,,390000.0,PENDING,0
2196,787,402,50000.0,DELIVERED,0
2197,318,309,390000.0,DELIVERED,0
2198,525,437,60000.0,ASSIGNED,0
2199,225,,240000.0,PENDING,0
2200,1890,,140000.0,PENDING,0
2201,1204,26,140000.0,ASSIGNED,0
2202,568,,280000.0,PENDING,0
2203,1476,61,390000.0,DELIVERED,0
2204,1614,387,60000.0,DELIVERED,0
2205,353,375,160000.0,ASSIGNED,0
2206,616,456,220000.0,ASSIGNED,0
2207,1906,,60000.0,PENDING,0
2208,100,,340000.0,PENDING,0
2209,1452,464,250000.0,ASSIGNED,0
2210,1005,,260000.0,PENDING,0
2211,36,327,310000.0,DELIVERED,0
2212,1133,,200000.0,PENDING,0
2213,485,456,150000.0,ASSIGNED,0
2214,1584,497,80000.0,ASSIGNED,0
2215,1923,66,70000.0,DELIVERED,0
2216,1232,264,90000.0,DELIVERED,0
2217,673,,130000.0,PENDING,0
2218,1848,395,330000.0,DELIVERED,0
2219,1944,400,60000.0,DELIVERED,0
2220,1140,,370000.0,PENDING,0
2221,441,434,290000.0,DELIVERED,0
2222,204,80,140000.0,DELIVERED,0
2223,533,388,330000.0,ASSIGNED,0
2224,376,,340000.0,PENDING,0
2225,258,,60000.0,PENDING,0
2226,1387,,290000.0,PENDING,0
2227,775,,160000.0,PENDING,0
2228,822,,70000.0,PENDING,0
2229,824,82,150000.0,ASSIGNED,0
2230,947,,130000.0,PENDING,0
2231,427,,230000.0,PENDING,0
2232,401,490,250000.0,ASSIGNED,0
2233,1304,299,220000.0,ASSIGNED,0
2234,1315,72,70000.0,DELIVERED,0
2235,137,,240000.0,PENDING,0
2236,1817,,100000.0,PENDING,0
2237,1505,,160000.0,PENDING,0
2238,254,,120000.0,PENDING,0
2239,1927,81,290000.0,ASSIGNED,0
2240,963,11,70000.0,ASSIGNED,0
2241,896,,170000.0,PENDING,0
2242,1509,12,360000.0,ASSIGNED,0
2243,931,,110000.0,PENDING,0
2244,1746,19,260000.0,DELIVERED,0
2245,1181,314,70000.0,ASSIGNED,0
2246,282,340,320000.0,ASSIGNED,0
2247,60,9,270000.0,ASSIGNED,0
2248,677,441,240000.0,DELIVERED,0
2249,1201,476,290000.0,ASSIGNED,0
2250,1218,,200000.0,PENDING,0
2251,282,269,140000.0,DELIVERED,0
2252,1374,184,380000.0,ASSIGNED,0
2253,323,172,100000.0,ASSIGNED,0
2254,642,143,320000.0,DELIVERED,0
2255,1300,386,150000.0,DELIVERED,0
2256,1278,237,120000.0,DELIVERED,0
2257,1735,192,310000.0,DELIVERED,0
2258,1930,280,140000.0,ASSIGNED,0
2259,758,463,290000.0,ASSIGNED,0
2260,883,120,80000.0,ASSIGNED,0
2261,1008,,270000.0,PENDING,0
2262,1418,,250000.0,PENDING,0
2263,1120,471,240000.0,DELIVERED,0
2264,943,360,260000.0,DELIVERED,0
2265,1749,,100000.0,PENDING,0
2266,135,37,300000.0,DELIVERED,0
2267,33,147,300000.0,DELIVERED,0
2268,1815,499,340000.0,DELIVERED,0
2269,188,203,90000.0,DELIVERED,0
2270,1639,194,220000.0,DELIVERED,0
2271,873,,120000.0,PENDING,0
2272,89,,220000.0,PENDING,0
2273,1922,357,280000.0,ASSIGNED,0
2274,1877,188,300000.0,ASSIGNED,0
2275,322,,60000.0,PENDING,0
2276,676,176,70000.0,ASSIGNED,0
2277,478,,260000.0,PENDING,0
2278,905,488,240000.0,DELIVERED,0
2279,1502,188,150000.0,ASSIGNED,0
2280,689,341,290000.0,ASSIGNED,0
2281,1159,414,250000.0,DELIVERED,0
2282,312,103,300000.0,DELIVERED,0
2283,1635,4,70000.0,ASSIGNED,0
2284,1662,314,220000.0,ASSIGNED,0
2285,446,,380000.0,PENDING,0
2286,481,488,150000.0,ASSIGNED,0
2287,1345,167,290000.0,DELIVERED,0
2288,252,,130000.0,PENDING,0
2289,202,420,140000.0,ASSIGNED,0
2290,890,97,80000.0,ASSIGNED,0
2291,216,18,100000.0,ASSIGNED,0
2292,1931,478,100000.0,ASSIGNED,0
2293,1860,458,340000.0,ASSIGNED,0
2294,1440,353,390000.0,ASSIGNED,0
2295,215,122,110000.0,DELIVERED,0
2296,788,222,250000.0,DELIVERED,0
2297,993,466,290000.0,ASSIGNED,0
2298,111,125,250000.0,ASSIGNED,0
2299,447,62,140000.0,ASSIGNED,0
2300,416,242,110000.0,DELIVERED,0
2301,869,,170000.0,PENDING,0
2302,243,,60000.0,PENDING,0
2303,995,111,230000.0,DELIVERED,0
2304,1606,,310000.0,PENDING,0
2305,60,,270000.0,PENDING,0
2306,1778,407,160000.0,DELIVERED,0
2307,1252,51,50000.0,DELIVERED,0
2308,85,396,80000.0,ASSIGNED,0
2309,1178,,70000.0,PENDING,0
2310,1100,,300000.0,PENDING,0
2311,1338,175,180000.0,ASSIGNED,0
2312,1691,,220000.0,PENDING,0
2313,794,240,210000.0,ASSIGNED,0
2314,545,,320000.0,PENDING,0
2315,257,269,50000.0,DELIVERED,0
2316,1613,229,60000.0,ASSIGNED,0
2317,863,163,370000.0,ASSIGNED,0
2318,1598,280,220000.0,ASSIGNED,0
2319,1240,237,200000.0,DELIVERED,0
2320,218,423,210000.0,ASSIGNED,0
2321,875,145,340000.0,DELIVERED,0
2322,1365,,190000.0,PENDING,0
2323,979,431,170000.0,DELIVERED,0
2324,1178,193,200000.0,ASSIGNED,0
2325,1380,318,330000.0,DELIVERED,0
2326,431,399,100000.0,ASSIGNED,0
2327,590,81,310000.0,ASSIGNED,0
2328,1490,39,270000.0,ASSIGNED,0
2329,1909,315,300000.0,DELIVERED,0
2330,1936,250,170000.0,DELIVERED,0
2331,1789,,280000.0,PENDING,0
2332,1612,,70000.0,PENDING,0
2333,1121,212,240000.0,DELIVERED,0
2334,877,468,300000.0,DELIVERED,0
2335,1751,64,330000.0,ASSIGNED,0
2336,57,463,100000.0,DELIVERED,0
2337,1729,,60000.0,PENDING,0
2338,582,,110000.0,PENDING,0
2339,1054,369,150000.0,DELIVERED,0
2340,23,89,380000.0,ASSIGNED,0
2341,1300,405,260000.0,ASSIGNED,0
2342,1662,68,190000.0,ASSIGNED,0
2343,116,78,110000.0,ASSIGNED,0
2344,1323,155,50000.0,DELIVERED,0
2345,1718,,240000.0,PENDING,0
2346,1847,,120000.0,PENDING,0
2347,1054,,300000.0,PENDING,0
2348,921,93,380000.0,DELIVERED,0
2349,1047,,110000.0,PENDING,0
2350,807,306,280000.0,DELIVERED,0
2351,397,304,350000.0,DELIVERED,0
2352,897,,360000.0,PENDING,0
2353,1029,76,60000.0,DELIVERED,0
2354,480,,380000.0,PENDING,0
2355,532,,70000.0,PENDING,0
2356,1541,324,350000.0,DELIVERED,0
2357,1607,,260000.0,PENDING,0
2358,1565,,50000.0,PENDING,0
2359,1611,,350000.0,PENDING,0
2360,815,,370000.0,PENDING,0
2361,725,38,200000.0,DELIVERED,0
2362,105,,340000.0,PENDING,0
2363,771,,340000.0,PENDING,0
2364,1486,5,80000.0,ASSIGNED,0
2365,1193,148,70000.0,DELIVERED,0
2366,558,,60000.0,PENDING,0
2367,817,,110000.0,PENDING,0
2368,205,438,360000.0,ASSIGNED,0
2369,1746,368,240000.0,ASSIGNED,0
2370,644,455,280000.0,DELIVERED,0
2371,73,15,310000.0,DELIVERED,0
2372,1453,338,160000.0,ASSIGNED,0
2373,1819,241,330000.0,DELIVERED,0
2374,104,292,320000.0,ASSIGNED,0
2375,332,307,60000.0,ASSIGNED,0
2376,925,,390000.0,PENDING,0
2377,53,98,340000.0,DELIVERED,0
2378,980,205,50000.0,DELIVERED,0
2379,1542,47,370000.0,ASSIGNED,0
2380,804,321,240000.0,ASSIGNED,0
2381,51,,280000.0,PENDING,0
2382,1358,180,80000.0,DELIVERED,0
2383,849,,240000.0,PENDING,0
2384,497,,160000.0,PENDING,0
2385,315,439,170000.0,DELIVERED,0
2386,791,18,80000.0,ASSIGNED,0
2387,1218,,80000.0,PENDING,0
2388,531,,320000.0,PENDING,0
2389,1712,,330000.0,PENDING,0
2390,980,74,150000.0,ASSIGNED,0
2391,260,,210000.0,PENDING,0
2392,718,417,390000.0,ASSIGNED,0
2393,1663,381,180000.0,DELIVERED,0
2394,411,250,150000.0,ASSIGNED,0
2395,1596,,50000.0,PENDING,0
2396,1361,16,70000.0,DELIVERED,0
2397,1107,385,60000.0,ASSIGNED,0
2398,767,337,380000.0,ASSIGNED,0
2399,764,,210000.0,PENDING,0
2400,1445,488,320000.0,ASSIGNED,0
2401,736,369,70000.0,DELIVERED,0
2402,1216,,180000.0,PENDING,0
2403,207,180,260000.0,ASSIGNED,0
2404,716,345,300000.0,DELIVERED,0
2405,1757,,130000.0,PENDING,0
2406,599,,280000.0,PENDING,0
2407,721,,340000.0,PENDING,0
2408,1344,269,80000.0,DELIVERED,0
2409,1928,428,80000.0,DELIVERED,0
2410,1011,251,220000.0,DELIVERED,0
2411,161,,250000.0,PENDING,0
2412,1842,74,370000.0,DELIVERED,0
2413,695,,240000.0,PENDING,0
2414,733,465,70000.0,ASSIGNED,0
2415,1562,347,160000.0,DELIVERED,0
2416,827,243,330000.0,ASSIGNED,0
2417,739,,120000.0,PENDING,0
2418,1393,307,390000.0,DELIVERED,0
2419,1913,147,190000.0,DELIVERED,0
2420,541,,170000.0,PENDING,0
2421,236,,220000.0,PENDING,0
2422,866,335,280000.0,DELIVERED,0
2423,1876,50,360000.0,DELIVERED,0
2424,1366,83,130000.0,DELIVERED,0
2425,794,,130000.0,PENDING,0
2426,547,443,320000.0,DELIVERED,0
2427,1045,,60000.0,PENDING,0
2428,404,51,180000.0,ASSIGNED,0
2429,600,,120000.0,PENDING,0
2430,420,444,270000.0,ASSIGNED,0
2431,587,97,280000.0,ASSIGNED,0
2432,880,,160000.0,PENDING,0
2433,1593,,360000.0,PENDING,0
2434,1455,147,110000.0,ASSIGNED,0
2435,597,404,270000.0,DELIVERED,0
2436,59,,150000.0,PENDING,0
2437,1810,366,120000.0,ASSIGNED,0
2438,928,470,240000.0,DELIVERED,0
2439,454,,180000.0,PENDING,0
2440,657,,220000.0,PENDING,0
2441,351,140,50000.0,ASSIGNED,0
2442,1605,44,110000.0,ASSIGNED,0
2443,223,410,330000.0,DELIVERED,0
2444,409,,330000.0,PENDING,0
2445,678,,190000.0,PENDING,0
2446,616,276,50000.0,ASSIGNED,0
2447,169,,60000.0,PENDING,0
2448,1691,351,180000.0,DELIVERED,0
2449,930,120,100000.0,DELIVERED,0
2450,1979,329,170000.0,ASSIGNED,0
2451,721,,220000.0,PENDING,0
2452,663,358,200000.0,ASSIGNED,0
2453,1100,26,350000.0,ASSIGNED,0
2454,1717,,310000.0,PENDING,0
2455,611,,300000.0,PENDING,0
2456,69,253,210000.0,DELIVERED,0
2457,527,,130000.0,PENDING,0
2458,1058,28,280000.0,DELIVERED,0
2459,624,51,180000.0,ASSIGNED,0
2460,1878,,270000.0,PENDING,0
2461,1324,297,390000.0,DELIVERED,0
2462,498,200,170000.0,ASSIGNED,0
2463,434,97,340000.0,DELIVERED,0
2464,719,215,270000.0,ASSIGNED,0
2465,807,207,240000.0,ASSIGNED,0
2466,25,,110000.0,PENDING,0
2467,1022,,110000.0,PENDING,0
2468,1322,,200000.0,PENDING,0
2469,651,,370000.0,PENDING,0
2470,691,43,240000.0,ASSIGNED,0
2471,1566,,130000.0,PENDING,0
2472,157,444,180000.0,DELIVERED,0
2473,1752,166,60000.0,ASSIGNED,0
2474,1476,232,350000.0,DELIVERED,0
2475,808,390,330000.0,DELIVERED,0
2476,1672,242,120000.0,DELIVERED,0
2477,439,,310000.0,PENDING,0
2478,1560,492,240000.0,DELIVERED,0
2479,1329,,380000.0,PENDING,0
2480,1109,,240000.0,PENDING,0
2481,1177,318,130000.0,ASSIGNED,0
2482,1123,,120000.0,PENDING,0
2483,1891,209,100000.0,DELIVERED,0
2484,1229,,300000.0,PENDING,0
2485,555,86,350000.0,DELIVERED,0
2486,1344,126,270000.0,ASSIGNED,0
2487,960,78,360000.0,ASSIGNED,0
2488,1405,,160000.0,PENDING,0
2489,1890,119,150000.0,DELIVERED,0
2490,906,157,350000.0,ASSIGNED,0
2491,1860,232,200000.0,DELIVERED,0
2492,269,466,330000.0,DELIVERED,0
2493,1604,464,70000.0,DELIVERED,0
2494,1585,406,160000.0,DELIVERED,0
2495,1649,488,90000.0,DELIVERED,0
2496,1426,,330000.0,PENDING,0
2497,1520,487,280000.0,ASSIGNED,0
2498,1483,,280000.0,PENDING,0
2499,653,126,140000.0,DELIVERED,0
2500,975,286,160000.0,DELIVERED,0
2501,1512,121,80000.0,DELIVERED,0
2502,1615,,330000.0,PENDING,0
2503,1102,291,50000.0,ASSIGNED,0
2504,360,473,260000.0,DELIVERED,0
2505,654,,60000.0,PENDING,0
2506,1929,1,270000.0,ASSIGNED,0
2507,1845,313,390000.0,DELIVERED,0
2508,1609,312,260000.0,ASSIGNED,0
2509,1419,43,330000.0,DELIVERED,0
2510,1701,4,140000.0,ASSIGNED,0
2511,520,,120000.0,PENDING,0
2512,165,,80000.0,PENDING,0
2513,970,,50000.0,PENDING,0
2514,715,,120000.0,PENDING,0
2515,971,303,260000.0,DELIVERED,0
2516,294,347,280000.0,DELIVERED,0
2517,422,482,50000.0,ASSIGNED,0
2518,1280,,390000.0,PENDING,0
2519,693,463,140000.0,DELIVERED,0
2520,505,196,180000.0,DELIVERED,0
2521,793,342,200000.0,DELIVERED,0
2522,994,387,150000.0,DELIVERED,0
2523,1130,464,90000.0,ASSIGNED,0
2524,813,243,280000.0,ASSIGNED,0
2525,501,,280000.0,PENDING,0
2526,1039,130,120000.0,DELIVERED,0
2527,776,,330000.0,PENDING,0
2528,1481,,150000.0,PENDING,0
2529,916,,250000.0,PENDING,0
2530,462,235,150000.0,DELIVERED,0
2531,1542,71,180000.0,DELIVERED,0
2532,1778,,210000.0,PENDING,0
2533,482,200,150000.0,ASSIGNED,0
2534,463,8,230000.0,DELIVERED,0
2535,1053,299,50000.0,ASSIGNED,0
2536,708,360,120000.0,ASSIGNED,0
2537,1437,,140000.0,PENDING,0
2538,498,436,290000.0,DELIVERED,0
2539,375,79,160000.0,DELIVERED,0
2540,485,244,290000.0,ASSIGNED,0
2541,1072,7,380000.0,ASSIGNED,0
2542,264,,100000.0,PENDING,0
2543,1926,293,240000.0,DELIVERED,0
2544,409,,220000.0,PENDING,0
2545,1753,409,250000.0,ASSIGNED,0
2546,706,44,330000.0,ASSIGNED,0
2547,460,317,150000.0,DELIVERED,0
2548,198,242,130000.0,DELIVERED,0
2549,1897,,150000.0,PENDING,0
2550,985,270,230000.0,DELIVERED,0
2551,508,394,390000.0,ASSIGNED,0
2552,992,255,160000.0,DELIVERED,0
2553,500,11,150000.0,DELIVERED,0
2554,1614,374,280000.0,ASSIGNED,0
2555,1051,,60000.0,PENDING,0
2556,1613,311,260000.0,ASSIGNED,0
2557,91,,210000.0,PENDING,0
2558,446,116,210000.0,ASSIGNED,0
2559,530,,350000.0,PENDING,0
2560,318,478,200000.0,DELIVERED,0
2561,1262,,60000.0,PENDING,0
2562,1041,115,130000.0,DELIVERED,0
2563,321,421,350000.0,DELIVERED,0
2564,574,,170000.0,PENDING,0
2565,128,50,390000.0,ASSIGNED,0
2566,1878,236,360000.0,ASSIGNED,0
2567,262,,120000.0,PENDING,0
2568,1577,339,70000.0,DELIVERED,0
2569,1505,206,210000.0,ASSIGNED,0
2570,1939,414,100000.0,ASSIGNED,0
2571,1361,,240000.0,PENDING,0
2572,1067,307,250000.0,DELIVERED,0
2573,1206,,300000.0,PENDING,0
2574,882,263,100000.0,ASSIGNED,0
2575,802,123,180000.0,ASSIGNED,0
2576,1240,124,340000.0,ASSIGNED,0
2577,1262,150,110000.0,DELIVERED,0
2578,1934,,160000.0,PENDING,0
2579,1777,479,170000.0,ASSIGNED,0
2580,681,,130000.0,PENDING,0
2581,1395,64,190000.0,ASSIGNED,0
2582,1116,224,370000.0,ASSIGNED,0
2583,1339,114,50000.0,DELIVERED,0
2584,1719,145,340000.0,DELIVERED,0
2585,89,468,380000.0,ASSIGNED,0
2586,920,340,380000.0,DELIVERED,0
2587,752,,280000.0,PENDING,0
2588,1727,,380000.0,PENDING,0
2589,1650,,350000.0,PENDING,0
2590,1006,245,350000.0,ASSIGNED,0
2591,1865,160,190000.0,ASSIGNED,0
2592,1963,,130000.0,PENDING,0
2593,420,,380000.0,PENDING,0
2594,551,313,220000.0,ASSIGNED,0
2595,1994,,110000.0,PENDING,0
2596,1367,370,140000.0,DELIVERED,0
2597,1984,156,50000.0,DELIVERED,0
2598,1561,265,110000.0,DELIVERED,0
2599,1528,,60000.0,PENDING,0
2600,1038,382,310000.0,ASSIGNED,0
2601,1978,76,60000.0,DELIVERED,0
2602,51,5,380000.0,DELIVERED,0
2603,1320,,120000.0,PENDING,0
2604,853,,320000.0,PENDING,0
2605,995,24,110000.0,DELIVERED,0
2606,805,279,320000.0,DELIVERED,0
2607,817,125,350000.0,DELIVERED,0
2608,1913,,360000.0,PENDING,0
2609,1843,,60000.0,PENDING,0
2610,1493,212,360000.0,ASSIGNED,0
2611,1165,202,340000.0,DELIVERED,0
2612,479,17,150000.0,ASSIGNED,0
2613,1157,249,70000.0,ASSIGNED,0
2614,681,74,200000.0,ASSIGNED,0
2615,300,440,280000.0,ASSIGNED,0
2616,659,,90000.0,PENDING,0
2617,836,281,360000.0,ASSIGNED,0
2618,952,127,120000.0,DELIVERED,0
2619,1085,444,380000.0,DELIVERED,0
2620,1135,,370000.0,PENDING,0
2621,1369,172,110000.0,DELIVERED,0
2622,1527,44,360000.0,ASSIGNED,0
2623,972,387,180000.0,DELIVERED,0
2624,152,,310000.0,PENDING,0
2625,442,115,120000.0,ASSIGNED,0
2626,1491,179,300000.0,ASSIGNED,0
2627,1706,484,80000.0,DELIVERED,0
2628,230,300,350000.0,ASSIGNED,0
2629,49,31,110000.0,ASSIGNED,0
2630,1841,198,300000.0,ASSIGNED,0
2631,278,,230000.0,PENDING,0
2632,415,,220000.0,PENDING,0
2633,1916,393,280000.0,DELIVERED,0
2634,1397,453,130000.0,ASSIGNED,0
2635,268,308,270000.0,DELIVERED,0
2636,1316,,240000.0,PENDING,0
2637,300,336,210000.0,DELIVERED,0
2638,1234,343,370000.0,ASSIGNED,0
2639,569,236,230000.0,DELIVERED,0
2640,547,,100000.0,PENDING,0
2641,1216,17,160000.0,ASSIGNED,0
2642,1348,,180000.0,PENDING,0
2643,1686,393,320000.0,DELIVERED,0
2644,541,,330000.0,PENDING,0
2645,608,113,230000.0,ASSIGNED,0
2646,708,,150000.0,PENDING,0
2647,1088,340,60000.0,DELIVERED,0
2648,38,130,200000.0,ASSIGNED,0
2649,673,317,350000.0,ASSIGNED,0
2650,726,405,260000.0,ASSIGNED,0
2651,171,466,250000.0,DELIVERED,0
2652,1070,11,380000.0,DELIVERED,0
2653,305,,390000.0,PENDING,0
2654,574,15,350000.0,ASSIGNED,0
2655,1691,,390000.0,PENDING,0
2656,481,323,220000.0,ASSIGNED,0
2657,141,380,200000.0,DELIVERED,0
2658,313,385,260000.0,ASSIGNED,0
2659,1402,483,110000.0,DELIVERED,0
2660,25,420,220000.0,ASSIGNED,0
2661,540,483,120000.0,ASSIGNED,0
2662,307,,130000.0,PENDING,0
2663,1745,7,350000.0,ASSIGNED,0
2664,1181,,150000.0,PENDING,0
2665,28,,360000.0,PENDING,0
2666,306,254,50000.0,DELIVERED,0
2667,36,461,210000.0,DELIVERED,0
2668,1296,405,60000.0,ASSIGNED,0
2669,379,,260000.0,PENDING,0
2670,1748,,270000.0,PENDING,0
2671,521,358,120000.0,ASSIGNED,0
2672,1718,31,140000.0,ASSIGNED,0
2673,940,,80000.0,PENDING,0
2674,556,293,360000.0,ASSIGNED,0
2675,1878,4,260000.0,DELIVERED,0
2676,978,,50000.0,PENDING,0
2677,409,373,200000.0,DELIVERED,0
2678,880,,240000.0,PENDING,0
2679,1958,318,360000.0,ASSIGNED,0
2680,1692,414,130000.0,ASSIGNED,0
2681,216,24,160000.0,ASSIGNED,0
2682,76,,360000.0,PENDING,0
2683,121,82,90000.0,DELIVERED,0
2684,1701,200,210000.0,ASSIGNED,0
2685,238,36,60000.0,DELIVERED,0
2686,1538,,140000.0,PENDING,0
2687,697,,170000.0,PENDING,0
2688,1117,152,100000.0,DELIVERED,0
2689,1810,118,200000.0,ASSIGNED,0
2690,1426,490,60000.0,DELIVERED,0
2691,1542,,80000.0,PENDING,0
2692,1682,413,330000.0,ASSIGNED,0
2693,556,,390000.0,PENDING,0
2694,891,,290000.0,PENDING,0
2695,489,,350000.0,PENDING,0
2696,1167,177,390000.0,ASSIGNED,0
2697,603,140,390000.0,ASSIGNED,0
2698,487,,140000.0,PENDING,0
2699,1666,160,140000.0,DELIVERED,0
2700,287,260,220000.0,DELIVERED,0
2701,1358,13,240000.0,ASSIGNED,0
2702,841,,100000.0,PENDING,0
2703,1257,201,160000.0,ASSIGNED,0
2704,1806,,230000.0,PENDING,0
2705,841,,160000.0,PENDING,0
2706,776,,160000.0,PENDING,0
2707,76,268,330000.0,ASSIGNED,0
2708,1645,97,70000.0,DELIVERED,0
2709,1499,123,320000.0,DELIVERED,0
2710,1891,417,120000.0,ASSIGNED,0
2711,871,,80000.0,PENDING,0
2712,427,304,310000.0,DELIVERED,0
2713,1170,313,180000.0,DELIVERED,0
2714,132,224,380000.0,DELIVERED,0
2715,1323,376,240000.0,DELIVERED,0
2716,1107,467,130000.0,DELIVERED,0
2717,534,,100000.0,PENDING,0
2718,1927,101,310000.0,DELIVERED,0
2719,990,247,200000.0,DELIVERED,0
2720,247,371,130000.0,DELIVERED,0
2721,1505,,380000.0,PENDING,0
2722,714,38,70000.0,ASSIGNED,0
2723,605,,320000.0,PENDING,0
2724,268,134,250000.0,ASSIGNED,0
2725,1876,140,280000.0,DELIVERED,0
2726,1645,442,260000.0,DELIVERED,0
2727,1176,,70000.0,PENDING,0
2728,753,56,100000.0,ASSIGNED,0
2729,944,330,270000.0,DELIVERED,0
2730,248,,220000.0,PENDING,0
2731,1985,355,310000.0,ASSIGNED,0
2732,623,,200000.0,PENDING,0
2733,917,,160000.0,PENDING,0
2734,1752,95,340000.0,ASSIGNED,0
2735,571,205,170000.0,ASSIGNED,0
2736,1856,320,100000.0,DELIVERED,0
2737,530,,300000.0,PENDING,0
2738,1947,,130000.0,PENDING,0
2739,1159,,220000.0,PENDING,0
2740,1491,125,230000.0,ASSIGNED,0
2741,1372,123,50000.0,DELIVERED,0
2742,1571,16,370000.0,ASSIGNED,0
2743,819,,360000.0,PENDING,0
2744,338,,130000.0,PENDING,0
2745,126,335,380000.0,ASSIGNED,0
2746,125,,230000.0,PENDING,0
2747,1622,336,120000.0,DELIVERED,0
2748,1024,,300000.0,PENDING,0
2749,1464,18,200000.0,DELIVERED,0
2750,669,172,160000.0,ASSIGNED,0
2751,706,334,190000.0,ASSIGNED,0
2752,373,246,200000.0,DELIVERED,0
2753,1589,316,110000.0,DELIVERED,0
2754,1973,,320000.0,PENDING,0
2755,1952,102,150000.0,ASSIGNED,0
2756,1263,295,100000.0,DELIVERED,0
2757,664,253,330000.0,ASSIGNED,0
2758,948,62,200000.0,DELIVERED,0
2759,343,,70000.0,PENDING,0
2760,1759,495,60000.0,ASSIGNED,0
2761,1109,,90000.0,PENDING,0
2762,1252,398,390000.0,DELIVERED,0
2763,1929,,320000.0,PENDING,0
2764,1073,260,130000.0,ASSIGNED,0
2765,503,,270000.0,PENDING,0
2766,897,297,80000.0,ASSIGNED,0
2767,689,423,170000.0,DELIVERED,0
2768,1644,,120000.0,PENDING,0
2769,854,129,70000.0,ASSIGNED,0
2770,1050,,100000.0,PENDING,0
2771,1338,,380000.0,PENDING,0
2772,1037,,140000.0,PENDING,0
2773,1540,124,290000.0,DELIVERED,0
2774,927,343,200000.0,DELIVERED,0
2775,625,166,310000.0,ASSIGNED,0
2776,885,283,130000.0,ASSIGNED,0
2777,657,493,60000.0,DELIVERED,0
2778,1625,241,250000.0,DELIVERED,0
2779,1489,,310000.0,PENDING,0
2780,677,,130000.0,PENDING,0
2781,793,175,190000.0,DELIVERED,0
2782,539,,100000.0,PENDING,0
2783,1534,,340000.0,PENDING,0
2784,92,289,200000.0,DELIVERED,0
2785,308,,190000.0,PENDING,0
2786,767,206,310000.0,DELIVERED,0
2787,1516,,210000.0,PENDING,0
2788,604,,220000.0,PENDING,0
2789,1704,439,140000.0,DELIVERED,0
2790,1720,,360000.0,PENDING,0
2791,1839,166,250000.0,DELIVERED,0
2792,55,249,320000.0,ASSIGNED,0
2793,1172,10,90000.0,DELIVERED,0
2794,755,42,350000.0,DELIVERED,0
2795,1194,,130000.0,PENDING,0
2796,1329,58,160000.0,DELIVERED,0
2797,1211,,250000.0,PENDING,0
2798,122,197,130000.0,ASSIGNED,0
2799,1419,308,280000.0,DELIVERED,0
2800,1377,,120000.0,PENDING,0
2801,1770,255,350000.0,ASSIGNED,0
2802,1085,,350000.0,PENDING,0
2803,276,373,260000.0,DELIVERED,0
2804,166,438,120000.0,ASSIGNED,0
2805,724,434,120000.0,ASSIGNED,0
2806,1086,211,100000.0,ASSIGNED,0
2807,901,,90000.0,PENDING,0
2808,1819,149,180000.0,ASSIGNED,0
2809,342,433,50000.0,ASSIGNED,0
2810,1579,69,360000.0,DELIVERED,0
2811,1736,,90000.0,PENDING,0
2812,1734,345,200000.0,ASSIGNED,0
2813,943,51,220000.0,ASSIGNED,0
2814,422,308,130000.0,ASSIGNED,0
2815,1108,342,90000.0,DELIVERED,0
2816,1710,311,310000.0,ASSIGNED,0
2817,1708,,240000.0,PENDING,0
2818,909,394,310000.0,DELIVERED,0
2819,377,,350000.0,PENDING,0
2820,480,409,280000.0,DELIVERED,0
2821,463,94,190000.0,ASSIGNED,0
2822,303,,120000.0,PENDING,0
2823,1610,,220000.0,PENDING,0
2824,213,,60000.0,PENDING,0
2825,225,431,320000.0,ASSIGNED,0
2826,826,133,270000.0,ASSIGNED,0
2827,1598,17,80000.0,DELIVERED,0
2828,13,,160000.0,PENDING,0
2829,1250,,310000.0,PENDING,0
2830,1643,75,300000.0,ASSIGNED,0
2831,1093,,220000.0,PENDING,0
2832,1025,,350000.0,PENDING,0
2833,1253,,390000.0,PENDING,0
2834,1500,278,140000.0,DELIVERED,0
2835,1261,,280000.0,PENDING,0
2836,832,412,250000.0,DELIVERED,0
2837,848,113,220000.0,DELIVERED,0
2838,1809,,160000.0,PENDING,0
2839,382,463,150000.0,ASSIGNED,0
2840,629,271,290000.0,DELIVERED,0
2841,915,220,350000.0,DELIVERED,0
2842,993,,330000.0,PENDING,0
2843,752,2,340000.0,ASSIGNED,0
2844,1606,112,260000.0,ASSIGNED,0
2845,1268,79,310000.0,ASSIGNED,0
2846,996,402,200000.0,ASSIGNED,0
2847,799,,270000.0,PENDING,0
2848,505,460,90000.0,ASSIGNED,0
2849,646,92,260000.0,DELIVERED,0
2850,825,289,70000.0,DELIVERED,0
2851,1390,131,60000.0,DELIVERED,0
2852,1097,321,290000.0,DELIVERED,0
2853,1649,21,240000.0,DELIVERED,0
2854,825,,100000.0,PENDING,0
2855,556,,100000.0,PENDING,0
2856,393,294,60000.0,ASSIGNED,0
2857,1383,,180000.0,PENDING,0
2858,1752,86,240000.0,DELIVERED,0
2859,1626,77,240000.0,DELIVERED,0
2860,433,427,250000.0,DELIVERED,0
2861,1806,104,300000.0,ASSIGNED,0
2862,625,486,300000.0,ASSIGNED,0
2863,1595,273,100000.0,ASSIGNED,0
2864,241,275,150000.0,ASSIGNED,0
2865,15,145,380000.0,DELIVERED,0
2866,1479,345,330000.0,ASSIGNED,0
2867,869,260,140000.0,DELIVERED,0
2868,896,500,380000.0,DELIVERED,0
2869,159,391,240000.0,DELIVERED,0
2870,677,44,220000.0,DELIVERED,0
2871,1834,180,130000.0,ASSIGNED,0
2872,344,228,320000.0,DELIVERED,0
2873,879,,60000.0,PENDING,0
2874,1602,,250000.0,PENDING,0
2875,1302,,110000.0,PENDING,0
2876,8,236,310000.0,ASSIGNED,0
2877,1455,457,200000.0,ASSIGNED,0
2878,1191,494,110000.0,ASSIGNED,0
2879,514,48,260000.0,ASSIGNED,0
2880,949,,60000.0,PENDING,0
2881,1757,,140000.0,PENDING,0
2882,1625,63,330000.0,DELIVERED,0
2883,998,206,370000.0,ASSIGNED,0
2884,1441,107,210000.0,DELIVERED,0
2885,1502,53,130000.0,DELIVERED,0
2886,1842,159,80000.0,DELIVERED,0
2887,91,72,310000.0,DELIVERED,0
2888,1821,270,100000.0,DELIVERED,0
2889,1799,217,150000.0,DELIVERED,0
2890,740,,220000.0,PENDING,0
2891,211,492,340000.0,DELIVERED,0
2892,252,,120000.0,PENDING,0
2893,1538,108,70000.0,ASSIGNED,0
2894,371,404,80000.0,ASSIGNED,0
2895,276,334,50000.0,DELIVERED,0
2896,1974,268,120000.0,ASSIGNED,0
2897,804,,70000.0,PENDING,0
2898,1026,,380000.0,PENDING,0
2899,1719,129,100000.0,DELIVERED,0
2900,1790,,230000.0,PENDING,0
2901,378,,200000.0,PENDING,0
2902,1049,,300000.0,PENDING,0
2903,1056,89,340000.0,ASSIGNED,0
2904,1046,137,390000.0,ASSIGNED,0
2905,1932,462,180000.0,ASSIGNED,0
2906,1727,198,310000.0,DELIVERED,0
2907,123,28,290000.0,DELIVERED,0
2908,582,73,120000.0,ASSIGNED,0
2909,281,,200000.0,PENDING,0
2910,1305,,250000.0,PENDING,0
2911,520,421,110000.0,ASSIGNED,0
2912,474,73,320000.0,DELIVERED,0
2913,1851,31,350000.0,DELIVERED,0
2914,1494,,200000.0,PENDING,0
2915,1114,124,330000.0,DELIVERED,0
2916,1699,,260000.0,PENDING,0
2917,1021,178,70000.0,ASSIGNED,0
2918,1968,242,140000.0,DELIVERED,0
2919,1494,248,190000.0,ASSIGNED,0
2920,194,,340000.0,PENDING,0
2921,4,,370000.0,PENDING,0
2922,793,100,330000.0,ASSIGNED,0
2923,1265,84,330000.0,ASSIGNED,0
2924,15,162,140000.0,ASSIGNED,0
2925,519,86,230000.0,DELIVERED,0
2926,1531,27,60000.0,ASSIGNED,0
2927,621,366,200000.0,ASSIGNED,0
2928,1540,172,270000.0,ASSIGNED,0
2929,938,,110000.0,PENDING,0
2930,805,241,230000.0,DELIVERED,0
2931,1871,439,350000.0,DELIVERED,0
2932,871,210,190000.0,ASSIGNED,0
2933,595,,120000.0,PENDING,0
2934,132,,240000.0,PENDING,0
2935,734,305,240000.0,DELIVERED,0
2936,222,493,100000.0,ASSIGNED,0
2937,1253,370,340000.0,DELIVERED,0
2938,303,,190000.0,PENDING,0
2939,1462,,270000.0,PENDING,0
2940,1280,350,120000.0,ASSIGNED,0
2941,242,,370000.0,PENDING,0
2942,1556,,270000.0,PENDING,0
2943,1424,168,270000.0,DELIVERED,0
2944,1282,275,270000.0,DELIVERED,0
2945,649,87,390000.0,ASSIGNED,0
2946,1205,,280000.0,PENDING,0
2947,389,198,270000.0,ASSIGNED,0
2948,940,142,220000.0,ASSIGNED,0
2949,1321,64,150000.0,ASSIGNED,0
2950,1916,,180000.0,PENDING,0
2951,1035,180,180000.0,ASSIGNED,0
2952,1009,430,310000.0,DELIVERED,0
2953,807,324,120000.0,DELIVERED,0
2954,1364,71,370000.0,ASSIGNED,0
2955,1918,71,340000.0,ASSIGNED,0
2956,253,172,130000.0,ASSIGNED,0
2957,1706,,120000.0,PENDING,0
2958,1690,,220000.0,PENDING,0
2959,513,,240000.0,PENDING,0
2960,43,27,50000.0,ASSIGNED,0
2961,1845,137,180000.0,DELIVERED,0
2962,280,,360000.0,PENDING,0
2963,817,,380000.0,PENDING,0
2964,1528,,260000.0,PENDING,0
2965,389,,190000.0,PENDING,0
2966,1883,120,120000.0,DELIVERED,0
2967,1696,164,340000.0,ASSIGNED,0
2968,228,,50000.0,PENDING,0
2969,77,,130000.0,PENDING,0
2970,300,41,260000.0,ASSIGNED,0
2971,1989,,90000.0,PENDING,0
2972,1036,258,60000.0,DELIVERED,0
2973,190,,380000.0,PENDING,0
2974,1682,263,230000.0,DELIVERED,0
2975,317,189,380000.0,ASSIGNED,0
2976,462,255,80000.0,DELIVERED,0
2977,1644,328,230000.0,ASSIGNED,0
2978,537,102,340000.0,ASSIGNED,0
2979,1013,44,200000.0,DELIVERED,0
2980,864,27,130000.0,ASSIGNED,0
2981,1199,164,390000.0,DELIVERED,0
2982,809,481,280000.0,DELIVERED,0
2983,1679,88,180000.0,ASSIGNED,0
2984,423,405,270000.0,DELIVERED,0
2985,564,406,340000.0,ASSIGNED,0
2986,131,5,340000.0,DELIVERED,0
2987,563,75,150000.0,ASSIGNED,0
2988,1874,389,230000.0,DELIVERED,0
2989,1537,352,330000.0,DELIVERED,0
2990,1491,82,190000.0,DELIVERED,0
2991,1895,,150000.0,PENDING,0
2992,1294,203,360000.0,ASSIGNED,0
2993,1731,126,70000.0,DELIVERED,0
2994,213,383,120000.0,ASSIGNED,0
2995,1624,,60000.0,PENDING,0
2996,1809,422,80000.0,ASSIGNED,0
2997,588,338,280000.0,ASSIGNED,0
2998,929,,320000.0,PENDING,0
2999,295,198,120000.0,DELIVERED,0
3000,1666,,320000.0,PENDING,0
